"source","database_or_file","run_id","record_id_or_number","public_reference","scanner_validation_status","title","evidence_sha256"
"live_dast","aespa.db","35","1193","BPIJ-008","confirmed","Sensitive Information Disclosure via Unauthenticated Health Endpoint","48b23fdcc935f69b23619a33ab3b2b104aa07e1134ab1512aadfc1ac45ca6457"
"live_dast","aespa.db","35","1194","BPIJ-002","unconfirmed","Unauthenticated Sensitive Data Export via Admin API","ede23557cf43b885015c0c480371d650dddf3499d79ac7a2c77830f2a35eefb0"
"live_dast","aespa.db","35","1195","BPIJ-001","unconfirmed","JWT Signature Bypass in AuthService::decodeToken","27ba7ef3b2c46b33aa8b105e7fcab954e3ac9f7bd092ff2d862e7757235afe21"
"live_dast","aespa.db","35","1196","BPIJ-010","unconfirmed","Insecure Direct Object Reference (IDOR) in Transaction Detail Endpoint","26d42ff5af6aa0245c6c0004451627102ff7d772606bce613d063feed3bb6a37"
"live_dast","aespa.db","35","1197","BPIJ-004","unconfirmed","Insecure Direct Object Reference (IDOR) in External Transfer Endpoint","7b4590d65f69595c4b0ec55be3470fb2d1d1e086696e9c6fafc403927a1c1654"
"live_dast","aespa.db","35","1198","BPIJ-005","unconfirmed","Insecure Direct Object Reference (IDOR) in Profile Update Endpoint","0ffa084595cbbce750762d6ff58623ae39612d436dc6e7992cd77832e932fa81"
"live_dast","aespa.db","35","1199","BPIJ-006","confirmed","SQL Injection in Transaction Listing sort parameter","f352b6a8e512bb4ef532f9fac69d0a1dfcfc6dfe62fcf0347b6abfacda0280b2"
"live_dast","aespa.db","35","1200","BPIJ-011","confirmed","Weak Password Policy and MD5 Password Hash Disclosure","04b25fe3ee126c01e38c773358978830ab147094a08d705e5d8e8d29c95fbbc3"
"live_dast","aespa.db","35","1201","BPIJ-012","confirmed","Missing Rate Limiting on Login Endpoint","11f0f6a578608d1c1d50efa8a1a16e45d4dd1b687a7cc9d8056923dc00ce6b09"
"live_dast","aespa.db","35","1202","BPIJ-013","confirmed","Permissive CORS Policy Reflecting Arbitrary Origins","085399202c587652d7f634e34419d3103bb5853290345b89dfe7618dd0fd991b"
"live_dast","aespa.db","35","1203","BPIJ-003","confirmed","Server-Side Request Forgery (SSRF) in Profile Avatar Proxy","65650bbea68b932bd56c95ad16c18da6bd3ac083bfd73e5fb2470f5ed97347f6"
"live_dast","aespa.db","35","1212","BPIJ-014","confirmed","Permissive CORS Policy Reflecting Arbitrary Origins","71e85bfde84c5d6f9da5f7aadf2aa23336a0b76ee96720dc5a5ddae4a783f6d4"
"live_dast","aespa.db","35","1213","BPIJ-015","skipped","Web Server Version Disclosure","5f10a92bff3d37363a201e798ab2dba33440dd0594a342b7ad8adbe3387f07ea"
"live_dast","aespa.db","35","1215","BPIJ-016","confirmed","Verbose Database Error and Stack Trace Disclosure","68d0b5638116e7b065abbe02080bd08efdac02e325183e267f6b87b3100a3555"
"live_dast","aespa.db","35","1236","BPIJ-007","confirmed","SQL Injection in Admin Customer Search Parameter","340a0ad854ebb603c86c24e2ab5ae16ebaf51064d87531bfe2fbf880cb94f30e"
"live_dast","aespa.db","35","1237","BPIJ-017","confirmed","Permissive CORS Policy Reflecting Arbitrary Origins","c9a46d9c533e0d4110d8d5b010de84088354f3f886347d5c667a8ff940baffae"
"live_dast","aespa.db","35","1238","BPIJ-018","confirmed","Permissive CORS Policy Reflecting Arbitrary Origins","c21dbf52bde233bd9a06184fd47c5b0da604d449d6babacc68cc55fcdb14abac"
"live_dast","aespa.db","35","1239","BPIJ-019","confirmed","Sensitive data exposed in API response","edb161d33158e0b7e54beeca167560d456e3b930f46dc6185a54e6465196a600"
"live_dast","aespa.db","35","1246","BPIJ-020","confirmed","Use of Default Administrative Credentials","0abbc19a46734a410062c722d1166b0eb1a312058637f9d07ac9711e1088b2a3"
"live_dast","aespa.db","36","1247","ACXH-001","confirmed","Unauthenticated access to protected endpoint","01e9006837bbd21e103634b86cdce30800a0750be4dd21252b8663a49808b334"
"live_dast","aespa.db","36","1248","ACXH-002","confirmed","JWT Signing Secret Exposed in Unauthenticated Health Endpoint","ccaae97dc6f9018ffcf6106e1c086aa67834a53067e0ca343bc0418c70f29a04"
"live_dast","aespa.db","36","1249","ACXH-003","confirmed","Unauthorized role access to admin endpoint","e2e25d731e05fcae8ff88b0b9e1aa9a37f42ba42c3e5e68d4f05574e41cdf9ba"
"live_dast","aespa.db","36","1250","ACXH-004","confirmed","Unauthorized role access to admin endpoint","6d721f8e2d22bf9bcbfda22207cd128eac3e12ee3d744069eb3d4d51408cd62c"
"live_dast","aespa.db","36","1251","ACXH-005","confirmed","Unauthorized role access to admin endpoint","f2488f19f8448b0e6a9987f3b9ef6f178828518e2383dfc0eb49ad497100a4d2"
"live_dast","aespa.db","36","1252","ACXH-006","confirmed","Unauthorized role access to admin endpoint","d10cef60119d7bf971c29b724efff32d8f2a56254893e2430fcaec87b35b17f0"
"live_dast","aespa.db","36","1253","ACXH-007","confirmed","Unauthorized role access to admin endpoint","18d7f8558c55993b5a4cb442228c1d0b423990be5c92070ddc14a99589b9e9af"
"live_dast","aespa.db","36","1254","ACXH-008","confirmed","Unauthorized role access to admin endpoint","b92bcfae20d0868b2fb3928c0e4d18dcf447c8a552a59733e9beff485a490034"
"live_dast","aespa.db","36","1255","ACXH-009","confirmed","Unauthorized role access to admin endpoint","b52abc5c75bdbaa1b4de03a09b7294896535460fdbdc5b5ab1fa74b044571585"
"live_dast","aespa.db","36","1256","ACXH-010","confirmed","Unauthorized role access to admin endpoint","dd2abac2b4cea2096053af24b5674249234ff217b35fce878b3c8cec060aa629"
"live_dast","aespa.db","36","1257","ACXH-011","confirmed","Unauthorized role access to admin endpoint","b99d822d8d282c85d977d4a0fa77d1500f61f0830010d8b8d75c296bed099caf"
"live_dast","aespa.db","36","1258","ACXH-012","confirmed","Unauthorized role access to admin endpoint","f6a0af4e7c87f4fb37dae070032b64ee559ad22179b6007e621ada482fbdcda6"
"live_dast","aespa.db","36","1259","ACXH-013","confirmed","Unauthorized role access to admin endpoint","f7627cd5809450d5fdd4ce5441670dd386a6d20274b88c8b974f9ad637b33bc8"
"live_dast","aespa.db","36","1260","ACXH-014","confirmed","Unauthorized role access to admin endpoint","d59c7ce974b8331fc6879e25b5ef6dbf9ab7eec7536142f4dfb830e4588a6ada"
"live_dast","aespa.db","36","1261","ACXH-015","confirmed","Unauthorized role access to admin endpoint","cff772a22e3213dd591dc84a2401e7223bde9c48cc3522e7acf6839c43f50731"
"live_dast","aespa.db","36","1262","ACXH-016","confirmed","Unauthorized role access to admin endpoint","1367b86209e00a06ca943226485d426de30f4d4667321b3f2ed3f3bcf79ad478"
"live_dast","aespa.db","36","1263","ACXH-017","confirmed","Unauthorized role access to admin endpoint","0139c38c0c29434b0efcbf58968e9fe4d2cf60ab17df00ba6632e2f6cc780909"
"live_dast","aespa.db","36","1264","ACXH-018","confirmed","Unauthorized role access to admin endpoint","d9bc9fdb60df2ca214e7bcf7bcae9cc1c28715941f2b4b1174de24f627f8274a"
"live_dast","aespa.db","36","1265","ACXH-019","confirmed","Unauthorized role access to admin endpoint","a3288e537f8864e5cd08ad82cf180fa798dea277fb5bf8da0559e712df4f8644"
"live_dast","aespa.db","36","1266","ACXH-020","confirmed","Unauthorized role access to admin endpoint","1b8b6b6c82624a4f3e0047997c84aa8e230dfbdd8bb36a61458f9b806bf407d9"
"live_dast","aespa.db","36","1267","ACXH-021","confirmed","SQL Injection in Customer Search Parameter Allowing Data Extraction via UNION-based Attack","cc56e6ac2f4b0e74244be235f084125b3b1ea1b0eef5d272f58c45cfbc6e710c"
"live_dast","aespa.db","36","1268","ACXH-022","confirmed","Weak Server-Side Password Validation Allows Trivially Weak Passwords During Registration","d1e323ff1a4cbb7f5c80cb2196beaa987e67f35fd63265a77287ca10f5b7e97b"
"live_dast","aespa.db","36","1269","ACXH-023","confirmed","CORS Misconfiguration: Arbitrary Origin Reflection with Credentials Allowed on /api/health","709f5a2380242a94b33dcb7caf4fb6a5cdafc5455f4da5ba949aa0a80d75ee9b"
"live_dast","aespa.db","36","1270","ACXH-024","confirmed","Missing Rate Limiting on Authentication Endpoint","3bc71dabbf0e0eb8a8a5a84703c28e59cf7399ba0e82d0915f5312cf4ba0cea4"
"live_dast","aespa.db","36","1271","ACXH-025","confirmed","Server-Side Request Forgery in Profile Avatar Endpoint Leading to Arbitrary Local File Read","6bb5d75fc040cfe39543e702c4b851c198e57808bdf9dc5f28fa5a0d2ba16b37"
"live_dast","aespa.db","36","1272","ACXH-026","confirmed","Business Logic Bypass: External Transfers Processed Without Server-Side TOTP Verification","4c1f998c9eee10ac1fa14e0c50e7d01be7099e0f9620bdf112ece0c7e001978b"
"live_dast","aespa.db","36","1273","ACXH-027","confirmed","Password Hash Exposure in Registration and Profile Endpoints","51d9cb3c50b1af5d9f613e7a5a10f48fd2dc9fc9960c01d73f40da5b12174558"
"live_dast","aespa.db","36","1274","ACXH-028","confirmed","Sensitive data exposed in API response","ef8acd03deeb6e6945c51e446d78c99d05b51242a277a253a5fce275c18be652"
"live_dast","aespa.db","36","1275","ACXH-029","confirmed","Sensitive data exposed in API response","f4cd2a9eb7d71938c0d9fd74e86d89e76c3273a765a62cfbf5725b8136a6d137"
"live_dast","aespa.db","36","1276","ACXH-030","confirmed","[A05] [CRITICAL] Server-Side Request Forgery in Profile Avatar Endpoint Leading to Arbitrary Local File Read","6d2bd7f7b2f310f8b43f79b6be3da5156137f9c662e77a30427a783f361e8d57"
"live_dast","aespa.db","36","1277","ACXH-031","false_positive","[A01] [HIGH] Unauthorized role access to admin endpoint","fced159b58145676300682e452f58f3a3804f2e6528e19eddceca6eaa9c545aa"
"live_dast","aespa.db","36","1278","ACXH-032","false_positive","[A05] [CRITICAL] Business Logic Bypass: External Transfers Processed Without Server-Side TOTP Verification","522a69d09b4111458551cf16c015894c5f94d68c886194f105e61312f3142c83"
"live_dast","aespa.db","141","1491","LVGJ-001","false_positive","Unauthenticated profile API exposes customer PII and password hash","f40d0842c6ab7906892e46471c2b96a41dccf5d591ef2434735411208055ea1a"
"live_dast","aespa.db","141","1492","LVGJ-002","false_positive","Unauthenticated account API exposes account numbers and balances","a9ab4b512463a04f1d69bea08e02eb54f22c8984780cf86a948b05fcdad650cc"
"live_dast","aespa.db","141","1493","LVGJ-003","unconfirmed","Registration accepts a one-character password","17ffa2476448fe6ef3af865e22d2529e80af69c3fd7635fc788d7f685a4f06e7"
"live_dast","aespa.db","141","1494","LVGJ-004","unconfirmed","Server-Side Request Forgery with Local File Inclusion via file:// scheme in POST /api/profile/avatar","67abbcaf4c0b8d07be0f93d2a712a8c803cae9c47a7d015e5e809a9b72baa5fa"
"live_dast","aespa.db","141","1495","LVGJ-005","unconfirmed","Passwords are stored using unsalted MD5 and exposed by registration API","485b03af608d10cdcd2c44a16d82860828407da1f5816524bbb588812cbfdde6"
"live_dast","aespa.db","141","1496","LVGJ-006","false_positive","JWT 'alg=none' accepted by authentication middleware, enabling full authentication bypass and user impersonation","a6ce7e48f3fb9342b68b129870b61a49df8d8194bf3f97d44abd042137af4d08"
"live_dast","aespa.db","141","1497","LVGJ-007","unconfirmed","Login endpoint lacks rate limiting and account lockout","87b5667766f2e0f6b6a9084bf2cb8373b7c70e8423c684362fb41b64778b9927"
"live_dast","aespa.db","141","1498","LVGJ-008","unconfirmed","Login responses disclose whether an email is registered","9537d1c575a7658fc1550226c4b7738f82aa415821d5b3d41c242e1becca22d6"
"live_dast","aespa.db","141","1499","LVGJ-009","unconfirmed","Sensitive profile API reflects arbitrary CORS origins","4567fba93322ac483658504e6cb334ae0832ad22fd46fff7a657d8865ad5c42d"
"live_dast","aespa.db","141","1500","LVGJ-010","unconfirmed","Public health endpoint exposes production JWT signing secret","a989695bc3c7c56ac5231ec0bb334fb1c1d43b5788663cbab54bc669a3722e9b"
"live_dast","aespa.db","141","1501","LVGJ-011","unconfirmed","Production JWT signing secret disclosure enables arbitrary user impersonation","f8c768cf1a613c8374fff832779d52ff988c6641bf3b16883ff388be35222bcf"
"live_dast","aespa.db","141","1502","LVGJ-012","unconfirmed","JWT alg=none bypass permits unsigned account impersonation","318cf8a7f86ef5e6aae3a04307c5379010e92b5e8780643a1b5003f09081330a"
"live_dast","aespa.db","141","1503","LVGJ-013","unconfirmed","New account passwords are stored as unsalted MD5 and returned by the API","ea21a9d9216ed7c81b5980e938abb0ec22e21f6d78e4e250128630905cf24c09"
"live_dast","aespa.db","141","1504","LVGJ-014","false_positive","Unauthenticated API exposes sensitive transaction records","5487206101aedc587b05ecab625cd690fc2edc2b596bede182b15a572af36fc3"
"live_dast","aespa.db","141","1505","LVGJ-015","false_positive","Broken object-level authorization exposes other customers' transactions","8ca3a3b51c686e4a8485073c332968bbcfc436d26e1e8c74249e8951383f1214"
"live_dast","aespa.db","141","1506","LVGJ-016","unconfirmed","Loan approval workflow bypass allows direct creation of active loan accounts","745324e5b363588ed12abae1bdabb6d32390373fb8e7edb91bf7c31cdb52aa02"
"live_dast","aespa.db","141","1507","LVGJ-017","unconfirmed","Transaction API reflects arbitrary CORS origins","342ce484cafb7a79b2e96c4fc56857c2b48567b26188cdabefded62be69ee6d4"
"live_dast","aespa.db","141","1508","LVGJ-018","unconfirmed","TOTP verification allows repeated attempts without throttling","1bb62b064e8e126a6493786e345b4d1a1efb23a96367241a7875c00eb920429b"
"live_dast","aespa.db","141","1509","LVGJ-019","unvalidated","Manual external transfers bypass required TOTP verification","dff7b93fc4ef32707c12c4d89b533ab09dd149ea10fcd7fb2d79da5359b03b1e"
"live_dast","aespa.db","142","1510","OXXY-001","confirmed","Server-Side Request Forgery in Profile Photo Import","ac001f98df07436a05f54087426717a6a0a58bb6cfe1ed5d3559f9f3e0a30d90"
"live_dast","aespa.db","142","1511","OXXY-002","confirmed","Profile API Exposes Password Hash and TOTP Secret Field","946cc47259cd973f21c46472a9de15888a2d90863ff7f14eda4e8e376fba346b"
"live_dast","aespa.db","142","1512","OXXY-003","confirmed","Registration API Accepts Single-Character Passwords","96c1af0b003f266c2819535be27d95896280cad053e096ba57ceece1e17cd5ff"
"live_dast","aespa.db","142","1513","OXXY-004","confirmed","Registration Stores Passwords as Unsalted MD5 and Exposes the Hash","de32b8d09bba5632eabb0e8ad93ee35bd165bcedf9e927a724ba22b23509544c"
"live_dast","aespa.db","142","1514","OXXY-005","confirmed","Customer Login Lacks Brute-Force Protection","d1fd171b727fb50661320eabc613d187a25157ec4488a4bb40863d26a8addf2a"
"live_dast","aespa.db","142","1515","OXXY-006","confirmed","Login Error Responses Enable Customer Email Enumeration","f5a859637ef21ba2eb68ddb158705f51736a2cd2bb566eb2feb0c7c334008d5d"
"live_dast","aespa.db","142","1516","OXXY-007","unconfirmed","External Transfers Bypass Required TOTP Verification","cab66747567073f4631cc754231646ff4b2ad9dc5b4430540c6b543dd22eda0e"
"live_dast","aespa.db","142","1517","OXXY-008","confirmed","Transaction Detail Endpoint Exposes Other Customers' Transactions","e9d89d36a94caab293a550a2f56957f539d109dabbb81d0da57cd28b64064e60"
"live_dast","aespa.db","142","1518","OXXY-009","confirmed","Profile API Reflects Arbitrary CORS Origins","e4e0498411d34af965bc722ed850817a0c8e05bc578355b6e61ead0067b97853"
"live_dast","aespa.db","142","1519","OXXY-010","false_positive","Customers Can Create Active Loan Accounts Without Approval","8c03f883bc2b7b2df901a2ae5c93cb0092d18b5a33c145a9be8243e2ae47c02d"
"live_dast","aespa.db","143","1520","NKVD-001","confirmed","Public /api/health endpoint exposes JWT signing secret and database credentials","375a902989d6d66c7649fadc0f769d25e4502cd388e4d22e191d301457f5e954"
"live_dast","aespa.db","143","1521","NKVD-002","false_positive","Unauthenticated /api/profile discloses bcrypt password hash and TOTP secret field","6a1ec6b566461404d87bbaa661d4d5f3933540b931eeb54ed29622386f2fddf1"
"live_dast","aespa.db","143","1522","NKVD-003","false_positive","Unauthenticated /api/accounts endpoint discloses customer bank account details (BSB, account numbers, balances)","317e81d9290fba24bdf785dd1f0b2025de1fcf4284d402015cf43a94f535f747"
"live_dast","aespa.db","143","1523","NKVD-004","false_positive","Missing authentication on customer API endpoints exposes transaction history and saved payees","7b780049866bc2666210f29b12a06431397fe6c0b5a32c133a85c018a0687d73"
"live_dast","aespa.db","143","1524","NKVD-005","false_positive","Unauthenticated SSRF in /api/profile/avatar with full content reflection","c784cefdfe4c9124b78b8f8b9a0b8d68c1638533d701a780bf43d370b4bf238a"
"live_dast","aespa.db","143","1525","NKVD-006","confirmed","Public /api/health endpoint exposes JWT signing secret and database credentials, enabling complete customer authentication bypass","848b2794948ac3ee9043fb1e9b170a39ad55b04ac8732cc00e4448455021788d"
"live_dast","aespa.db","143","1526","NKVD-007","false_positive","Unauthenticated /api/accounts/{id} endpoint exposes customer bank account details (BSB, account number, balance, transactions)","995e8c5f2cb21ba5fd28b99a0d6aa1c6fc1763b12be241b2fe38dfc1b6f517e6"
"live_dast","aespa.db","143","1527","NKVD-008","confirmed","IDOR in PUT /api/profile allows arbitrary user profile modification via user_id body parameter","a8e38ad402947e281da428fc879c607badcbfdde5fd6633a16039fb90d894e00"
"live_dast","aespa.db","143","1528","NKVD-009","confirmed","AuthService::decodeToken does NOT verify JWT signature - any forged token accepted","23ea138c4f3ed0ab83f4b53267b295b011cc595ebe9400694260d14f892c7e9b"
"live_dast","aespa.db","143","1529","NKVD-010","unconfirmed","Workflow bypass - /transfers/external does NOT enforce TOTP code even though /transfers/check claims it is required","1fe2fb8fdf364879bf1b0fcdcede7e1946d979ba6cc4b38068a1869933c548f1"
"live_dast","aespa.db","143","1530","NKVD-011","confirmed","Weak password policy and unsalted MD5 password hashing on registration","6d07b4aa5473f073495f0196203c488aa5cca36a084bbf9a4ef02e88682cef24"
"live_dast","aespa.db","143","1531","NKVD-012","unconfirmed","External transfers settle to non-existent destination accounts - funds debited without settlement validation","f5389b3387860bdf0cd05d3b9b72d56024852af38f58e53c6e8edcdea20a7b3f"
"live_dast","aespa.db","143","1532","NKVD-013","false_positive","Missing authentication on customer API endpoints exposes transaction history and saved payees","06e51c2d2f5179fa0e47aae14e16651b052744404aa59253039afb5ba4549515"
"live_dast","aespa.db","143","1533","NKVD-014","confirmed","Missing rate limiting and account lockout on /api/auth/login","120615d388dda6cc1500a3d1c7a9a66463d88a8eaac014f67b080a068a6224fd"
"live_dast","aespa.db","143","1534","NKVD-015","confirmed","Permissive CORS configuration reflects arbitrary Origin header","110495a545428cc8e352e21e2ea5b11a3a6aa4892f25c7e00871828ad5c231f1"
"live_dast","aespa.db","143","1535","NKVD-016","false_positive","Missing security headers on /banking/ and /admin/ SPAs (CSP, X-Frame-Options, HSTS, Referrer-Policy)","b5e2ef7c820e7be0630fa5e5b8089c5e52f0d67638652db6605deffb7edc35b4"
"live_dast","aespa.db","143","1536","NKVD-017","unconfirmed","Stored XSS via profile name fields (first_name, last_name) - no HTML escaping in PUT /api/profile","2b9a29acf42eb00859bff2e5109875955dbd91147e43c544e531cafaef422745"
"live_dast","aespa.db","143","1537","NKVD-018","confirmed","Missing balance validation in external transfer endpoint allows arbitrary account overdraft","847301d6cf25eb699b832e2c5149d00edc698e963903bf969b7c6beadb4cb113"
"live_dast","aespa.db","143","1538","NKVD-019","false_positive","FX rates and conversion endpoints accessible without authentication","b7c1bbaf9485ee01161c3bf34d55452f52421896efb7add9e98fbd123ec51dfc"
"live_dast","aespa.db","143","1539","NKVD-020","confirmed","Permissive CORS configuration reflects arbitrary Origin header","bed745df3673677e62b7ec32bd1ef29f28ac93fe9bfd8279da9d566d2f50203b"
"live_dast","aespa.db","143","1540","NKVD-021","false_positive","Verbose PHP Stack Traces Returned in 500 Error Responses","4c0ba4823f14551ff541db68c3f5520e45e51c058e894edb77c3e952a2199749"
"live_dast","aespa.db","143","1541","NKVD-022","skipped","Server and PHP Version Disclosure in Response Headers and Body","af9d39730aa029c05c9b763496faa2156e91dffe8dc082cca380825ae7db74e6"
"live_dast","aespa.db","143","1542","NKVD-023","confirmed","Common credentials authenticate to customer and administrator accounts","329ccab8d091f9e3e5e9aca6a035b5f72b80c18bdc1e803fcae20587e0d44966"
"live_dast","aespa.db","143","1543","NKVD-024","confirmed","Credentials and bearer tokens are transmitted over cleartext HTTP","a20b106fc27213c724deb5d056f2c414a01d43642d39c459d439028145c97ace"
"live_dast","aespa.db","143","1544","NKVD-025","unconfirmed","Unauthenticated /api/profile discloses bcrypt password hash and TOTP secret field","520ee04451ae5b673a847ea11f382714b74d7aaf5a14b9262cf034ecc6e6fc41"
"live_dast","aespa.db","143","1545","NKVD-026","unconfirmed","Verbose PHP Stack Traces Returned in 500 Error Responses","1007a98cef544ef9ea8605e29b526993aaa6688cab54ae9e1777cccb5d414e3f"
"live_dast","aespa.db","143","1546","NKVD-027","skipped","Server and PHP Version Disclosure in Response Headers and Body","dc82258fcf4256705789213b3cc5de6842bc208fb4e3ee9f314c2c8a4ad657c5"
"live_dast","aespa.db","143","1547","NKVD-028","false_positive","Permissive CORS configuration reflects arbitrary Origin header","edd170acd58a939bb782a8a9c27fc1f0fa817b17388b9f8bcd483c0ed9effba4"
"live_dast","aespa.db","143","1548","NKVD-029","confirmed","Default Admin Credentials Grant Full Administrative Access","615ff41489c681743f95d684c63b1811a10bf5e0566910a37d44cfcae79f42df"
"live_dast","aespa.db","143","1549","NKVD-030","confirmed","Default Admin Credentials Grant Full Administrative Access","08d6b63ab01e3bfc986b4037f712163a5eb573c6ed9cc8705086d2c90ca9f87b"
"live_dast","aespa.db","153","1567","VWFY-005","confirmed","Unauthenticated /api/health discloses JWT secret and DB credentials","114779af279e1939dbc9538cc8af6692e1ededd1ce45e0d6539ce78633577854"
"live_dast","aespa.db","153","1568","VWFY-004","confirmed","BFLA: unauthenticated full data export of all users, accounts and transactions","8f7bc7c08b73a70d71e29472cf55ba19801d983ece60fcd8db51305e96c31390"
"live_dast","aespa.db","153","1569","VWFY-007","confirmed","MD5 password hashing (and bcrypt bypass via 32-char hash branch)","d7a95a99d0a32ad41ca4c021d786a8e1bee91c44c6e1732c84522d995f0f35cc"
"live_dast","aespa.db","153","1570","VWFY-011","confirmed","password_hash and TOTP secret leaked in every auth/profile response","098a3058f272e215ab373ab8abbb1c493ee9d2768252b94e5c11023b71e38ea6"
"live_dast","aespa.db","153","1571","VWFY-009","confirmed","SQL injection via sort parameter in transaction list","013f4813cf58e69983334ada7ce053792b1a59daab0fcd463a601779e94a1738"
"live_dast","aespa.db","153","1572","VWFY-014","confirmed","Exception handler discloses file path, line, and full stack trace","74b4514602557220e39c193b08cfe397d2fce126723bd0ee219b19f71c1d7eac"
"live_dast","aespa.db","153","1573","VWFY-006","confirmed","Customer JWT tokens never signature-verified (broken authentication)","2b137c79a32bc2338c636f4c626539850c8e348982afefd5d66e844bc447e3c5"
"live_dast","aespa.db","153","1574","VWFY-003","confirmed","BOLA: profile update allows modifying any user via user_id","7ef0bd77bb8b0ecd2615846702255feabee71899e01031683c45936962cfabac"
"live_dast","aespa.db","153","1575","VWFY-008","confirmed","BOLA: external transfer debits any account id (no source ownership check) + no balance check","a3c5450fc97b9bba888c698b3f576cc25bb6568aee87c632a349b9ca3f34dfef"
"live_dast","aespa.db","153","1576","VWFY-012","confirmed","BOLA: GET /api/transactions/{id} returns any transaction without ownership check","2e9bb8a7b4f597e48ca5d45929265f7cebbe1ac92cf2c6c76496a5bc6baf85a9"
"live_dast","aespa.db","153","1577","VWFY-015","confirmed","Unauthenticated /api/health discloses JWT secret and database connection details","3e725e18250ce17697512190973ed93ccfe9e7b4f0e128b93b05991de2036b5a"
"live_dast","aespa.db","153","1578","VWFY-016","confirmed","Unauthenticated Export of Full User, Account, and Transaction Data","0ad7d1521bc1b7f7bb186013e7bf7af6ef82094aa47c3cf37a8441519ff8ffa8"
"live_dast","aespa.db","153","1579","VWFY-017","confirmed","Customer JWTs accepted without signature verification","364ab5c36a599c702f993369625b6106acdb993c2c53dd87c8df0c1daa56ba0d"
"live_dast","aespa.db","153","1580","VWFY-018","confirmed","BOLA: Arbitrary user profile modification via user_id in PUT /api/profile","7acbd35952e9d6d30f7e8ca0579e808c29d1f1965feffab5d2de0ca0482b1978"
"live_dast","aespa.db","153","1581","VWFY-019","confirmed","Password hash and TOTP secret exposed in auth and profile API responses","74cbe817a9cd991334f875444e120effeadd56b7c86fef288a86454413fe1f55"
"live_dast","aespa.db","153","1582","VWFY-020","confirmed","Unsalted MD5 password hashing exposed during registration","314fc8100719981fb9a81960e33159d39ff33bae2f1cf2cbcd8fabaad46a981c"
"live_dast","aespa.db","153","1583","VWFY-021","confirmed","Broken Object Level Authorization on /api/transactions/{id}","be3c124b1b70f110aabd712a60154ae04b7698e859c394bcbe7ec986f72210ee"
"live_dast","aespa.db","153","1584","VWFY-022","confirmed","External Transfer Endpoint Debits Non-Owned Accounts and Allows Overdrafts","7a9a226df2c339843c1e46113ed44bf2c23520df80d2b2c4e5ec2570de662542"
"live_dast","aespa.db","153","1585","VWFY-002","confirmed","SSRF: avatar proxy fetches attacker-controlled URL and returns full response body","e8802c7b86736a7fef0681d9ad77ded5f30fe4d8d2cc09ea99708d9755120c3e"
"live_dast","aespa.db","153","1586","VWFY-024","confirmed","SQL Injection in Transaction List Sort Parameter (ORDER BY)","afb1c34489d54eec1e457c461fbe537bc8f03144b8f2765d311264b0f6067306"
"live_dast","aespa.db","153","1587","VWFY-001","unconfirmed","SQL Injection in Admin Customer Search Parameter","8a9bb484727e711a0a0fe92197a99be40f1e4a078d6545c5855bc5b400217881"
"live_dast","aespa.db","153","1588","VWFY-026","confirmed","Exception handler discloses absolute file paths, line numbers, and PHP stack traces","41335d8a48efdcd491159201dcdf0bd41225db213b41bbeee239f309d791b20c"
"live_dast","aespa.db","153","1589","VWFY-027","confirmed","CORS reflects arbitrary Origin with Access-Control-Allow-Credentials: true","f87e7a0ba1e78125b56cf4648aac438e55575d641b54dcc25acdb452969e93ec"
"live_dast","aespa.db","153","1590","VWFY-028","confirmed","Registration API accepts weak and 1-character passwords","713d56c410e0d9263871e26c27fdd1b5affef505de74880b6437cbcf10287a76"
"live_dast","aespa.db","153","1591","VWFY-029","confirmed","Login endpoint lacks rate limiting and account lockout","ad333e14b716af08331fe87c980b94568a1e56ec4f572477e36c491d86f116bb"
"live_dast","aespa.db","153","1592","VWFY-030","unconfirmed","User enumeration via distinct login error responses","cf76a70c15e4f93339cf32d1dbdf00797b09f98cc9270f74396a5daeacffcf22"
"live_dast","aespa.db","178","1640","XASX-001","confirmed","Unauthenticated admin export endpoint exposes full users, accounts, and transactions data","41e6c4351d85d2034c1d558fa7f858a0cb1fb7a0b42319a4c147a22ae26472d6"
"live_dast","aespa.db","178","1641","XASX-017","confirmed","Unauthenticated /api/health Endpoint Exposes JWT Signing Secret and Database Account Details","90d4685590d48b902ba53e6545d258c9c6eaac36e8375b159c10f1cf3938c5f6"
"live_dast","aespa.db","178","1642","XASX-002","confirmed","JWT signature not verified for customer authentication","8792121d4e341dce70258e6f654a16018b974033bdcdffcd7a78231992f9fed7"
"live_dast","aespa.db","178","1643","XASX-006","confirmed","IDOR in external transfer allows debiting other customers' accounts","fe523c57ddbb59cbc6b74491d02a8f5bec1dd01084f7a4987023c87b637b8a2c"
"live_dast","aespa.db","178","1645","XASX-008","false_positive","Outbound External Transfer 2FA (TOTP) Bypass","b13f53f16e356d47d22efb52f1373f23016116b6f945f0dbe8518a7f8ee65c5c"
"live_dast","aespa.db","178","1646","XASX-004","confirmed","Authenticated time-based SQL injection in /api/transactions sort parameter","c44e7c83dace4d1e8ebea56c2ca5762d379cffb9f4e5de02aceac1b0b720ea98"
"live_dast","aespa.db","178","1647","XASX-003","confirmed","SQL Injection in Admin Customer Search Parameter","1d8eb9054447c38aef1f93575187e306daee92115bc881e0bea3fa11c6ef0762"
"live_dast","aespa.db","178","1648","XASX-005","confirmed","Broken object level authorization allows authenticated customers to read other customers' transactions by ID","464e3e9a09383429ad476d7193c6e9d8afb591b277d4abcad3cbd32248d1904f"
"live_dast","aespa.db","178","1649","XASX-009","confirmed","IDOR in /api/profile allows authenticated users to update and read other users' profiles","45382e898ef23786d780ffdd1f00a400018a838c719ddb6ef44bb9225aa717a4"
"live_dast","aespa.db","178","1650","XASX-010","confirmed","User serialization exposes password hashes and TOTP secrets in profile and auth responses","e213d2c8ed01cd9b33577cb7676a9595f34257dc1ca4fbc5499b617547626462"
"live_dast","aespa.db","178","1651","XASX-007","confirmed","Avatar proxy endpoint enables SSRF and local file disclosure via file:// stream wrapper","ee32cccde25c7bc403ba05f8ee03cfe2c977d1e7ae8b14a537568f7a12c7ddcc"
"live_dast","aespa.db","178","1652","XASX-011","confirmed","Global exception handler discloses SQL error details, absolute file paths, and stack traces","5e1457cdd474f1ad7846a430a4882645ab459008736edea01f6015af9edf2a4f"
"live_dast","aespa.db","178","1653","XASX-014","confirmed","Default/Hardcoded Admin Credentials on Public Admin Login Endpoint","b611bbc4f79cc2afb7ae449b1a803d3552de5bcae7454dfaeea07b1479f7475b"
"live_dast","aespa.db","178","1654","XASX-013","confirmed","Unconditional CORS Origin Reflection with Access-Control-Allow-Credentials: true on API Endpoints","d05e775553b25cc97b9283cf4f4b3596630418ddcfa5634ac8c66540b28f8810"
"live_dast","aespa.db","178","1655","XASX-031","confirmed","Registration endpoint accepts a 1-character password without server-side password policy","9235a9875573c300d98938e873c93ee17142ca74bae8fa1b4a3466a07b84e7e3"
"live_dast","aespa.db","178","1656","XASX-032","confirmed","User Enumeration via Distinct Login Error Codes and Response Timing","7ae14de0659234ee003519fce03ececbea53d29ebcd9e0ae07d1f6669793c779"
"live_dast","aespa.db","178","1657","XASX-033","confirmed","No rate limiting or account lockout on login endpoints","6cd74a63dbf56055e9c371a87c4c4911d6eed2e7b1e790a88cf0089b76f7de6d"
"live_dast","aespa.db","178","1658","XASX-015","unconfirmed","Destructive database reset endpoint protected only by weak admin credential and fixed confirm string","34a7f4239a1e50e526bb858aef7eb9d58fcd3fe7a10df22a9b0ce1a82b1a96f4"
"live_dast","aespa.db","178","1659","XASX-035","skipped","Missing browser security headers on banking SPA entry points","460f642e3d2ea97b39627c744265ffc4b263681f098fa21d747f24712956c451"
"live_dast","aespa.db","178","1660","XASX-012","confirmed","Weak unsalted MD5 password hashing with live MD5 login verification","5fa367a4fca6e40f99a5eaf38fc3d4972b4e0bb8dc41652741626f6747f157c4"
"live_dast","aespa.db","178","1661","XASX-037","unconfirmed","Stored XSS via unescaped transaction description in account detail view","d0255232f447ef9576665a54cb0d9084c1ee8118db03df3b0b52b3bc57022d6a"
"live_dast","aespa.db","198","1696","ZVYO-001","confirmed","Unauthenticated /api/health Endpoint Discloses JWT Signing Secret and Database Credentials","ee6b2f3b563be4661f9e0bf7181af69bd0bb5938d5e7025f71d8bd64aca5b884"
"live_dast","aespa.db","198","1697","ZVYO-002","confirmed","Authentication Bypass via Forged JWT Using Leaked Signing Secret - Full Account Takeover","07c150b115f284a5edda5e8b1204476e25c7d82ff355d8c8978af55b3cf7f23e"
"live_dast","aespa.db","198","1698","ZVYO-003","confirmed","Sensitive Data Exposure: bcrypt Password Hash and TOTP Secret Returned in /api/profile Response","5c221d4e6c2395031b6c29fc26d13e99808ae5f8417cc5b32dd87c585789aad3"
"live_dast","aespa.db","198","1699","ZVYO-004","unconfirmed","SSRF in Avatar-Upload-by-URL Feature - Blocklist Bypass via 'localhost' Hostname Allows Full Read of Internal Service Content","4e245ceb37f05b25f923a1927ff473783f5a3c1dc4cc4828506c58ccf91596f9"
"live_dast","aespa.db","198","1700","ZVYO-005","confirmed","DOM-Based XSS via Unescaped source_url Reflection in Avatar Import Feature","556ffef3027fae3e5a3842aff6a3ab6b048f565e67cfdb18bb701ab9257b5b4a"
"live_dast","aespa.db","198","1701","ZVYO-006","confirmed","IDOR on /api/transactions/{id} - Missing Ownership Check Exposes Any Customer's Transaction Details","a99201e855774d161d7e43deaeda34acff566aef0ee63bf5fdf366d2aea499ac"
"live_dast","aespa.db","198","1702","ZVYO-007","confirmed","Missing Rate Limiting / Account Lockout on Login Endpoint","97a5c1f1e86c8b2992844d842d1339f36b98a76045ae34ecf7754e82df415a22"
"live_dast","aespa.db","198","1703","ZVYO-008","confirmed","User Enumeration via Distinct Login Error Codes","96a0c0d0cbec36b17cd2b0ea62be883094677a5e1184b7b43df2e02c6f2f37a9"
"live_dast","aespa.db","198","1704","ZVYO-009","confirmed","Permissive CORS Policy Reflects Arbitrary Origin","3b36c33bffdb824059b1bc592876547f63dc35e90598008d99d68678454867a6"
"live_dast","aespa.db","198","1705","ZVYO-010","confirmed","Weak/Unsalted MD5 Password Hashing for Self-Registered Accounts","9351587e289ce34c2dbd98b5cbc5e50469124b16b3abd16633f31305dfb0c7e5"
"live_dast","aespa.db","198","1706","ZVYO-011","confirmed","Weak Password Policy - No Minimum Length/Complexity Enforced at Registration","11c6995d9d23011cee080732cae1a81ce65a4cc95546abca155a3c891d85a7e4"
"live_dast","aespa.db","198","1707","ZVYO-012","confirmed","Stored XSS via Transfer Description Rendered Unescaped in Dashboard ""Recent Activity"" Widget","d9aa15d8326cc36b17ce7e127caa34c560b9ef3d67983d9709cee51aed086a10"
"live_dast","aespa.db","198","1708","ZVYO-013","unconfirmed","SQL Injection in Admin Customers Search Parameter (search) - Full Database Compromise as MariaDB root","074cb2dbb9e277c2839634d2026ed30fcd06af8b1ba1987913ac511cf1dce72e"
"live_dast","aespa.db","198","1709","ZVYO-014","confirmed","SQL Injection in Admin Customers Search Parameter Enables Arbitrary Local File Read via LOAD_FILE()","11469bd49c92c320c5fe59858730f5019ed4722f268f8943f43b5dea7c66a4cd"
"live_dast","aespa.db","198","1710","ZVYO-015","confirmed","Missing Insufficient-Funds Validation Enables Unlimited Overdraft on External Transfers","94c71bfdce6fa23aeef68f5e3bcc3ff25985d549fc2ae3cbe5d4f804068677b1"
"live_dast","aespa.db","198","1711","ZVYO-016","confirmed","Broken Object-Level Authorization on POST /api/transfers/external Allows Draining Any Customer's Account","d80d7ae114f04b388f596ba68211b4a9c2d63bd7a8dc3b82e780c0006ba76d9c"
"live_dast","aespa.db","198","1712","ZVYO-017","confirmed","[A05] [LOW] Missing Security Headers on Banking Application (CSP, X-Frame-Options, X-Content-Type-Options, HSTS, Referrer-Policy)","fbb938446ec2c5e8d68d793744a930e992c48fd098e25351a52b5387611340ed"
"live_dast","aespa.db","198","1713","ZVYO-018","confirmed","Missing Rate Limiting / Account Lockout on Admin Login Endpoint","4d497f8c50cb4cc94238eb6576c4f56910ddcdc858d3dff9c87e84c2ee6dddc6"
"live_dast","aespa.db","198","1714","ZVYO-019","confirmed","Password Hash and TOTP Secret Exposed in Login/Register/Profile API Responses","fe95e1f93e10ca0d4436a0b67c7756aa6a0bc9ac09f97c0b21062a224c94303a"
"live_dast","aespa.db","198","1715","ZVYO-020","confirmed","Missing Security Headers on Admin Panel (CSP, X-Frame-Options, X-Content-Type-Options, HSTS, Referrer-Policy)","e4b9ce29a87b6744d4b8542755c4ea4f66494a3a65716ae1f392cdf1d879f86f"
"live_dast","aespa.db","198","1716","ZVYO-021","unconfirmed","[A05] Verbose Error Disclosure - Stack Trace and Internal File Paths Returned on Unhandled Exception","fa50ebcb8f9771e867e0151e9280e551f73abcdd74bd0300449f645f8569d54d"
"live_dast","aespa.db","198","1717","ZVYO-022","confirmed","Critical: Unauthenticated /api/health Endpoint Leaks JWT Signing Secret and DB Credentials, Enabling Full Authentication Bypass","739d00885298468fec59d3e24d30a77c9ff233350d7ae023c8b46016bd63606f"
"live_dast","aespa.db","202","1742","TIVJ-001","confirmed","Password Hash and TOTP Secret Exposed in Login and Profile Responses","1445f90ec1f4ca72d74507f42fe30c493d59d5d5fc81eaf82f58aa0b0c5b684c"
"live_dast","aespa.db","202","1743","TIVJ-002","confirmed","Unauthenticated Health Endpoint Exposes Internal Configuration","7c378671f59380d7708bcfdca52a7928ecd05111b90b68265522c3ebd5b57053"
"live_dast","aespa.db","202","1744","TIVJ-003","confirmed","Server-Side Request Forgery (SSRF) in POST /api/profile/avatar url Parameter","f8d6565c310c586fba326754366911b5cbbe6aed5743c0b3b696e82113d69364"
"live_dast","aespa.db","202","1745","TIVJ-004","false_positive","Unauthenticated Access to Accounts, Transactions, and Address Book","2aeac84c9b474a6369a1b75e1fcacd2f761900058c83af8467b3349df5dcbdaf"
"live_dast","aespa.db","202","1746","TIVJ-005","confirmed","Weak Server-Side Password Policy Allows Single-Character Passwords and Login Responses Enable User Enumeration","3e563ce4b894ae43e7f07b50613129e2745a286e2f12cc9031e058d6cbde0498"
"live_dast","aespa.db","202","1747","TIVJ-006","confirmed","Missing Rate Limiting and Account Lockout on Login","87dd20c72b84c0069ba595d2f7cd9800daf8fa6cc0f347f07e9bff84aebf2ca8"
"live_dast","aespa.db","202","1748","TIVJ-007","unconfirmed","Stored Cross-Site Scripting in Transaction Description on Dashboard","5af50b66e17bb21b74fbd3fe28ecfe200ce60b05266601c06c2325fe8f7e37f9"
"live_dast","aespa.db","202","1749","TIVJ-008","false_positive","Unauthenticated Funds Transfer via /api/transfers/own","c1c668f99b4c1875049f3dd964d1d405435d929bf6cba3d2d14fce2e80ad6151"
"live_dast","aespa.db","202","1750","TIVJ-009","false_positive","Unauthenticated Insurance SSO Token Issuance","f6ca89176cb36e7a2eedc71b9fd30ba1a721c5edb0546f2b3a8c8fbfb6c9af49"
"live_dast","aespa.db","202","1751","TIVJ-010","unconfirmed","External Transfer Bypasses TOTP Verification and Overdraft Check","728744792ac825d2195a66373c7f0a1e3c0c7bdd12c442b76c78e327c14ef31f"
"live_dast","aespa.db","202","1752","TIVJ-011","false_positive","Permissive CORS Reflects Arbitrary Origin on Banking APIs","f584c31a6ea86392752646dfac6cccf9d578dbfd3d43fa33fda12c15480d5cc5"
"live_dast","aespa.db","202","1753","TIVJ-012","confirmed","Missing Security Headers and Server Version Disclosure","bc205e1b2c6cc2153d21088f40e7e9f419602f1a66fe82d651b8d680befba8a1"
"live_dast","aespa.db","202","1754","TIVJ-013","unconfirmed","Full Credit-Card PAN and CVV Exposed in API Responses","5a83debfa16d91dcbe24fa90495dad10932d48cf85907041374cca92b99c1c72"
"live_dast","aespa.db","221","1808","KHPH-001","unconfirmed","Profile API exposes password hash and TOTP field","40b95708a5c647d29ac11aeb92d87b7d75891cab7dbc960fce6ebe5f0953f785"
"live_dast","aespa.db","221","1809","KHPH-002","confirmed","Registration permits one-character passwords","05a4d640d31514989a57f92fa1deccce694205f83a529457faac19c3dd24582b"
"live_dast","aespa.db","221","1810","KHPH-003","confirmed","Registration response exposes internal authentication fields","8918d8f51096f9b7041c02a5e0d79c7a1b6b69b826ed6cc95a8fa221c0c4db8f"
"live_dast","aespa.db","221","1811","KHPH-004","confirmed","Customer login permits repeated password attempts without throttling","df5f2b95dfe6f404d8d9d407bc0ece0c0304a31fa88e8f951172804dbd7a08bb"
"live_dast","aespa.db","221","1812","KHPH-005","confirmed","Login error responses allow customer email enumeration","8d20ca407e4411b822bbab7603363f9e8d8358bcb7edd1d944ca8cc4f9d693f2"
"live_dast","aespa.db","221","1813","KHPH-006","false_positive","Administrative settings API exposes merchant machine token","a2dbbf9137308a581db300ac8a1646dd245eb8dadeb853e03ad3b421fa7aa895"
"live_dast","aespa.db","221","1814","KHPH-007","confirmed","Admin customer search discloses database errors and stack traces","5345851c5a500753728487339c262e4752a52261e2385b30723d30f416c56f79"
"live_dast","aespa.db","221","1815","KHPH-008","false_positive","Profile API reflects arbitrary CORS origins with credentials enabled","649287510168f3dca8c937d20536cd362d44b926d98e53eb8aab7cb4c8f1f8cd"
"live_dast","aespa.db","221","1816","KHPH-009","confirmed","SQL injection in admin customer search enables metadata extraction and local file read","15becf4a88137a7401211fb245cda171c79caa944dfa35a0eda25efe91a8049b"
"live_dast","aespa.db","221","1817","KHPH-010","confirmed","Unauthenticated health endpoint exposes JWT signing secret and database configuration","13c767c83eaa525d104a4d94625a129cc48245f1775bd1c6917d35ada1cc645d"
"live_dast","aespa.db","221","1818","KHPH-011","confirmed","Banking page omits standard browser security headers","d25356a9dd6f46bd15c1cb992dda7cf02b6b6719a91bdd8e4de14ba98b546c30"
"live_dast","aespa.db","221","1819","KHPH-012","false_positive","Exposed JWT signing secret allows account impersonation","d7ba71936d4d8fdcc99fe96250e35952be6f54be92de519de16d07f1861939fa"
"live_dast","aespa.db","221","1820","KHPH-013","false_positive","Default administrator credentials allow full admin access","893cf3307132c7066d67698417fff1557167f010b2b4141925b165e882dbfba4"
"live_dast","aespa.db","221","1821","KHPH-014","skipped","HTTP responses disclose exact server versions","c4a8532716301fef61b7a0a32b1c68601f7f70a9e24d1d979e51664721ca054a"
"live_dast","aespa.db","221","1822","KHPH-015","skipped","HTTP responses disclose exact server versions","cbfc8bab0e2f9844b479a6eadfb7da878cbaef48b266c5ce0fa584523b8c1ebe"
"live_dast","aespa.db","222","1823","KOCY-001","confirmed","Unauthenticated Full SSRF with Response Reflection via Avatar URL Fetch (POST /api/profile/avatar)","d12bee1dfb43266dd7604d91158dd0dcbe81960b09ab84cb35569d0eb37eaa71"
"live_dast","aespa.db","222","1824","KOCY-002","confirmed","Login API Response Exposes bcrypt Password Hash and TOTP Secret Field","385a647ac07423a82336020957491e3e01eaa69dc2b1f526ec110adfb670a8be"
"live_dast","aespa.db","222","1825","KOCY-003","confirmed","Unauthenticated /api/health Endpoint Discloses JWT Signing Secret and Database Configuration","af88246b1474bcd06831b0a030a9702f243b957ee2df1fe64a4a3cddd6a32717"
"live_dast","aespa.db","222","1826","KOCY-004","confirmed","Weak Password Policy at Registration Allows Single-Character Passwords","0f6294f3cec54512421e4f1281c752df3aa90ac353842d1c9b10ee68910f1f86"
"live_dast","aespa.db","222","1827","KOCY-005","confirmed","Passwords Stored as Unsalted MD5 Hashes and Exposed in API Responses","63d1ae7ad43038fcf0123e745b05f3220dfb622c161a91bbbbec6bfe14cd9e7c"
"live_dast","aespa.db","222","1828","KOCY-006","confirmed","Missing rate limiting / account lockout on login endpoint","7d78673187c46972ce5e5bb4caf67f825663960b868d45763e79099bc2ecb095"
"live_dast","aespa.db","222","1829","KOCY-007","confirmed","User enumeration via distinct login error messages","73e16491701964c5dbfa7d30c727721fc0280e27677abddadb046cf064b07966"
"live_dast","aespa.db","222","1830","KOCY-008","confirmed","Default admin credentials allow full admin panel takeover","9f3e888a1f64dd2a0882b837cb256acba9e9cc944f48cec6aed7302afedcdf00"
"live_dast","aespa.db","222","1831","KOCY-009","confirmed","Unauthenticated Full SSRF with Response Reflection via Avatar URL Fetch","7ba39bd103a70a4ddc5f2b789b6c919c742df3484af4f898d14334441d0abd42"
"live_dast","aespa.db","222","1832","KOCY-010","confirmed","TOTP approval gate bypass on external transfers via execution endpoint","fcfe8b390cb849a9fc145ff09a08a6ce7384f5fa595b4387c5796064600fecee"
"live_dast","aespa.db","222","1833","KOCY-011","confirmed","Full Credit Card PAN, CVV, and Expiry Exposed in Account List API Response","5e0e4f22d64061bafe874ed8f9c4d8f48e921157da5d2f3abbd5935de3b28426"
"live_dast","aespa.db","222","1834","KOCY-012","confirmed","Permissive CORS - Arbitrary Origin Reflection on Authenticated Accounts API","8988e39c8ad80d5ff1d25f885f8740217c428fed30ac97ac6d8afa7549b42ee1"
"live_dast","aespa.db","222","1835","KOCY-013","confirmed","Stored XSS via transfer description executes in banking account transactions view","2979e2704d4bc0ebb1cb6fcb82d7a52a07c27261ff47ab3dc7c80d6a9bb0c655"
"live_dast","aespa.db","222","1836","KOCY-014","false_positive","IDOR on Address Book Endpoint Allows Cross-Customer Payee Information Disclosure","d7d5874814a61e9f1b6c474f9251c22659d7b24a2b055ed7af92fe04cee65705"
"live_dast","aespa.db","222","1837","KOCY-015","confirmed","Known-vulnerable jQuery 3.3.1 and Tailwind loaded from CDN without Subresource Integrity","f8e878736730685cdf689f2d8e68109c55b2605a36c0d42022a638bc6a3033c6"
"live_dast","aespa.db","222","1838","KOCY-016","confirmed","IDOR in /api/transfers/external Allows Cross-Customer Fund Theft","5474fe83cd0a21361b6aa0d774f9c3a645c85b99873988021f01bc69e7c63f90"
"live_dast","aespa.db","222","1839","KOCY-017","confirmed","Missing security headers and server version disclosure on banking SPA/API responses","837252d0cec886a16df36a7820904d03c1d7bed1bedd73fec6cd602c8ea92844"
"live_dast","aespa.db","222","1840","KOCY-018","false_positive","Unauthenticated Account and Card Data Disclosure via /api/accounts/{id} (PAN+CVV)","cd53b2e1df7a8fcbb739d3f5e0fbb45e253f6f5c3f1eee8fd7fa41d3a1f57663"
"live_dast","aespa.db","222","1841","KOCY-019","false_positive","Unauthenticated /api/profile Exposes Password Hashes and TOTP Secret Fields","c3bf866d546f96a22bf7d2e188cd92779ef41a07fa46576305d0e1727133ca2c"
"live_dast","aespa.db","222","1842","KOCY-020","confirmed","Admin System Settings API Exposes Insurance Machine Secret","dcb96e1e945f107f3738edba128f313005f1384373c1359cf8e1327a32a2e0e9"
"live_dast","aespa.db","222","1843","KOCY-021","false_positive","CSRF Protection and Confirmation Missing on Admin Customer Password-Reset Endpoint","ca28adf182dbd4e2b08cd4813386a307ed92c7c82234a7fb4069b35d4445f460"
"live_dast","aespa.db","222","1844","KOCY-022","confirmed","Permissive CORS - Arbitrary Origin Reflection on Authenticated Accounts API","56dc1cc4a87da8af68def3edb515989aab4c31e5262e4d60d3c64cd7056e9c67"
"live_dast","aespa.db","222","1845","KOCY-023","skipped","Missing security headers and server version disclosure on banking SPA/API responses","f72487d821d213bb5d24300df4e6feb4016a787d11925d15c0e2db5596d6c3e5"
"live_dast","aespa.db","222","1846","KOCY-024","confirmed","Login API Response Exposes bcrypt Password Hash and TOTP Secret Field","ee76b9533c9b342b494e8f291ae0532e57626b541db53835ba91982e4d79dd18"
"live_dast","aespa.db","222","1847","KOCY-025","unconfirmed","Stored XSS via transfer description executes in banking account transactions view","acf463707c99d48dd7ab493d231f235691349ea6891b63149de4904accfa51bd"
"live_dast","aespa.db","222","1848","KOCY-026","confirmed","Permissive CORS - Arbitrary Origin Reflection on Authenticated Accounts API","14ec95e9e2f6536b35e10b032f7b7ece8b240d65171f32b578c13a803bb8bfed"
"live_dast","aespa.db","222","1849","KOCY-027","skipped","Missing security headers and server version disclosure on banking SPA/API responses","d6236de08f46f031a7356dca30413194ad036f23feeeb2400dce0af162060586"
"live_dast","aespa.db","222","1850","KOCY-028","confirmed","Full Credit Card PAN, CVV, and Expiry Exposed in Account List API Response","dc172816428ff5da5ae637db9a92c6511a467f21efd6e8df35f2cf692746f8b3"
"live_dast","aespa.db","222","1851","KOCY-029","confirmed","Permissive CORS - Arbitrary Origin Reflection on Authenticated Accounts API","33a7713445a76f825318668be5bc12023b702e327eb277ef6e37710c185fe164"
"live_dast","aespa.db","222","1852","KOCY-030","skipped","Missing security headers and server version disclosure on banking SPA/API responses","3a5d9981bec19ae9546ea7da8b1162144b6f433b9ea4abdf4b66101c200918b9"
"live_dast","aespa.db","222","1853","KOCY-031","skipped","Missing security headers and server version disclosure on banking SPA/API responses","714e04d5432784fb998abca50a6530bb56966878f83c05edb4f8ef7487c49bd7"
"live_dast","aespa.db","222","1854","KOCY-032","false_positive","Permissive CORS - Arbitrary Origin Reflection on Authenticated Accounts API","d979a504f675fa928555208ada12792db1a3860dd2f8db017ba498978152bac2"
"live_dast","aespa.db","222","1855","KOCY-033","skipped","Missing security headers and server version disclosure on banking SPA/API responses","72c95977ec9e536af4e16f9461a505d0c90d66c34f498ed4b9704c066b5f0f51"
"live_dast","aespa.db","223","1856","MCOM-001","confirmed","Reflected SSRF in avatar URL import exposes internal services and credentials","fb5042376bcc3c7ce33a71747551eebaddbd30f3c39e21d88e631ba5b7278149"
"live_dast","aespa.db","223","1857","MCOM-002","unconfirmed","Avatar import accepts file:// URLs, enabling authenticated arbitrary local file read","c3b4981d4dd186078cc83ef78e760b877718fc716a99932a81eaffcd32d5a870"
"live_dast","aespa.db","223","1858","MCOM-003","confirmed","Unauthenticated /api/health Exposes JWT HS256 Signing Secret Enabling Authentication Bypass","e6a1d6d61a13b5531b4d5d81aea1a4b76ece6d0b645024946b19846f08b0c1a3"
"live_dast","aespa.db","223","1859","MCOM-004","unconfirmed","Weak Password Policy and Unsalted MD5 Hashing in Registration","da49008efb10bf2bb7ab76bf476d1aeadf224e5635e0d471fdc7790d21b6778f"
"live_dast","aespa.db","224","1860","URBN-001","confirmed","Unauthenticated health endpoint exposes JWT signing secret","3cb27f30fd91944d3ed166bc86ceb071d7ccd1421c718985e9f0d002d280fd2c"
"live_dast","aespa.db","224","1861","URBN-002","confirmed","Customer authentication accepts JWTs with invalid signatures","67fdf7aed04a6245d8bdde832a4385c5f8cdb715021e9dc6fba0c5d40b796b22"
"live_dast","aespa.db","224","1862","URBN-016","confirmed","Unauthenticated admin export exposes customer banking data","facbded3d3d354a1d65621fa7f239215fcec144c04f245457aefd3763e71df20"
"live_dast","aespa.db","224","1863","URBN-006","confirmed","SQL Injection in Admin Customer Search","bd0fa6d3458b1cb48193c308d17481c7fbe757a1b6509da8e749f5ee6296101c"
"live_dast","aespa.db","224","1864","URBN-018","confirmed","Authenticated SSRF through profile avatar URL import","6d9f23fe75f628fc5228e201a7433dd70bf8b1f05f002f782d63f042b04434fc"
"live_dast","aespa.db","224","1865","URBN-012","confirmed","SQL injection in admin customer search count query","b64334032c8465f156dc7332ac7db4723901beab5f7845730f5847453a9437d6"
"live_dast","aespa.db","224","1866","URBN-013","confirmed","SQL injection in admin customer search result query","baa6755c5a27e72f0b941317165bcb2a1b9915db97c37d155984782959461dc5"
"live_dast","aespa.db","224","1867","URBN-017","unconfirmed","Published fallback token grants access to the payment API","2ec07fcaa6d2b827dd0090814de8ef178cbf6f25748fd47084eb2f77b9f6cabf"
"live_dast","aespa.db","224","1868","URBN-007","confirmed","Stored XSS in account name executes on admin accounts page","ec3d93a3542facabb79ca87a4b691a3c3feef6134bd7773c7b415587db781e47"
"live_dast","aespa.db","224","1869","URBN-025","confirmed","Manual transfers bypass required TOTP verification","8253aca34ed57b27d1b02a77be44ad9cc3b28007103963ca0dcbc9f62c7501e7"
"live_dast","aespa.db","224","1870","URBN-034","confirmed","Customer login permits repeated password attempts without throttling","163c8c4e1ac249304184a08d7d7341ac981c96bcd982beee6ce377e1524928bf"
"live_dast","aespa.db","224","1871","URBN-035","confirmed","Login error responses allow customer account enumeration","e0f55c7e8915cfb557aab1cb28194b909f59f8c9e6862aa2b2057cca72a41880"
"live_dast","aespa.db","224","1872","URBN-019","confirmed","Customer passwords stored as unsalted MD5 hashes","f2dd6008174d8c4fc89725c50e1bf17ba0fbf0e8156e85c633492f587fce83bb"
"live_dast","aespa.db","224","1873","URBN-037","confirmed","Registration permits one-character passwords","5264aea0a1c5fd38eae4c368c79532112de476135ecd3212ad0863acfc434979"
"live_dast","aespa.db","224","1874","URBN-038","false_positive","Profile API reflects arbitrary CORS origins","f866ef98f19230bdef4d02604541d4d9fc991018cc8062e89a24b57518ab7a43"
"live_dast","aespa.db","224","1875","URBN-039","confirmed","Profile and authentication APIs expose password hashes","abfac59206defd8cbd6fea734986f394f42631af5b4bd42e94a274693bf6c170"
"live_dast","aespa.db","224","1876","URBN-003","confirmed","Public health endpoint exposes the customer JWT signing secret","90bc848204c34a27226eaccc225864b7b0311cc0c1517d53e9c1d0baf4ff5f56"
"live_dast","aespa.db","224","1877","URBN-020","confirmed","Login accepts weak MD5 password hashes","bdb4c17e97408ac871d7527ce0c478460c3001b1fb9db61e07f6b17265e78293"
"live_dast","aespa.db","224","1878","URBN-021","confirmed","External transfer endpoint allows unauthorized debits from other customers' accounts","862a73bffd7a2c34ceda395c453b1c3276b6dd6f0efcd920317173220228e9bd"
"live_dast","aespa.db","224","1879","URBN-014","confirmed","External transfer debits an account without checking ownership","0c17e430d49eaad2667835bd465ef818c3939d626e2a7529dea64642b384cdcf"
"live_dast","aespa.db","224","1880","URBN-022","confirmed","External transfer can debit another user's account","019273f9862adc931b1f07ec71584f351b660678cf6f76ca41626a28d2aa4664"
"live_dast","aespa.db","224","1881","URBN-024","confirmed","SQL Injection in Transaction Sort Parameter","f71cda43d6311e2514c4254344b26844e30fb950685258414748b5eb3a865d26"
"live_dast","aespa.db","224","1882","URBN-042","confirmed","Banking page lacks browser security headers","abc47f6d3c35fb197915fa1845dfef344cf87b493fdc316177bf8c475ead4337"
"live_dast","aespa.db","224","1883","URBN-004","confirmed","Published fallback token authorizes payment transfers","ed918305bce231312930cbe8b119c7647a9eb03fb1db8fa2a6c3a309e7bbe337"
"live_dast","aespa.db","224","1884","URBN-023","confirmed","Hard-coded fallback machine token authorizes payment transfers","1cadf70fa876d855023d28075ba86d0d884b6954a76dd9916c72950b0a17254f"
"live_dast","aespa.db","224","1885","URBN-015","confirmed","Credit-card CVV stored and returned in plaintext","83c15dac3a2403176b948346bffb8b769bea9aabe1ea9a70c0c5d412dd549029"
"live_dast","aespa.db","224","1886","URBN-045","false_positive","Unauthenticated account endpoint exposes customer financial data","48fb43ac4dcd32579182eae582e4a3a952f1a4226074935e2d529caa24828243"
"live_dast","aespa.db","224","1887","URBN-046","false_positive","Admin customer API reflects arbitrary CORS origins","f7bb1645e9765a5059d459f5ab11802eb05739e55390ff1d80cca427c24c899d"
"live_dast","aespa.db","224","1888","URBN-047","false_positive","Unauthenticated access to account transaction history","65e044050694f86ed0340de9d01965a70553b851bbb4bb5b58c540f285f307d4"
"live_dast","aespa.db","224","1889","URBN-048","false_positive","Transaction API reflects arbitrary CORS origins","aed793bab0806adb26006edf2a99db5725c0e0e469cf8dc22e8a49ba2aa6fc25"
"live_dast","aespa.db","224","1890","URBN-049","false_positive","Transaction API returns verbose database errors and stack traces","4bc6a4e31b37f1f5681dba8a8e6b49cb12632680c390595490e572f6a15ead0b"
"live_dast","aespa.db","224","1891","URBN-050","confirmed","SQL Injection via Transaction Sort Parameter","1b31456369db4f9267a0f22cde971e73272b377185e8c90ae4dab5e037e5bdca"
"live_dast","aespa.db","224","1892","URBN-051","confirmed","Transaction API allows arbitrary CORS origins","940ec863c1e6803cfcbbec4ee3d57af107281cde2f437c9a0ae29ab8e56d52b4"
"live_dast","aespa.db","224","1893","URBN-052","false_positive","Unauthenticated access to account transaction history","ff99ed0d6024cc5645eb387592b14f470152cfc0b216860baa74a3f037ee9087"
"live_dast","aespa.db","224","1894","URBN-053","unconfirmed","Shared default password across customer accounts","544e57bc57d5b73a6fd4aa2c9db069af4edaee552a713d0ce17cd905661c4115"
"live_dast","aespa.db","224","1895","URBN-054","unconfirmed","Default administrator credentials","583e997ef11aa0621bd4fe40964850c37598f7455739b4a8531d901d0d4a4353"
"live_dast","aespa.db","224","1896","URBN-055","confirmed","Manual transfer bypasses required TOTP verification","f0de7de6742d06db0f515efd22f103d7ff8c00ca3c82930b51a132466232a54e"
"live_dast","aespa.db","224","1897","URBN-056","confirmed","Users can create funded credit-card accounts without an approval process","913e531998933cce8a34bc59dfac221e7897037b9ba2d2fe0da8ad6bc9b595be"
"live_dast","aespa.db","224","1898","URBN-057","skipped","Server and runtime versions are disclosed","f2e352c29f952d488150055fc9cf8a46c4c712ebf93cab5558d414aae06579a9"
"live_dast","aespa.db","224","1899","URBN-058","confirmed","Profile API reflects arbitrary CORS origins","d95fa5b3a61e66d6e5ff7bea9b6c11685887a09f66a348ffbf29d356f5d28653"
"live_dast","aespa.db","224","1900","URBN-059","skipped","Server and runtime versions are disclosed","3da729c6b4b13948e606bf1af85619e8ff8928752676124445cb83537c958afd"
"live_dast","aespa.db","224","1901","URBN-060","false_positive","Profile and authentication APIs expose password hashes","1fb4a557594827abade5c172c24233dedffd0f3784826b84f5b81abb442164cd"
"live_dast","aespa.db","224","1902","URBN-061","confirmed","Profile API reflects arbitrary CORS origins","fcb6dd21080106034d7841ba6f74422107a295f6ca972e32872e0345c90e7429"
"live_dast","aespa.db","224","1903","URBN-062","skipped","Server and runtime versions are disclosed","3dd164518e44ea6add30c70637fdcbcd783d926da1fb125be273626c4f1ca2b7"
"live_dast","aespa.db","224","1904","URBN-063","confirmed","SQL Injection in Transaction Sort Parameter","ede61b444987763c838d218a00e04d4a81ba27548212f129671393d75dac53a6"
"live_dast","aespa.db","224","1905","URBN-064","confirmed","Profile API reflects arbitrary CORS origins","6b0ae15ff11781bdfd6ee76d5928186d21f367907097bcbd0a9ab348f4dc69b5"
"live_dast","aespa.db","224","1906","URBN-065","false_positive","Profile API reflects arbitrary CORS origins","6d6dc49a16b06eac5154eea4db9ce15002174b99cd5711bea34f28ed39de1431"
"live_dast","aespa.db","224","1907","URBN-066","skipped","Server and runtime versions are disclosed","5083706d1ec41b94158a6bad0a03ee02a8fe74e3117e06b80f40cc9959959c34"
"live_dast","aespa.db","224","1908","URBN-067","skipped","Server and runtime versions are disclosed","671f103c8718b899ea90bccf82be15b07d6abcd21562aafc253ef790f4a13ece"
"live_dast","aespa.db","224","1909","URBN-068","confirmed","Profile API reflects arbitrary CORS origins","d056d5d402b503deadd30409dc394fe04056c59a6535d38eb855856e73acc895"
"live_dast","aespa.db","224","1910","URBN-069","skipped","Server and runtime versions are disclosed","9f418b70c6ce41518c7e27c8ef15cc73a3d4483d0048613822e7ea3c3e057d80"
"live_dast","aespa.db","224","1911","URBN-070","confirmed","Profile API reflects arbitrary CORS origins","6fdb93c3184268ba3602eebfc5c41bcae58634176c1a027bb5224a7007b2a124"
"live_dast","aespa.db","224","1912","URBN-071","confirmed","Profile API reflects arbitrary CORS origins","390aefd0c2530a6fe34c557d49a4e0c873e95e0ec16cfcc3e6105bc4cfc78dce"
"live_dast","aespa.db","224","1913","URBN-072","skipped","Server and runtime versions are disclosed","a46a3876cdd0e28c91f542e806db6bf59c04fb74bf2ac5e1f62fc703439af707"
"live_dast","aespa.db","224","1914","URBN-073","skipped","Banking page lacks browser security headers","60f129988a0f8b6b47449c38cab5d3b8bcda346067a6bea103c8bfa6f29e0ddb"
"live_dast","aespa.db","224","1915","URBN-074","skipped","Profile API reflects arbitrary CORS origins","2d6682def1a1d31e7477813749e5f53f6641d8b4c3d0095099ab096615bbd55f"
"live_dast","aespa.db","224","1916","URBN-075","skipped","Server and runtime versions are disclosed","e083b3bb030b5520578a26f9e95ccd676eb1e5351d1c532077fdf1b6a333d613"
"live_dast","aespa.db","224","1917","URBN-076","skipped","Banking page lacks browser security headers","6baa5842a9c37bcae7b252493b22df65e97b1bd916a04d9022a2b017e919a94d"
"live_dast","aespa.db","224","1918","URBN-077","skipped","Server and runtime versions are disclosed","adfb9e5fdce3bad730e7ac4b3087be5a1d9e8fae9c2af4e916bcc71929a8e337"
"live_dast","aespa.db","235","1921","KOWT-001","confirmed","Login response exposes internal authentication fields","19ed22b19f0904087fdc94641157eabae0506d358c801d3fa26ddbd141245d48"
"live_dast","aespa.db","235","1923","KOWT-002","confirmed","Profile API exposes password hash and TOTP secret field","f1bc0d0458805c7cdb2572fc8736d2efa5a03c2704d9b22a06f22cbadd6d6715"
"live_dast","aespa.db","235","1924","KOWT-003","false_positive","Server accepts one-character passwords during registration","e18cb76c82e06617837c4c437b62c687ca413b2cb48ae0f2ba78af1e582a3a34"
"live_dast","aespa.db","235","1926","KOWT-004","unconfirmed","Registration response exposes authentication fields","b726d6edeb4aa73756e53cc06517ff8a93f891a3e227c139f96277d79b74cb10"
"live_dast","aespa.db","235","1928","KOWT-005","confirmed","Authenticated SSRF in profile avatar import","18350f0d7ce54dc620228e8a0248ea72a87944261feb3fb413067ab339fce7c4"
"live_dast","aespa.db","235","1929","KOWT-006","confirmed","Login endpoint does not throttle repeated failed attempts","a8aac1865a391a58e8f357909f8db9eed0f8435429da74f0cb8cab8125d6e28f"
"live_dast","aespa.db","235","1931","KOWT-007","confirmed","Login responses allow customer email enumeration","9accf1a66153c2bca3001fcf26c36e393e0f88cd5f329ee1020c7f0082debbb5"
"live_dast","aespa.db","235","1934","KOWT-008","false_positive","Accounts API reflects arbitrary CORS origins","715d5b19563608bcf16d7d1c745c5338e4364fe98c5f4e2aa910414865d28fd7"
"live_dast","aespa.db","235","1936","KOWT-009","confirmed","Accounts API exposes full payment card details","c02f7f8a9d3381c286f3315cb54c26c7c2c8316c803b676f1837413aa2d6211e"
"live_dast","aespa.db","235","1938","KOWT-010","false_positive","Admin customer API reflects arbitrary CORS origins","15dcf8f2cc1dbdc4c34f78cef3ee4e942d55e36a07bdd207d1bac01a54f00bd8"
"live_dast","aespa.db","235","1941","KOWT-011","confirmed","External transfers bypass required TOTP verification","616070ca7e8a48347937a5bd9f248b599b44c1113923c043a2d5bb611ed98026"
"live_dast","aespa.db","235","1942","KOWT-012","confirmed","Admin customer update exposes database errors and stack traces","8f2f2b11c78f8ec625a4116ab253e20afd71fa74fd6fd1b71ccd654140220dee"
"live_dast","aespa.db","235","1946","KOWT-013","confirmed","Public health endpoint exposes JWT signing secret and enables token forgery","2747d26eeba500399f3d3c2a0c4823371f96ade1c4d0a74390a0ba510b4e54ab"
"live_dast","aespa.db","235","1947","KOWT-014","false_positive","Unverified customer can create and disburse a loan","2c0ebff49f8626357c466af7159765cb451139325ebf4a7b0cf603d4d23a0c96"
"live_dast","aespa.db","235","1949","KOWT-015","confirmed","Unverified users can self-issue credit cards with a $25,000 limit","cca1cfa80944eb4842103c1c32b012ff358d4d9c5704dc4e5cd8a76685471669"
"live_dast","aespa.db","235","1950","KOWT-016","confirmed","Authenticated SQL injection in customer search enables database extraction and local file reads","104a2113a18ce20598ae6f3c64cc5febdcfc2a2c37a4b91445e3e9cd99310275"
"live_dast","aespa.db","235","1951","KOWT-017","confirmed","Administrator login does not throttle repeated failed attempts","d12469145e97c646fa8941882ec8bb9f60a5908bd50ac3c42371f1ea9cf21489"
"live_dast","aespa.db","235","1953","KOWT-018","confirmed","TOTP verification lacks attempt throttling and lockout","91529a316c07137d8460d8fd58cbd315b77cef358bed646c69f6d580e99eedab"
"live_dast","aespa.db","235","1954","KOWT-019","confirmed","Passwords stored using unsalted MD5","8f6752faef6aadffe2e23eba2ee49fd9108d54ddc8c19e784ac8bf901d9b8834"
"live_dast","aespa.db","235","1957","KOWT-020","confirmed","Admin interface omits browser security headers","288dec7525f2d9d005e07a305a63dd0bda9e130d264759704ae52777e0c9f748"
"live_dast","aespa.db","235","1958","KOWT-021","confirmed","Banking interface omits browser security headers","fbfc57c3a30db51e90fe8eef3c38590f60594a0743ceaf57f632a7d55630e767"
"live_dast","aespa.db","235","1971","KOWT-022","confirmed","Admin password reset accepts a common password","dbd1104fa59532dac62f1f47e485136906e4641e2ebea2afbbf3ed34563f668c"
"live_dast","aespa.db","235","1973","KOWT-023","confirmed","Transaction details accessible across customer accounts","c41bf8290aef71d7b8c01365b380f84dbee0ca31ae0d12539a781294529ec3bd"
"live_dast","aespa.db","235","1975","KOWT-024","confirmed","SQL injection in authenticated customer search","4dc9fbc9bd6013ab1c0cc490bf6259863dffa322623126dbc43c72c04586a0c9"
"live_dast","aespa.db","235","1976","KOWT-025","confirmed","Administrator credentials and bearer tokens transmitted over HTTP","6786544cd4268af4cb2792c1d9e085abf434a24a56fefabc65f031a6d705a49d"
"live_dast","aespa.db","235","1977","KOWT-026","confirmed","Stored cross-site scripting through avatar URL","4512b8bb7823f8a227e2c570497caac9e23111ce945d472efffc6096c7445a3c"
"live_dast","aespa.db","235","1978","KOWT-027","confirmed","Customer credentials and bearer tokens transmitted over HTTP","f1b685d1923ce24be94ac2542cad3bcd72688fc43652d3d03d561acde40f305a"
"live_dast","aespa.db","235","1979","KOWT-028","confirmed","Banking interface loads third-party scripts without integrity checks","9226120bf71cb040478d2b61a354165761e1699a11239a583e385013ad39bd19"
"live_dast","aespa.db","235","1980","KOWT-029","confirmed","SQL injection in customer search allows database extraction and local file reads","22d31b747a78fb0235374ffbb9b6d897d5a272adfb53be1cbc3b088c360098a7"
"live_dast","aespa.db","235","1981","KOWT-030","confirmed","Admin interface loads a third-party script without integrity validation","8852e3342a738d3aedb095b0bc4eca99c3978f566afc9e858abe8bd2b7ffbb54"
"live_dast","aespa.db","235","1982","KOWT-031","confirmed","Predictable credentials allow administrator access","696b8161a22888a59ac249dc2c4d786ff33adf9590aa36f634c64e597b47de4c"
"live_dast","aespa.db","235","1983","KOWT-032","confirmed","Multiple customer accounts use the default password ""password""","fe300a7657d06f49f495c067c0de670dfa119a29d75ef3a1eb916c5c2295210b"
"live_dast","aespa.db","235","1985","KOWT-033","false_positive","Admin accounts API reflects arbitrary CORS origins","b0e0917f15b80b7233bc1ebc57f3594144ee674bf87848b0c21885adae45ec71"
"live_dast","aespa.db","235","1987","KOWT-034","false_positive","Admin customer API reflects arbitrary CORS origins","7916006237cfd4541c16f5d7ed8abfd1aecba570c458a3acb65e2c573c41979e"
"live_dast","aespa.db","235","1988","KOWT-035","confirmed","Admin settings API exposes insurance machine token in plaintext","af2363cf3010e9fce90de1f2d6352521ffde2d71d4faa646e2cefd75582307e7"
"live_dast","aespa.db","235","1989","KOWT-036","confirmed","Admin accounts API reflects arbitrary CORS origins","6e5297fe6d0fd4a736f5b631d3532114af621ad1d329290955d7dea4b1862023"
"live_dast","aespa.db","235","1990","KOWT-037","confirmed","Admin FX-rate API reflects arbitrary CORS origins","91e31b5b9055fc98ce26203555efefa0f91dc6b583735bf15af15860f8fdb45b"
"live_dast","aespa.db","235","1992","KOWT-038","confirmed","External transfer API permits unauthorized debits from other customers' accounts","1c54915768d769017d3fc7a6f99150b3951b1504ebc36ad7be0364529cdb0193"
"live_dast","aespa.db","235","1993","KOWT-039","false_positive","Exposed machine token grants access to payment processing API","1c46935b4849b27dddc0138c08370dd1d4335fa5c561b6f487e0a0484ffa9078"
"live_dast","aespa.db","235","1995","KOWT-040","false_positive","Profile API reflects untrusted CORS origins","60ba26a5c28e82f1d22b77b6f3e20100fd045b50beac718bf2374b6a49dd5814"
"live_dast","aespa.db","235","1996","KOWT-041","unconfirmed","Exposed machine token bypasses payment transfer authentication","8972ff58886882651f4cb3daf07022f87be8713b774850874f257bab29b9958f"
"live_dast","aespa.db","235","1998","KOWT-042","false_positive","Accounts API reflects arbitrary CORS origins","8fe96d4dcc5c24959d2b515dc0ef010fbd3225b02518081551a721fe10874deb"
"live_dast","aespa.db","235","1999","KOWT-043","confirmed","Transaction API reflects arbitrary CORS origins","181983cb808f014ce03596ce3e5a2f74740b9beeb1abd16d69aab1a4597cf929"
"live_dast","aespa.db","235","2000","KOWT-044","confirmed","System settings API reflects arbitrary CORS origins","b545e9d31da08eb24f6ff658602b38cd72113589347f1b4f3cd90306f7991be9"
"live_dast","aespa.db","235","2001","KOWT-045","unconfirmed","Admin customer API reflects arbitrary CORS origins","44e3cfb3ef5719a32b752be5d5a57fc9938f27ad3a393f916838ea4fa57bcb1f"
"live_dast","aespa.db","235","2002","KOWT-046","false_positive","Transaction API reflects untrusted CORS origins","8c5c25343b316fc7d5851d390398f7d9bb5029d005828215237c39515c205542"
"live_dast","aespa.db","235","2003","KOWT-047","false_positive","Authenticated transfer preflight endpoint reflects arbitrary CORS origins","e6e1d7846e461672ac8016a953bec6c29bedace54c065419c538fb6498687cc7"
"live_dast","aespa.db","235","2004","KOWT-048","false_positive","Authenticated transfer endpoint reflects arbitrary CORS origins","434fdd605a6ee04bbfe39154c65de60af69b28476139424e7f4931583045b9a0"
"live_dast","aespa.db","235","2005","KOWT-049","false_positive","Authenticated transfer endpoint reflects arbitrary CORS origins","355b375c3ace643c94c8e8c62698fee57acbe12e11392c46266e958c1f8c41c0"
"live_dast","aespa.db","235","2006","KOWT-050","false_positive","Admin logout endpoint reflects arbitrary CORS origins","1e4bb2bdc9082a33a6c88fb6eb048b5628eb100b1393fe6514ba6ee9278b4e1a"
"live_dast","aespa.db","235","2007","KOWT-051","confirmed","System reset API reflects arbitrary CORS origins","b4fccce1d1691cf64c6acdfd648ea693113a12d387b9922da11262b62072c45f"
"live_dast","aespa.db","235","2008","KOWT-052","confirmed","Logout endpoint reflects arbitrary CORS origins","de695a3255dc6488f010a61a331218fdf464c522e21a1e450be71460e37a2c19"
"live_dast","aespa.db","235","2009","KOWT-053","confirmed","FX conversion API reflects arbitrary CORS origins","40426a93973456d7d658f8cdd518ce14562476350ac537f83ceb2dd222761905"
"live_dast","aespa.db","235","2010","KOWT-054","confirmed","TOTP setup endpoint reflects arbitrary CORS origins","40bdc2311005d7d2a2b2267271c2b45a59538743a79e431e0bd6ce6069d1bc36"
"live_dast","aespa.db","235","2011","KOWT-055","confirmed","SQL injection in authenticated customer search","3965100654eb4053d735e97c6ca007526e23c3ca5538231db12b33c778822328"
"live_dast","aespa.db","235","2012","KOWT-056","false_positive","Admin token accepted by customer authentication boundary","ac8f878579928893d6e8a49a9a14cba6d8c11d5a3b0474fdce06335a598c31d4"
"live_dast","aespa.db","235","2013","KOWT-057","confirmed","Loan issuance without approval or affordability checks","46dc04d33c4bb8fffde0d652e65b58d4f16b62829be0fbf79dec9d3c6060f035"
"live_dast","aespa.db","235","2014","KOWT-058","confirmed","Credit card issued without an approval workflow","200d7c91849991b6b960abeb952654dba294afd7bd13269febe2ba4cbc35a37d"
"live_dast","aespa.db","235","2015","KOWT-059","skipped","Server and runtime versions disclosed","3d8f9137848e774aef5cf19fe812f0ad9344a316427eefd72ce53abe4b3f26da"
"live_dast","aespa.db","235","2016","KOWT-060","false_positive","Bearer SSO token placed in a URL query parameter","dc8c59d7840773a611e42ad7abf7e1e859f3fec8f72fb03cf3b02f68658ffe47"
"live_dast","aespa.db","235","2017","KOWT-061","skipped","Server and runtime versions disclosed","0098ff13bf91a05c6b5e0f1ccb5cee7c8b4202a135886b36c2ecc83537629b5d"
"live_dast","aespa.db","235","2018","KOWT-062","confirmed","SQL injection in authenticated customer search","f38ccbfd85d9875373d539e4fd22390cb2aeff35ad9aeb798a8e1e2ca2397c57"
"live_dast","aespa.db","235","2019","KOWT-063","confirmed","Admin customer update exposes database errors and stack traces","19d533c5962dd9401125ffae30138e4f0e10ef41a9d233511f5921746c7d5f4d"
"live_dast","aespa.db","235","2020","KOWT-064","false_positive","Administrator credentials and bearer tokens transmitted over HTTP","712840f2bb62363626e204d0b01ee61701a729387e56ce934bca5a63728a98c6"
"live_dast","aespa.db","235","2021","KOWT-065","confirmed","Admin customer API reflects arbitrary CORS origins","b660237d9008c011a69b50fd92a7f45695f08da2b875b079d86043edc976660f"
"live_dast","aespa.db","235","2022","KOWT-066","skipped","Admin interface omits browser security headers","899236230d3eb04b3191ff238806c31cf6314f186c1687885aec50a8b97bbbb0"
"live_dast","aespa.db","235","2023","KOWT-067","skipped","Server and runtime versions disclosed","92ae80190ce25ebf57d8136ad48a985e4d150a8a10bffe1b5a95a8a0ac6ff161"
"live_dast","aespa.db","235","2024","KOWT-068","confirmed","Invalidly signed customer token accepted","8a03b03b11365bca76e5bd333f0f364429760fcffd830a00f93cd8b7765e47d7"
"live_dast","aespa.db","235","2025","KOWT-069","skipped","Server and runtime versions disclosed","2f2a3e26798369acc01364727698dfa757ae51d4a8ec4e658108d09baf5e92e0"
"live_dast","aespa.db","235","2026","KOWT-070","confirmed","Admin customer API reflects arbitrary CORS origins","d4a31c74b9e29adb727f70890e0c91d1d8bb99db0083497365098d0a9b092b68"
"live_dast","aespa.db","235","2027","KOWT-071","skipped","Server and runtime versions disclosed","13687a3930f9db44ab757d8e0780be948b78bf1a3362f29bb5b7c73379545dad"
"live_dast","aespa.db","235","2028","KOWT-072","false_positive","Accounts API reflects arbitrary CORS origins","c0e16005537fe6e78515d0a6aaacd792405f2de521127ec6b8e359ead667da50"
"live_dast","aespa.db","235","2029","KOWT-073","skipped","Server and runtime versions disclosed","65171cf477bae75eedcaa24475505fc8705fe860de7ce797ce0b631747999694"
"live_dast","aespa.db","235","2030","KOWT-074","confirmed","Accounts API reflects arbitrary CORS origins","3d435fc6ef9746927262bc69dde3dd426caf2e2a3b2a0d06ea4c0ba74f0030da"
"live_dast","aespa.db","235","2031","KOWT-075","confirmed","Transaction API reflects untrusted CORS origins","0c9c926c342e176d171f7ecb7a24bfd5f2c16a254d805c69772374c304c23f0f"
"live_dast","aespa.db","235","2032","KOWT-076","skipped","Server and runtime versions disclosed","404423b0f94936d662997ca8e874c89cfc6234495c9d358dbdbbd11f0263b865"
"live_dast","aespa.db","235","2033","KOWT-077","confirmed","Transaction API reflects untrusted CORS origins","51d5d94004c0d2e55f675713e04106fd181e508edf9aa18cbef0b3b790a9f4e1"
"live_dast","aespa.db","235","2034","KOWT-078","skipped","Server and runtime versions disclosed","9ce0b77866058da2ee93a9fb7dc582598b0ceb00f70443a68770b3c53a4f73a1"
"live_dast","aespa.db","235","2035","KOWT-079","skipped","Server and runtime versions disclosed","3203b7849e12150fd047bf7dae18615d95d8828167db21f7da019b4e8e4b0366"
"live_dast","aespa.db","235","2036","KOWT-080","confirmed","Transaction API reflects untrusted CORS origins","4deef2270a0b0925e99157e9c43b6da91b747c807aa90d8231dfec3d75e1ca8e"
"live_dast","aespa.db","235","2037","KOWT-081","skipped","Admin interface omits browser security headers","55b6771e04183a0ba38b16915ad95974e110743e0ee07941e402fe26ec1e666b"
"live_dast","aespa.db","235","2038","KOWT-082","confirmed","Profile API exposes password hash and TOTP secret field","a4cde753fa1eb854d8d98ef8ef663e988bcea82ed4a36089ff35f9c587c27e24"
"live_dast","aespa.db","235","2039","KOWT-083","unconfirmed","Accounts API reflects arbitrary CORS origins","554b16ad9e959aa9090259fd44695ccd2a627e2e16c8a7ce650eb64d2ff2334a"
"live_dast","aespa.db","235","2040","KOWT-084","confirmed","Admin interface omits browser security headers","1720a7b4cd0356694290acbd88a657b0695709685011a9a5a8483a4b65ac998c"
"live_dast","aespa.db","235","2041","KOWT-085","confirmed","Accounts API exposes full payment card details","b883cfdb715b7b9bf45199b31370c5f07639e41ccc1fe0da651ec045f1042c4d"
"live_dast","aespa.db","235","2042","KOWT-086","confirmed","Transaction API reflects untrusted CORS origins","1a95915b20c1765ab964f711f01e515592161820917d17dbcd8a944a4d0f6177"
"live_dast","aespa.db","235","2043","KOWT-087","false_positive","Transaction details accessible across customer accounts","ee8877ba8cbd7fc809fcc2a55fcb2d4898d9fe0c6f2f6383fdd638d6a60ecc70"
"live_dast","aespa.db","235","2044","KOWT-088","false_positive","Accounts API reflects arbitrary CORS origins","2d67199c0a8cdbe14db23f2b94938304cba5688a2bcc0bc83f03bf48a870eb4a"
"live_dast","aespa.db","235","2045","KOWT-089","skipped","Server and runtime versions disclosed","01091ff432dec1ee6f47cc84a31942d0642ef9128da9455682acfcc3f19ed431"
"live_dast","aespa.db","235","2046","KOWT-090","confirmed","Customer credentials and bearer tokens transmitted over HTTP","4dd6549bca06c24d068a5262633b9f435f5c135534fad5775bd2096156064a5e"
"live_dast","aespa.db","235","2047","KOWT-091","confirmed","Customer credentials and bearer tokens transmitted over HTTP","d5858c394ddc315dfff0c844dabd4d85cb8d3c14a48d1577ea551407ee78180f"
"live_dast","aespa.db","235","2048","KOWT-092","confirmed","Banking interface omits browser security headers","e181e722f07193527eacc2b5fe8fbf47cbde280ae05fabb16fd5ef107bbc5391"
"live_dast","aespa.db","235","2049","KOWT-093","skipped","Server and runtime versions disclosed","e82c3973b6b93f55c250ad265e83b92cac4689eb94df9d1a9a5f43f86ca9bbbc"
"live_dast","aespa.db","235","2050","KOWT-094","confirmed","Accounts API reflects arbitrary CORS origins","e0a0fc134c6eb2d4bac60b9e3efc95ff8e480084ce4d4af3a2c7f66833ba449f"
"live_dast","aespa.db","235","2051","KOWT-095","skipped","Server and runtime versions disclosed","3c644b4aa4e3a7ce27bafd6c3edc8918e1758f7d156073693b5ccafd702c2107"
"live_dast","aespa.db","241","2052","ULJJ-001","false_positive","Application is served only over cleartext HTTP","a8df0bcb4995ecdc84b583f942e23b7c41c31d3fc91cfd54138ed3ec44b76d3a"
"live_dast","aespa.db","241","2053","ULJJ-002","confirmed","Sensitive address-book data transmitted over cleartext HTTP","b94596632fa79edb9851f1023d3d3f9d082fe05afc92cbf16192c8ad0cde31fe"
"live_dast","aespa.db","241","2054","ULJJ-003","confirmed","Unauthenticated administrator user export exposes sensitive records","afdcd6d8e34cc75dbc98984a37ab97837b8ee907ff83463c8f42cdeaf67375d9"
"live_dast","aespa.db","241","2055","ULJJ-004","confirmed","Sensitive transaction data transmitted over cleartext HTTP","0dec30db34617f22b70692f982292649406661ce6be0054a0bd99af79ee7ab5a"
"live_dast","aespa.db","241","2056","ULJJ-005","false_positive","Profile endpoint accepts forged and unsigned JWTs","bba8c283ff7548ead30268e3c2aeae309a3014e269a133d43ef8e9adf6459638"
"live_dast","aespa.db","241","2057","ULJJ-006","confirmed","Admin page exposes machine authentication token without authentication","503da4a7c0cb71474a7793c3bec7fc69adf504973d0b603c0798071ffe78fc97"
"live_dast","aespa.db","241","2058","ULJJ-007","confirmed","Sensitive user export transmitted over cleartext HTTP","d98204464f34cfac782351454ac093e65445bec88af81fd927a794eaa1d39b92"
"live_dast","aespa.db","241","2059","ULJJ-008","false_positive","Account API accepts bearer tokens over cleartext HTTP","ebe3201b2062aed631c561ecf8230e42cc2de2050f454ee3edd2bb9e477bdfb6"
"live_dast","aespa.db","241","2060","ULJJ-009","unvalidated","Profile response exposes users' password hashes","ce5a9b0ba581d7322abaa3e8e8483a4dbbeb2dc6e5d009c05352619087244171"
"live_dast","aespa.db","242","2061","JUQE-001","confirmed","Unauthenticated access to banking account data","cdbfe09ce87945b226153e81dfbd643455064c2332716c44b5134a7ecd9b5f98"
"live_dast","aespa.db","242","2066","JUQE-006","confirmed","Unauthenticated access to administrative user export","711d70878e2f82187227a9b29b77f2923438084d2b693aa8f6e355d914d82420"
"live_dast","aespa.db","242","2068","JUQE-008","confirmed","Cleartext HTTP used across the banking application and APIs","1d61fe0e186bf02a96d7cc7eeed978ef735c162d3b2bb97288a4a090392429ee"
"live_dast","aespa.db","242","2077","JUQE-017","confirmed","Weak registration password policy issues live session tokens","80e37644c95b7e5869616d4316f609a303af442b4b8edf4c57baf2a66e84f4c8"
"live_dast","aespa.db","242","2083","JUQE-023","confirmed","Login endpoint lacks visible throttling after repeated failures","6bf6b6af2b5449bc431a2f5028f8818d6dd2639e0c2f20763ee22717081ea799"
"live_dast","aespa.db","242","2087","JUQE-027","confirmed","Authentication responses expose password hashes and session tokens","a61adc18624a03221a737208700d42fbe17cba99f596e4636bf09e769664c5bb"
"live_dast","aespa.db","242","2088","JUQE-028","confirmed","Admin account accepts the common password `password`","71926b15cbe5f2ce4a7d669c05e2155cf075eb8b9e95bed869574148410a1dc2"
"live_dast","aespa.db","242","2091","JUQE-031","confirmed","Login endpoint enables email account enumeration","05b75a63e0d29a670cf9244d03d3f8f786424eef68aa57153f4586981ac5161d"
"live_dast","aespa.db","242","2092","JUQE-032","false_positive","JWT signature validation bypass","2ee6ecec1e710c025320d70cce387caaafcf5b010e3a044e3f43d3d42fedbdd9"
"live_dast","aespa.db","242","2095","JUQE-035","confirmed","Bearer token stored in script-readable localStorage","c157aba7af847551b2975b3a69449cab28bd493ae3d89628ae3214f1058f768a"
"live_dast","aespa.db","242","2100","JUQE-040","unconfirmed","Address-book nickname can inject JavaScript into the delete handler","046ae133e8bc70787093bed02ccd4d37570b7810d519d3ef2cadced8496b4331"
"live_dast","aespa.db","242","2101","JUQE-041","false_positive","Unauthenticated access to admin SPA shell and assets","5fc449fa8f9fd4dc4cb32a2211c40ccf74598ec1fa4e38ad343a47a96fadb37d"
"live_dast","aespa.db","242","2104","JUQE-044","false_positive","TRACE method enabled on admin accounts route","bb6fa601b8c837491ab9dd054fe08dfbd0caff574359a39101a46437df434cd3"
"live_dast","aespa.db","242","2105","JUQE-045","confirmed","Apache server version disclosed in error responses","39e7a3d4f36fe5453923f4fb4f6841f63aeb3d0c1154f79e00557fceccf3062c"
"live_dast","aespa.db","242","2113","JUQE-053","confirmed","Verbose authentication errors disclose stack traces and server paths","9a85ea97cb8b9152767091da3960eba58b2af62e2c69da486780e138d527c276"
"live_dast","aespa.db","242","2115","JUQE-055","confirmed","Authenticated avatar import performs server-side requests to arbitrary URLs","3f43cee86aa56e2ea65bb9e24f0549d075213567a455f6fd212f80e5b52616ac"
"live_dast","aespa.db","242","2117","JUQE-057","confirmed","External transfers permit unauthorized account debits and unbounded overdrafts","ec362c5903d53d7650b8eaf13901db548ff1a27e3fcc3f47872228c2a9f22240"
"live_dast","aespa.db","242","2118","JUQE-058","confirmed","Customer updates accept stale If-Match values","04b48f897415317b388082484823101665af71c7aaf1f1e9d0c9c25008fb23d6"
"live_dast","aespa.db","242","2122","JUQE-062","confirmed","Unauthenticated health endpoint exposes JWT secret and database configuration","f3000d49b93ef9584b15212933568bb374cfcb6527710afdc6db97d3339ea845"
"live_dast","aespa.db","242","2127","JUQE-067","confirmed","Outdated and unpinned third-party JavaScript on the banking page","f428b7871deaa3d7a248f97ce19d2407e85ba1521f3b02c39899ba2402c748e0"
"live_dast","aespa.db","242","2130","JUQE-070","confirmed","Credentialed CORS reflects arbitrary origins","292bc600ae4da1d194032d143e85d0e33d94497ce7e0cb715bbe2897df6498d8"
"live_dast","aespa.db","242","2137","JUQE-077","confirmed","Missing browser security headers on banking HTML shell","8e80e828d500b51a0cb2c40d5d274cc43f638187b554d01432502063c6b0d075"
"live_dast","aespa.db","242","2138","JUQE-078","confirmed","Authenticated transfer check exposes stack traces and server paths","e89a2a94a685f4c865790c40b4801e67bc4cbf7f9764f94f4cc36058140b9b0e"
"live_dast","aespa.db","242","2140","JUQE-080","false_positive","No observable rate limiting on transfer checks","61bd177cd6503445a1adc5c44d4edda4524789a36531eeaf7e8f62945375a50e"
"live_dast","aespa.db","243","2141","VBVJ-001","confirmed","Registration response exposes password hash","a760434e609d6ab44ca71e03f0e06b9ceeeea0cb0c3c72fe041175670402ea3b"
"live_dast","aespa.db","243","2142","VBVJ-002","confirmed","Registration permits one-character passwords","0ab712a530e21977f0862ce824495234be32b2805b470c1eba76089d74823cdd"
"live_dast","aespa.db","243","2143","VBVJ-003","confirmed","Passwords stored using unsalted MD5","13de6f791491f1bb0b1ad31d332a37c49bfe63b0b3229c26373ae3498909b7d5"
"live_dast","aespa.db","243","2144","VBVJ-004","confirmed","Authenticated SSRF through profile avatar URL import","732fbbfb6ad12159740a44e62d58ffa2f9e85c5016ac953de4f45a6efa7f4658"
"live_dast","aespa.db","243","2145","VBVJ-005","confirmed","Unauthenticated health endpoint exposes JWT signing secret","3f89c5b8efaf8d8bc07242748c1330c5a99d3a3a6e278ced4e6e4ebd45d5f785"
"live_dast","aespa.db","243","2146","VBVJ-006","confirmed","Profile response exposes password hash","443739243dce81c7c0c74ada56f71c7c4fec1f0097107cb1d07b45b551f9ee1b"
"live_dast","aespa.db","243","2147","VBVJ-007","confirmed","Login response exposes stored password hash","e72579c49263f2c8845c6e46d55f25deeb9713498c16bbd555382769212fcf68"
"live_dast","aespa.db","243","2148","VBVJ-008","unconfirmed","Customer login does not limit repeated failed attempts","ecd9b61f2617f150118fbbffbdc49d03465c47b55ee6222f527bb1ac2935eb7f"
"live_dast","aespa.db","243","2149","VBVJ-009","confirmed","Login response allows customer email enumeration","e1f8fd539a064ff50436b2fc1dd5b4f85a229e0331b57bddeb0269a9a015b753"
"live_dast","aespa.db","243","2150","VBVJ-010","false_positive","API reflects arbitrary CORS origins on sensitive profile responses","2cd7cbeee2b0d48d30040dcd936ec78db898d6ccfdb15c0060d8c82d427b9ba0"
"live_dast","aespa.db","243","2151","VBVJ-011","false_positive","Customers can create and fund loans without approval","8368e495855b87e73d0db7607991669d5799c00eae0cf9745605700eb768e5a7"
"live_dast","aespa.db","243","2152","VBVJ-012","confirmed","TOTP verification allows repeated guesses without rate limiting","c66fb304fb71a575e98e16e83d7055ce8af5aa5d62cc87fde819da60ef286793"
"live_dast","aespa.db","243","2153","VBVJ-013","confirmed","Browser security headers missing from customer application","efd9c25662a621adf3cc3295daa91f999cd92778492d4a4702ce40b73ccbca8f"
"live_dast","aespa.db","243","2154","VBVJ-014","confirmed","Browser security headers missing from admin application","763aef732406b2ab7bfb62a9f61b0a654e4c248c6648ab651c3312f8d4baf452"
"live_dast","aespa.db","243","2155","VBVJ-015","confirmed","Exposed JWT signing secret allows customer impersonation","9726dff024bd2d9323ec056eccf895a8897a29355304c90692ed3b400d93a78b"
"live_dast","aespa.db","243","2156","VBVJ-016","unconfirmed","Malformed JWT exposes PHP stack traces and file paths","85d58c2ab1d74bf452f4c23024e271448cf184f5e69f4641ee0d30f3f5112ae1"
"live_dast","aespa.db","243","2157","VBVJ-017","confirmed","Insurance SSO bearer token exposed in plaintext HTTP URL","d785851f9a3c888813023365aa626f37d42229bfc0040fa719e1d2310058a794"
"live_dast","aespa.db","243","2158","VBVJ-018","confirmed","Transaction detail endpoint exposes other customers' transactions","4265f1b5e145d4856b0e6b6336fc47f0de0b4380226937c9061c470f0810f19f"
"live_dast","aespa.db","243","2159","VBVJ-019","confirmed","Admin password reset allows a common password","a29e6030ec0a14864ef9f5560f82e22d2754b95012117659d305ea65b403b95d"
"live_dast","aespa.db","243","2160","VBVJ-020","confirmed","Administrator login lacks rate limiting and account lockout","7c8c107ca4beed8384fb3d1e05c89df73d7afb09f642dc64142401383eec222c"
"live_dast","aespa.db","243","2161","VBVJ-021","confirmed","SQL injection in admin customer search enables database extraction and local file reads","d2c2825786e294a3124cb942465edc5f4edf4fc497d74d409f59b076f830f514"
"live_dast","aespa.db","243","2162","VBVJ-022","confirmed","Unpinned third-party JavaScript loaded without integrity checking","6e3496fcac79b0943769e8956b27d126da43e2dde54bb43a8e0524fe5118585c"
"live_dast","aespa.db","243","2163","VBVJ-023","confirmed","External transfer endpoint permits unauthorized debits from other users' accounts","e0be8c7c94027fa12a7abb04634d1ba4016e96148a2d9971685d6199a11c86d1"
"live_dast","aespa.db","243","2164","VBVJ-024","confirmed","Unpinned third-party JavaScript loaded without integrity checks","e95bcda81cc479f0df7a752344463ed820404541a3b566b0acc08e9a15b20442"
"live_dast","aespa.db","243","2165","VBVJ-025","false_positive","API reflects arbitrary CORS origins on administrator account responses","e81874dc807794141e8686391b02ff3960f74969761de5aa0adf15d46f23619f"
"live_dast","aespa.db","243","2166","VBVJ-026","false_positive","Administrator API reflects arbitrary CORS origins","a43db304224587b3017215355bdf837e578dd22852ef1b7fa5bd03f493e21b4e"
"live_dast","aespa.db","243","2167","VBVJ-027","false_positive","Administrator API reflects arbitrary CORS origins","d96156d1495b8abcada9a8ac968efaf35659ff9107e83b4da49e10c3021322ae"
"live_dast","aespa.db","243","2168","VBVJ-028","false_positive","Administrator settings API reflects arbitrary CORS origins","0c0cc5b1021c1d3573b98d46ebad6060fc2736986c91f0478747d35f507e7e64"
"live_dast","aespa.db","243","2169","VBVJ-029","false_positive","Administrator API reflects arbitrary CORS origins","65de09a48a2f8c455fbde774777b9a304d2e74824f11f6f393b3cd79ca8b949a"
"live_dast","aespa.db","243","2170","VBVJ-030","confirmed","Address-book API reflects arbitrary CORS origins","347196ea88ee019a57f4f0700365402242d830bb67492dd8a28d3a9f023052d0"
"live_dast","aespa.db","243","2171","VBVJ-031","false_positive","Admin balance endpoint reflects arbitrary CORS origins","217a44917cc2d1b7466918eb0d9a527f9b52387e0c67b927ed66b7fe81e9c5a3"
"live_dast","aespa.db","243","2172","VBVJ-032","confirmed","Admin login API reflects arbitrary CORS origins","d013cf876e784f154d7e85c3e31e8328a5022619dffa096c1cb74d26b22405d9"
"live_dast","aespa.db","243","2173","VBVJ-033","false_positive","Administrator password-reset API reflects arbitrary CORS origins","77bbc4a350204123545ba9775fb90f76062d10d343ef1bd7c928d95f086b1fc1"
"live_dast","aespa.db","243","2174","VBVJ-034","confirmed","JWT signing secret exposed by public health endpoint","12eb6d7f0036e572d5da3da6a28bcd4ba9115a672b935628bcafa7043e465655"
"live_dast","aespa.db","243","2175","VBVJ-035","confirmed","Default credentials allow administrator account takeover","2932c6a514e0d1fcffc007b3b4145e181fe981e49d7d205da9dc64153803a6fa"
"live_dast","aespa.db","243","2176","VBVJ-036","confirmed","API reflects arbitrary CORS origins on sensitive profile responses","2a9dcc82c793d00339f685d31efe64826a77297fc872bb246755658331d45d35"
"live_dast","aespa.db","243","2177","VBVJ-037","unconfirmed","Transaction account permits extreme negative balances","a34c46d0f13b59de25335b9752039bcf61a317209d179a4cb838e184c9e370c7"
"live_dast","aespa.db","243","2178","VBVJ-038","confirmed","Profile response exposes password hash","7f2fb11d1488c910a8516db31e17f61c3210d7e6ac8ca4a4c7fe61968d6df785"
"live_dast","aespa.db","243","2179","VBVJ-039","confirmed","Authenticated API reflects arbitrary CORS origins","f6c6b42e227c39d53886c0c294d318e4eb5c34dd7329298dafe055b86465fee1"
"live_dast","aespa.db","243","2180","VBVJ-040","skipped","Exact server versions disclosed in response headers","3dae06842cc5360adf6d4cc140a950a96c0967224ee78c8d5daddee3d50e0dae"
"live_dast","aespa.db","243","2181","VBVJ-041","skipped","Browser security headers missing from application pages","a18a035bb839f71bbae1c692c161901dfe8d205caee53372128edc9f26be6793"
"live_dast","aespa.db","243","2182","VBVJ-042","unconfirmed","API reflects arbitrary CORS origins on sensitive profile responses","0ec46e5fb57039c44b4887d5a21c11d5ab4518b1858d67f12267c3c1ec1dcef1"
"live_dast","aespa.db","243","2183","VBVJ-043","skipped","Exact server versions disclosed in response headers","b015f06f014de09750f4293929c65e1af5a06548f89d1a4fa6a2e7763e1815ab"
"live_dast","aespa.db","243","2184","VBVJ-044","false_positive","Arbitrary origins allowed on authenticated admin APIs","4c1580793981ca2f072c4801c3ecfe9926f461972475bb0f560da71dfbd35fb1"
"live_dast","aespa.db","243","2185","VBVJ-045","skipped","Exact server versions disclosed in response headers","370fc6cc6a07666f43098c856690af9efe9feb6b785bfefe5937964a3cf9202f"
"live_dast","aespa.db","243","2186","VBVJ-046","confirmed","Administrative credentials and customer data transmitted over HTTP","0d6bdc86236aefeaf3cc41ed4e8d08d1e530f69a077fdef0719cf4c4de8219ac"
"live_dast","aespa.db","243","2187","VBVJ-047","skipped","Exact server versions disclosed in response headers","5e7498e1e80d4217489e22ce72d01cc6a743565b2b9d327cda426367613e3f7f"
"live_dast","aespa.db","243","2188","VBVJ-048","confirmed","Machine credential exposed in administrative settings response","362c45854019dd7d60fa7be47584db08be6ab8889eae65106d53841379ddbbab"
"live_dast","aespa.db","243","2189","VBVJ-049","confirmed","Administrator API reflects arbitrary CORS origins","0bfb2c98ac07c85ac1b757a865bf6e3c8138560508be6f7db91f8dad24e555a1"
"live_dast","aespa.db","243","2190","VBVJ-050","skipped","Exact server versions disclosed in response headers","2a34218e6eadd9986cf83a9ab323a9447817161e3d9caecd67eded5f44bf8178"
"live_dast","aespa.db","243","2191","VBVJ-051","confirmed","Machine credential exposed in administrative settings response","96f72b02b130482e35ee00cd70ce2e7d09ceabb7ef89dfe1ff7362b652e35f7d"
"live_dast","aespa.db","243","2192","VBVJ-052","skipped","Exact server versions disclosed in response headers","8f8dfafaf4aafd53c4ae0cf5bdbe3ca8bd30664d306cb8049fc83a7e9b8b4269"
"live_dast","aespa.db","243","2193","VBVJ-053","confirmed","API reflects arbitrary CORS origins on sensitive profile responses","cddaeda1e2dd21f26cb5290f128a306e877f8979d7961c7530023001c08f90ff"
"live_dast","aespa.db","243","2194","VBVJ-054","confirmed","API reflects arbitrary CORS origins on sensitive profile responses","57fc3299e0ef9c47ff47e9f9e7d2da7515ea3ba649c31daafd590a84b7d1e806"
"live_dast","aespa.db","243","2195","VBVJ-055","skipped","Exact server versions disclosed in response headers","7b791d1f7c1a67c81b343d5babbfbc033aa0c1ce0d16b97d0685932df58b4ccb"
"live_dast","aespa.db","243","2196","VBVJ-056","skipped","Exact server versions disclosed in response headers","95303b394f873dcc8e2f81612e3c14c18895464628aa460c48bb56ca8b974278"
"live_dast","aespa.db","243","2197","VBVJ-057","false_positive","API reflects arbitrary CORS origins on sensitive profile responses","c906792aed9a6e5f354c5eae4d2ff96b93734e9d735b7f9be3995cdeff7f9c37"
"live_dast","aespa.db","243","2198","VBVJ-058","skipped","Exact server versions disclosed in response headers","891d39efc6f00ceed05a7e712b51fbb2d6037cc8b59e2577cb47d7194ba26d4c"
"live_dast","aespa.db","243","2199","VBVJ-059","skipped","Exact server versions disclosed in response headers","473c624f606df14992074b467ac0bd227641beb0b08fd458a2139b03974e3a43"
"live_dast","aespa.db","243","2200","VBVJ-060","false_positive","API reflects arbitrary CORS origins on sensitive profile responses","3f6a8be1dcf3771695d87e0762420c798bd9a7bb4cf7a4333e78c451a33f7100"
"live_dast","aespa.db","243","2201","VBVJ-061","skipped","Exact server versions disclosed in response headers","f0cb8d020a23c37ff9d6b4231ca49dc8dc075ca8355eead3ce6287d476b3c8eb"
"live_dast","aespa.db","243","2202","VBVJ-062","skipped","Exact server versions disclosed in response headers","b6ed37eac40f89958a5d86df91a1f7bf787a1ae319722ea84c6b897c09982de1"
"live_dast","aespa.db","243","2203","VBVJ-063","skipped","Exact server versions disclosed in response headers","68aa6f067e4c3788f1612dd1669a2f3f427d6e82b17b458e5415c654e6a17239"
"live_dast","aespa.db","243","2204","VBVJ-064","false_positive","API reflects arbitrary CORS origins on sensitive profile responses","2f50ce263c3c10fc886ba69cb939d771276995168692f635d6cf782a39e222b1"
"live_dast","aespa.db","243","2205","VBVJ-065","skipped","Browser security headers missing from admin application","02442cdf4616c973c38578e3296b9b1ae0fad97cab14e4a7ab1d341f005e9dca"
"live_dast","aespa.db","243","2206","VBVJ-066","confirmed","Unpinned third-party JavaScript loaded without integrity checks","5b321a9e4cb0759253c4ebea81a9b3fe3811357261178b87f528140265385401"
"live_dast","aespa.db","243","2207","VBVJ-067","skipped","Exact server versions disclosed in response headers","f9822df9d307bd079e9d6294d9a0edef77fa17aad56ffdb00f5524f47c9cf628"
"live_dast","aespa.db","243","2208","VBVJ-068","false_positive","Unpinned third-party JavaScript loaded without integrity checks","6364f185a718116959f9e355700f7386378e52654f5aa013ff1fef7b8c5e0ce7"
"live_dast","aespa.db","243","2209","VBVJ-069","skipped","Exact server versions disclosed in response headers","8a7a284959210139e1f3bc8caf5a9c756cae6be82eb74acd3c03d19a5fe63b5a"
"live_dast","aespa.db","243","2210","VBVJ-070","false_positive","Administrator JWT grants access to customer profile","6cdd875fad800ff7172781b13bbab97aa0ff206428accf51f5b537fb4e65db31"
"live_dast","aespa.db","243","2211","VBVJ-071","confirmed","Account API exposes full payment card details and CVV","0b251452ce7b23fab4858662956bec11a6ba54bcb1feb5e747eb476a82f9f31d"
"live_dast","aespa.db","243","2212","VBVJ-072","confirmed","Account detail API exposes full payment card number and CVV","26af327bc3b910b19ffa368e3ed5d870f94e049bda950a478e9f5165552d7edc"
"live_dast","aespa.db","243","2213","VBVJ-073","unconfirmed","Payment API processes card charges without customer authorization","18bb11e48fcfff29809160bd4f1017c0732ea5294d271fd499cbe3b8d0f6f835"
"live_dast","aespa.db","243","2214","VBVJ-074","false_positive","Admin token accepted by customer profile endpoint","b314c84010adba5357f34d2f5b570dfc7632ae104b8a93a104a3e5f8aa595dd9"
"live_dast","aespa.db","243","2215","VBVJ-075","skipped","Exact server versions disclosed in response headers","7c74226d94d728f67afe1e68aab9a1826345f81d501e074eb26c46cc6e662e7e"
"live_dast","aespa.db","243","2216","VBVJ-076","confirmed","Full payment card details exposed by account API","969dd8327942306b05de8e2d28a9e1e8c2ad981f6aca7f5605e68a8ebdfea1be"
"live_dast","aespa.db","243","2217","VBVJ-077","confirmed","Full payment card details exposed by account API","a850a23ae2486c9dbb71d2d72e8916183ea8d2dd5de8cdfbdbfbbc7d8a5d18a3"
"live_dast","aespa.db","243","2218","VBVJ-078","confirmed","Malformed JWT exposes PHP stack trace and server file paths","1c0dd71b2141d0e1d9dea745a0dfebda1c870701d405afdca3da5ebfaa881739"
"live_dast","aespa.db","243","2219","VBVJ-079","false_positive","Administrator JWT accepted by customer address-book endpoint","f9876a7d1bdd08c45b41bc5ac00bd53b870f85f71f232c89861d66a91ed8a7b0"
"live_dast","aespa.db","243","2220","VBVJ-080","false_positive","Administrator JWT exposes customer accounts and full card details","624b0313a5d805b0a58c04c75f97084c71194daaeffd3316184383142089a2bf"
"live_dast","aespa.db","243","2221","VBVJ-081","false_positive","Administrator JWT accepted by customer transaction endpoint","8175888c54303b756d6ff48eec1823ef461b5ae5df1c460d29de97148a65cc86"
"live_dast","aespa.db","243","2222","VBVJ-082","false_positive","Administrator JWT accepted by customer insurance SSO endpoint","821da8e3ebd31b5156003bd23f8b640e2cae1f8005ba05f578d8d26bbee7cb17"
"live_dast","aespa.db","243","2223","VBVJ-083","confirmed","Administrator JWT exposes customer TOTP enrollment secret","9475498a4879eba7b2039434d204dd80b4476a5796663f8011f5386ec64a6886"
"live_dast","aespa.db","243","2224","VBVJ-084","false_positive","Verbose exception and stack trace disclosure","bd92c3a331c70431c2d02c7106e839f4b70515363437f87ec76813630da162cb"
"live_dast","aespa.db","243","2225","VBVJ-085","confirmed","Admin tokens are accepted as customer authentication","1f741e2a0a471e8f12d4367e0ef6875ce8347e5e8d54bac2076135bedba07b0b"
"live_dast","aespa.db","243","2226","VBVJ-086","confirmed","Account API exposes complete payment-card credentials","226939f3311259910fd25529574bbf1690bd3db1172d7e6555819ddbc19a5fd6"
"live_dast","aespa.db","243","2227","VBVJ-087","skipped","Exact server versions disclosed in response headers","b6a5b764e4824c47586cc0ed076a794341e8c324818a6ae6838e20f1be244551"
"live_dast","aespa.db","243","2228","VBVJ-088","skipped","Exact server versions disclosed in response headers","d6550789f03284a534ace2fc1d4903f0a16ec648cd5f93232c73a661930ace6e"
"live_dast","aespa.db","250","2288","WFPS-046","confirmed","Unauthenticated /api/health discloses JWT secret and database credentials","407bd68e714374cdc4cb9c15fe94419d948ce5e203cc11f05a60aea3119cff0c"
"live_dast","aespa.db","250","2289","WFPS-003","confirmed","Unauthenticated /api/health discloses JWT secret and database credentials","b83f1f57a2799960c65f4d81608721191483af8b7d96d7ad3bafb41c5b90f6d9"
"live_dast","aespa.db","250","2290","WFPS-015","confirmed","Unauthenticated admin export dumps all users, hashes, TOTP secrets, and transactions","9ab349116d8d38132eabab0e0ed5e3ebb4b06c624c5772896164beca5fab395b"
"live_dast","aespa.db","250","2291","WFPS-009","confirmed","Profile and login APIs expose password hashes and TOTP secrets","fb5633c5929542e8c77fc6721b72a7f25c39fd1f715c5d4c524780441c9dd0ca"
"live_dast","aespa.db","250","2292","WFPS-020","confirmed","Customer JWT signatures are never verified","5b714021c74a38bf59fd4f95665e5108e3991dec26fe913b2e7f34d7e2dde51e"
"live_dast","aespa.db","250","2293","WFPS-062","confirmed","Full PAN and CVV stored in plaintext and returned by account APIs","9edf8487fc3a14d4a77a4b40e202cb8bda154844d18740031a14e8895605eda5"
"live_dast","aespa.db","250","2294","WFPS-007","confirmed","IDOR on GET /api/transactions/{id} exposes other customers' transaction details","2c4114a012bc988ad76dc1e8110a2517b6d278a54cff3877c4006e0629306807"
"live_dast","aespa.db","250","2295","WFPS-086","confirmed","Authenticated SSRF on POST /api/profile/avatar fetches arbitrary URLs and local files","fdee1176e5a0cfbaaa70305c0a1e79fe677c17820193eff52f23bf46f46c0b4d"
"live_dast","aespa.db","250","2296","WFPS-062","confirmed","Full PAN and CVV returned in plaintext by account APIs","a3ff6b26cef959eed2f39a7a772b90ede5fb3d78d4c2ad50649c1ab426540373"
"live_dast","aespa.db","250","2297","WFPS-006","confirmed","IDOR on PUT /api/profile allows reading and modifying other customers' accounts","cf423dc73867d739b2fee87ff509cfebe13928a31d3a16e5eeba4521c7b6ce13"
"live_dast","aespa.db","250","2298","WFPS-011","confirmed","JWT signatures are not verified, allowing impersonation of any customer","fb067e2f05eadad6f1c9dffaf07aa83bf41b89d6cfb82b556fc6fb5d6479ef21"
"live_dast","aespa.db","250","2299","WFPS-002","false_positive","Hardcoded admin JWT secret allows forging administrator tokens","2188814da8728b02f50e0fda2fc15bdc246c23de46695c32eb88344287b29f46"
"live_dast","aespa.db","250","2300","WFPS-091","false_positive","Admin system settings API returns live payment machine token","f51cd45d59ec3153e9db6868f708115e9192393bc0812d5a71da6a7cdb763a1b"
"live_dast","aespa.db","250","2301","WFPS-004","confirmed","Hardcoded machine token authenticates payment APIs","a175e07c1a2f99fcfc0bb4a3d960277c7105efb344e581f2e9cbf893e526ebc2"
"live_dast","aespa.db","250","2302","WFPS-002","confirmed","Hardcoded admin JWT secret allows forging admin tokens","911c28c04f4bcb038eadc20cbd37745406b57e102f0c34704f59330faa72e82e"
"live_dast","aespa.db","250","2303","WFPS-054","confirmed","Registration accepts 1-character passwords and stores them as unsalted MD5","0a848e9374cb8ec4b4386f73bdfae95d9f780195c5e67ddc705718a8d4f91ddd"
"live_dast","aespa.db","250","2304","WFPS-045","unconfirmed","Card payments skip CVV verification when the cvv field is omitted","fb5ec0ad8c219d9b3e00b220838f16a0f1d8197eebd5b67817cc284a57ba511d"
"live_dast","aespa.db","250","2305","WFPS-018","false_positive","Hardcoded merchant machine token authenticates payment APIs","2ca5ad70ecb25ec5e77e6417938a942ab09445faafa7dfaf379a86fc7af79a8b"
"live_dast","aespa.db","250","2306","WFPS-095","confirmed","Self-service loan origination has no borrow_amount upper bound","f9e64b17512af00204c376bd68c81b547431ce3b0af90d58738c99a7007f4188"
"live_dast","aespa.db","250","2307","WFPS-022","confirmed","Own-account transfers from credit cards ignore available credit limits","8e1827cae11bfd5d42e45153a994ba3babe9e941877ff274faaf64e52ca22e8d"
"live_dast","aespa.db","250","2308","WFPS-035","confirmed","SQL injection in admin customer search with full SQL error disclosure","ce969fea33170fae5ed63d0150f2ea551e5fa6d14bcf8bd7f6bf5ea4a1b65bd8"
"live_dast","aespa.db","250","2309","WFPS-079","confirmed","Self-service credit-card limit and loan amount have no upper bound - loan borrow_amount is validated only as decimal:2 > 0 with no maximum before upd","26efb81498b0fd54e88df869e54e702e769f61998f4863c3f010fee4aff60189"
"live_dast","aespa.db","250","2310","WFPS-077","confirmed","External transfers debit accounts with no available-balance check - transferOwn only enforces balance for account_type in [transaction, fx], allowin","2665bd41e38fc11b8877a98053a00059e72da6be8ccf860d2adb4c1517182794"
"live_dast","aespa.db","250","2311","WFPS-040","confirmed","SQL injection in admin customer search","49c310fde57e8dfdf5405b1a6b197bd4a7e90b955b47f71a63a1d9758c49d285"
"live_dast","aespa.db","250","2312","WFPS-098","confirmed","Login API enumerates registered emails via distinct error codes","9eb2f7daa77f6e23a7598d9c5fc8e9411da5e8b82bf74b2590aedf70e465114f"
"live_dast","aespa.db","250","2313","WFPS-029","unconfirmed","Stored XSS via unescaped transaction descriptions on the banking dashboard","9fb3e9758e183e447f35b08d5652611e29ae2b9fc9eeaf3dda0333dd4d3330d0"
"live_dast","aespa.db","250","2314","WFPS-100","confirmed","Customer login lacks brute-force and lockout controls","533f6d553752a86aa7143d371f77b97a6030768e8e139742287a3877ef37158a"
"live_dast","aespa.db","250","2315","WFPS-101","confirmed","Authenticated API CORS policy reflects arbitrary Origin","68610ad86e59d7688e7b89e2264aa239fb5dc8004ec81f51723174ac6b763769"
"live_dast","aespa.db","250","2316","WFPS-030","confirmed","Stored XSS via unescaped transaction description on dashboard","faa0cf87bfb5d82408356e4a7b17557d5ee8deaff5a6b680e32563346beb9056"
"live_dast","aespa.db","250","2317","WFPS-102","confirmed","Self-service credit cards accept unbounded credit_limit and return full PAN/CVV","8495824ce0163f08fb50ba6711ba44d10975c03c8d852f98aceaaa8af3897d53"
"live_dast","aespa.db","250","2318","WFPS-103","confirmed","Default administrator credentials accepted on admin login","220be48ba91e0448636776b8c8e38b9d9fea5a8656b4ab074c838527ae548f0e"
"live_dast","aespa.db","250","2319","WFPS-104","confirmed","Missing CSP, HSTS, clickjacking, and MIME-sniffing protections on HTML responses","344350af712fc17229a9a9d3810079a4bedd9f0907a959a69664ceb8c61d7946"
"live_dast","aespa.db","250","2320","WFPS-061","confirmed","Self-service credit-card limit and loan amount have no upper bound","5a5b8e12f3f8fa9839363e330cec529ab3ea28680bd770d82ae42cbae9059e4f"
"live_dast","aespa.db","250","2321","WFPS-027","confirmed","Stored XSS in admin Delete handler via customer last_name","06df493c37f29fff4f48016d6af6a917abe19b14ee63a7cb3dcc49c242698ec8"
"live_dast","aespa.db","250","2322","WFPS-014","unconfirmed","External transfer IDOR allows debiting another customer's from_account_id","747dd09ec9c0d633811d6637212acf2a1e7d40026fc2da85c00d03513deef37d"
"live_dast","aespa.db","250","2323","WFPS-023","unconfirmed","Manual and external transfers complete without enforcing required TOTP","022024da82c00de15d642f1ae91f73fc7104f06d225bb32ec218518b6ae78d54"
"live_dast","aespa.db","250","2324","WFPS-108","confirmed","Admin login endpoint has no rate limiting or lockout","aaea5d5f582d5cf52b37e7c4f87f8b04c5119b0f0daad5d23d461e56892e548e"
"live_dast","aespa.db","250","2325","WFPS-025","confirmed","Stored XSS in admin customer Delete handler via HTML-entity decoding","ebdbd96c586a791392b42d2defb5aa66ecb0d5b84db29cca353e96d927128ae2"
"live_dast","aespa.db","250","2326","WFPS-068","confirmed","Stored XSS in admin customer Delete handler via HTML-entity decoding - Registration and profile update accept arbitrary first_name/last_name with no sa","d7192edb4020c3dea19a3ac1687041bf035c881ab1a2a7c2bd8805056251b39d"
"live_dast","aespa.db","250","2327","WFPS-056","confirmed","External transfer IDOR drains any customer's source account","465548faf3b8f95a3cca469cfc2104ea2c7f0310a792ebbe4076472d68904e82"
"live_dast","aespa.db","250","2328","WFPS-057","confirmed","External transfers skip TOTP even when 2FA is required","07efa0d9367963caa0fb29912c04e13d4edaa74c596ac63afc207f0ed867c774"
"live_dast","aespa.db","250","2329","WFPS-109","false_positive","Hardcoded merchant token allows unauthorized payment transfers","760f882ed238d9dacbe1c3410e79abf3436538c51d7b30018a97021ebbc35dcf"
"live_dast","aespa.db","250","2330","WFPS-110","confirmed","Stored XSS in Address Book Delete handler via nickname","69976993724444911eaff8b0101d354120413e0d56893f10f2b41ccc21ebecb6"
"live_dast","aespa.db","250","2331","WFPS-111","unconfirmed","Hardcoded insurance SSO HMAC secret signs customer identity tokens","e0f51a681ba4b88c16c3a6a98411be870804667151c1d97d02ca63b47af0d322"
"live_dast","aespa.db","250","2332","WFPS-008","confirmed","Hardcoded insurance SSO HMAC secret","41d62862a255042092881987cf3e915a24ac7fd9be8c45eec540265df5b1a394"
"live_dast","aespa.db","250","2333","WFPS-005","confirmed","Unauthenticated admin export dumps all banking data","b8c59ab6430d7025ec4bc2b182e85979722d30923256309809d035014da3a95b"
"live_dast","aespa.db","250","2334","WFPS-019","confirmed","Unauthenticated /api/health leaks JWT secret and database credentials","b0624c80a16da97aa4f5756fd91b74193586aaab7a5f68dfbd2882bc1c2d4746"
"live_dast","aespa.db","250","2335","WFPS-080","confirmed","Full PAN and CVV stored in plaintext and returned by account APIs - Account::toPublic returns full card_number, card_expiry, and card_cvv to the cli","5a9f7510f9b1193ab8a6aed4f11b1485c621b788228449fb65e71551638667bf"
"live_dast","aespa.db","250","2336","WFPS-013","confirmed","Transaction detail endpoint lacks ownership check","45d89fec91cb5eb493870deaf31180c9b9f05ab184a74ebdd6df64e183ad1256"
"live_dast","aespa.db","250","2337","WFPS-112","confirmed","Stored XSS in admin Edit Balance onclick via account_name","b39cde4feeaab03e00fa99d4365e413a90dd0ad98fb2fbe48dbc628f9610870b"
"live_dast","aespa.db","250","2338","WFPS-113","confirmed","SQL injection in transaction list sort parameter","deffe91fd33dee4a94206782b7582ce5102e39fa308f8fb687abb93be77846c9"
"live_dast","aespa.db","250","2339","WFPS-026","confirmed","Stored XSS in admin accounts table via account_name onclick","d6cb6d0dd499b8f10314772083c2617ef2867c2a6d03d22609557bc4c44c6f64"
"live_dast","aespa.db","250","2340","WFPS-069","confirmed","Stored XSS in admin accounts table via account_name onclick - POST /api/accounts stores account_name with only required|string|max:100 and no ","49a70acc9d529b5ceec9aeaa6e2d86297ba95e79b1de9d0c44a1582033008bcd"
"live_dast","aespa.db","250","2341","WFPS-047","confirmed","SQL injection via unsanitized sort parameter in transaction listing","f8d125e7bc6336c5f4d8c4bec64066f76d1a976e25c8d9b46993932263da152b"
"live_dast","aespa.db","250","2342","WFPS-041","confirmed","SQL injection via unsanitized transaction sort column","10b6680360686680ae665e2c3d9220b9c2b0c0fc16c1f3a327e609d370ccbb78"
"live_dast","aespa.db","250","2343","WFPS-050","confirmed","SQL injection via sort in unfiltered transaction query branch","d1ed2ad3d15c67b52046101808cf0fd95c7a2b1762abcc3a4187c122434adc13"
"live_dast","aespa.db","250","2344","WFPS-051","confirmed","SQL injection via unsanitized ORDER BY sort parameter","96eae62adaabe2ef06633c437dd666d24d05eccd630246b1df3b81b9c709afc3"
"live_dast","aespa.db","250","2345","WFPS-012","confirmed","Profile update IDOR via user_id allows mutating other customers","7ead4f177294178a729a1f4bc26d3bdc7117dbffc8ec6363178d4babd8455821"
"live_dast","aespa.db","250","2346","WFPS-016","confirmed","Auth and profile APIs return password hashes and TOTP secrets","ebe7b45fd91a7134d76d48cb11f2516b24c2f96c8db6aa41eab966aa0a2769d6"
"live_dast","aespa.db","250","2347","WFPS-021","confirmed","External transfers debit any source account without ownership check","285af24968823dd79c7cf9146f82640a09008c5acc7ac87ab3a42cb4990671f5"
"live_dast","aespa.db","250","2348","WFPS-024","confirmed","GET /api/transactions/{id} returns any customer's transaction","6fdff491dae93eb4d67a383b319efd3d4bcfc5ceed2b6c1ab1744cdd9be93e18"
"live_dast","aespa.db","250","2349","WFPS-031","confirmed","Unauthenticated admin export dumps all users, hashes, and transactions","1843bb2875c96f7d878bf4a8ab7f08aeb1deb7acbb3f9cc5f450a49798aee4c9"
"live_dast","aespa.db","250","2350","WFPS-032","confirmed","JWT decoder ignores signatures, allowing authentication bypass","9da179224f13dfb085b061370cdb397cde43b057a747c636ac140d35621c83ea"
"live_dast","aespa.db","250","2351","WFPS-034","confirmed","Unauthenticated admin export dumps all users, accounts, and transactions","ea966e3c491b9ae93600256e52f1756c59b53ec66c44ebbaa689bbc62ca68c9a"
"live_dast","aespa.db","250","2352","WFPS-036","confirmed","Unauthenticated export dumps all users, accounts, cards, and transactions","04e51da2cef8ff5ebf578a9315c071be96f9d8c903288f56c02c9d6f0ca283ee"
"live_dast","aespa.db","250","2353","WFPS-037","confirmed","SSRF: avatar proxy fetches attacker-controlled URL and returns the body","fd43432b9625c32edd5dc6c49936e3291a2e753d71efd69273eca502032dc591"
"live_dast","aespa.db","250","2354","WFPS-038","confirmed","IDOR: profile update accepts arbitrary user_id","ea4207d536d28cbc680a07a61d0f8871b40eda139aeb9f2298a23c5f8a299a2b"
"live_dast","aespa.db","250","2355","WFPS-039","confirmed","Profile and auth responses leak password_hash and totp_secret","bd6bfaccf4264949d11a7904e9f7572776c92533ba769f9cc1c98bf8b815c69c"
"live_dast","aespa.db","250","2356","WFPS-042","confirmed","IDOR: any customer can read another user's transaction by ID","e4b3fdffa24f911825cf6f2f364f0e8240b73d1e8df28275d77ba7503914d9f2"
"live_dast","aespa.db","250","2357","WFPS-043","confirmed","IDOR: external transfer debits any account by ID","a35acc4e066e6c64ef3d17ca0ef1dc61e2bb401cbcf88a00ecc99df11c058c12"
"live_dast","aespa.db","250","2358","WFPS-044","confirmed","TOTP required for external transfers can be skipped by omitting the code","298cce6e65d9b20c2df6a2b5adf4698d4c6c805c96c4c606ab0d5057dd622506"
"live_dast","aespa.db","250","2359","WFPS-048","confirmed","BOLA: any authenticated user can read another user's transaction by ID","e71d9288800733090d5c2cff531957521e55facec79b7a52af8f0fc3d3e77bc4"
"live_dast","aespa.db","250","2360","WFPS-049","confirmed","Hardcoded machine-token fallback always authenticates payment APIs","2e0919fe89ea7b2b9bf65d2c504a70d133d3dad5d641efd2697f8d2ca7ada1bd"
"live_dast","aespa.db","250","2361","WFPS-114","confirmed","Banking and admin SPAs load Tailwind CSS from a CDN without SRI","d03baceeb6cd3f7ae3edd313842775d6df3e0ddd324040a93844e784ecb8e99a"
"live_dast","aespa.db","250","2362","WFPS-052","confirmed","User API responses leak password hashes and TOTP secrets","7874774fd5d44567e6f05f15e54996092e020b0eaad06b342e7a43e33f54d954"
"live_dast","aespa.db","250","2363","WFPS-053","confirmed","IDOR allows updating and reading another user's profile","e21f820e49f50cd57a94414baa7223474d16846dd54d19dc8c40436024385782"
"live_dast","aespa.db","250","2364","WFPS-055","confirmed","JWT decoded without signature verification enabling auth bypass","653c27992244942a65d13498e536a7e67d263e57147dd1a6f2dbb1fad6c70620"
"live_dast","aespa.db","250","2365","WFPS-058","confirmed","External transfers have no source-balance check","c0cc7813f0fb642aa63025b59c63aa844bf206d393537e25dfd6eb2c6121b059"
"live_dast","aespa.db","250","2366","WFPS-059","confirmed","IDOR: any user can debit another customer's account via external transfer","2af11e562c5809fe4295d04286e35497d057d1234ba1578a6b8d2f1cb5dae320"
"live_dast","aespa.db","250","2367","WFPS-060","confirmed","External transfers debit accounts with no available-balance check","77ac38cb47765b49d6ade11562a5573d6091565b10744c250d6dc87dde253dba"
"live_dast","aespa.db","250","2368","WFPS-063","confirmed","Card payment API accepts charges without CVV","03dae6cb64c702bca518e7a98bbd1b8e99bf26beaf981086777d7fd2006e0487"
"live_dast","aespa.db","250","2369","WFPS-064","confirmed","Unauthenticated /api/health leaks JWT secret and database credentials - Health route is explicitly registered with auth => false.","470654d9ac3c068a47fdcdb57907e85ae6e5d0affce3bf16ab96d23f947a4649"
"live_dast","aespa.db","250","2370","WFPS-065","confirmed","Customer JWT signatures are never verified - AuthMiddleware treats the unverified payload sub as the authenticated user id.","7461c3e164dc7bb3119024098028dba7be9ddcfb633ba2ae42dafd162543b7a7"
"live_dast","aespa.db","250","2371","WFPS-066","confirmed","External transfers debit any source account without ownership check - Balance is then updated on that unscope-checked account id.","0b70bdc56e57b3d84990b62e870fb909422ef9325d53ccef2e8de99b8c255c01"
"live_dast","aespa.db","250","2372","WFPS-067","confirmed","TOTP step-up on external transfers can be skipped - Users without TOTP enrolled are allowed to complete high-risk external transfers","265bd775485cc267c657641ce21243341e48b462e1d96645ee5c20c26e1b23ee"
"live_dast","aespa.db","250","2373","WFPS-070","confirmed","Stored XSS in admin customer detail via name in Delete onclick - POST /api/auth/register stores first_name and last_name with only length checks ","ec155d8551ae668c462fbc3321531a6f0ed9f65f04d2519c2702bc8217a40fcf"
"live_dast","aespa.db","250","2374","WFPS-072","confirmed","Stored XSS via unescaped transaction description on account detail - API/transfer layer persists description/payee_name/reference with no HTML saniti","0a20a166e444d08570355b4a69a8b519887430b606fbb291bae101a9bcad1d3a"
"live_dast","aespa.db","250","2375","WFPS-073","confirmed","Stored XSS via unescaped transaction description on dashboard - Transfer and payment APIs persist attacker-supplied description/payee/reference ","53762964469a99e69deebbfea542a80ceba838b6d16c22863fbd9945b1d14ab4"
"live_dast","aespa.db","250","2376","WFPS-074","confirmed","Unauthenticated export dumps all users, accounts, cards, and transactions - exportAll() uses SELECT * and returns password hashes, TOTP secrets, full PAN/CV","451ade186cc7aa0ffd0ea8d03a68164f8149e605e117e1316b9ec47ec1f8d513"
"live_dast","aespa.db","250","2377","WFPS-075","confirmed","SSRF: avatar proxy fetches attacker-controlled URL and returns the body - Fetched response body is returned to the attacker as base64, turning SSRF into a","5f888c3d890287e8783a28a860bd2adc0ecbb30be3b3d9cceed37c42cc89d265"
"live_dast","aespa.db","250","2378","WFPS-076","confirmed","IDOR: external transfer debits any account by ID - No remaining-balance check on the external transfer path","b209d7b000389ebfe03d4f2e330e4d8d833c93a55646d5f7928da34a3f863494"
"live_dast","aespa.db","250","2379","WFPS-078","confirmed","External transfers debit accounts with no available-balance check - updateBalance has no floor/constraint, so application-level checks are the only ","85103f02ae1ea5807ade7af97e24b203f451b7c75d29c4b77174590f6f5353df"
"live_dast","aespa.db","250","2380","WFPS-081","confirmed","Card payment API accepts charges without CVV - Payment process validator does not require cvv","e0b662f72d9528b68209f025f9885b965ec27888cfd9df7a8ff467638360f681"
"live_dast","aespa.db","250","2381","WFPS-115","confirmed","Default password 'password' accepted for customer accounts","0c4beca84a8531f835890a92134ee223d5f2ad6b56f50fcde455da5bf332924c"
"live_dast","aespa.db","250","2382","WFPS-116","confirmed","Profile and login APIs expose password hashes and TOTP secrets","88272614522c63637bbca19289b1fbea5ef386ecaf68f655dbf2102478d9b17a"
"live_dast","aespa.db","250","2383","WFPS-117","false_positive","Authenticated API CORS policy reflects arbitrary Origin","00839148c6e927814a6333ce9dfc35b7ba5c2504f284dc8076a54ee74d50fb42"
"live_dast","aespa.db","250","2384","WFPS-118","confirmed","SQL injection in admin customer search","ba8f094dbc5fe6703567041a0daebb3c2f94fd961ab4fd972af00f3d84424b9a"
"live_dast","aespa.db","250","2385","WFPS-119","confirmed","Stored XSS in admin Edit Balance onclick via account_name","df08c0603dfa512afbf3d7bfbd124419538ea398d9061b3cda7a5bbdecf915bc"
"live_dast","aespa.db","250","2386","WFPS-120","confirmed","Self-service credit-card limit and loan amount have no upper bound","37b073e5650144c470a3c839399687f9b4a1d2175a3da019e99234ca72740e42"
"live_dast","aespa.db","250","2387","WFPS-121","confirmed","Profile and login APIs expose password hashes and TOTP secrets","85e65c376b595b408000e90c339bc4f4e5da64f78a053c3e3c1f14afb2f2048a"
"live_dast","aespa.db","250","2388","WFPS-122","unconfirmed","Hardcoded admin JWT secret allows forging administrator tokens","356351e9fb00b981f75e3f443b3c0635c11576ba2ff45d02d9a1a631a2f17394"
"live_dast","aespa.db","250","2389","WFPS-123","false_positive","Hardcoded merchant machine token authenticates payment APIs","97f0fd0aef42ab646139ddd3d0698a77a3a2f8b3b53dbf1ba3539c64eb422dd6"
"live_dast","aespa.db","250","2390","WFPS-124","confirmed","Profile and login APIs expose password hashes and TOTP secrets","0fa2e74c69b31fd04ea1e5023d15d390bdfd097f52663175c43be203ad2ea30c"
"live_dast","aespa.db","250","2391","WFPS-125","confirmed","SQL injection in transaction list sort parameter","27c9c3bc1bfa00ca13f9d13f69f2438a280f825027f83260331976dc960bc8b7"
"live_dast","aespa.db","250","2392","WFPS-126","unconfirmed","SSO JWT issued in URL query string","9b9e8198df26a525da734384a8645da52894441aad15fa4a3d130db97fbc2421"
"live_dast","aespa.db","250","2393","WFPS-127","confirmed","Verbose SQL exceptions disclose stack traces and DB version","6d7d244c76477768da4f5ab2f5e141fc13f9fa64d6947da82a9e6de08112b8e4"
"live_dast","aespa.db","250","2394","WFPS-128","confirmed","Missing CSP, HSTS, clickjacking, and MIME-sniffing protections on HTML responses","44a3395981ab5915640db28d558ec2238b291dc3ff5dcd943ad934974d8ae9a7"
"live_dast","aespa.db","250","2395","WFPS-129","false_positive","Tailwind CDN script loaded without Subresource Integrity","1a6acc7328e47a2b257d47d646d47e4ee85fea57fc789829681e3bf1c1717cbe"
"live_dast","aespa.db","250","2396","WFPS-130","unconfirmed","Hardcoded admin JWT secret allows forging administrator tokens","b6d8521e62c509af896a13521e228aa0a812e8e8954d4ddf15ed07aaf4aeac43"
"live_dast","aespa.db","250","2397","WFPS-131","unconfirmed","Stored XSS in Address Book Delete handler via nickname","a00513bb0af3c38f1801e1c5e716579c82d018f9e6649def7ed4e1431d8b8b4e"
"live_dast","aespa.db","250","2398","WFPS-132","unconfirmed","Authenticated API CORS policy reflects arbitrary Origin","b45338ba26a21771f8b350f015580c4cb42152fb88f0af77e5d8079caf681cff"
"live_dast","aespa.db","250","2399","WFPS-133","confirmed","Missing CSP, HSTS, clickjacking, and MIME-sniffing protections on HTML responses","2730c9870788c57e0af4be4e592d27c23f88f78c64a1cb915c5bdd0eeab95af3"
"live_dast","aespa.db","250","2400","WFPS-134","skipped","Server and framework versions disclosed","e44f1f6fe8c10138998fa6c68aab1a52b6c1a438550a207507ee908f3d07d98e"
"live_dast","aespa.db","250","2401","WFPS-135","false_positive","Authenticated API CORS policy reflects arbitrary Origin","20b36dd2f3cbcb1430d55cca1f003c64011533f0177a1d5a58fbb7ab3bff5930"
"live_dast","aespa.db","250","2402","WFPS-136","skipped","Missing CSP, HSTS, clickjacking, and MIME-sniffing protections on HTML responses","0b04026fcec146ceed61b4cee810b87e954ca04a5eb4ecbc5e320d647a0096d2"
"live_dast","aespa.db","250","2403","WFPS-137","unconfirmed","Tailwind CDN script loaded without Subresource Integrity","aebe9ad45095e8196a9d972eee0b381e72e00c5220cedb24138e9d51e5690cb9"
"live_dast","aespa.db","251","2404","QZDR-001","confirmed","Unauthenticated /api/health discloses JWT signing secret and database credentials","1f94bbbd33d5ae5c16f2a9e1bd5746c4462cbcc212b057ece36aec8bbc7f1c25"
"live_dast","aespa.db","251","2405","QZDR-002","confirmed","Login API returns password_hash and totp_secret in the user object","a9e4b7b23e8fff5e8dd8215990580e9d16bf3fc427f748b3f6e42df589a2c2bc"
"live_dast","aespa.db","251","2406","QZDR-003","confirmed","Profile API returns password_hash and totp_secret in the user object","61db574cfd78becbca441fe82cc3cebca5c151bd2b36cbe255790aacda684cba"
"live_dast","aespa.db","251","2407","QZDR-004","confirmed","Full credit card PAN, expiry, and CVV returned by accounts API","445bb76346852171f6f5d3a342250d2863c957fff9829f34d278218e42308680"
"live_dast","aespa.db","251","2408","QZDR-005","confirmed","Authenticated SSRF on POST /api/profile/avatar fetches arbitrary URLs and local files","d23aee11658ae7ddd707458aecc1b7996d0bd89098e3204f81483fda987bfca0"
"live_dast","aespa.db","251","2409","QZDR-006","confirmed","CORS policy reflects arbitrary Origin on unauthenticated API","f2c28476fe2c0141f5e88897b5b9e37d2da8f7125690b5b7cf164b37fd965b72"
"live_dast","aespa.db","251","2410","QZDR-007","confirmed","Login error messages enable email enumeration","1b4f344b51a7fa3b7771f48ce1d13c91e5e13d9cc4d2370ad83e4e96112352b8"
"live_dast","aespa.db","251","2411","QZDR-008","confirmed","Registration accepts 1-character passwords hashed with unsalted MD5","baa05878b3e2d13805017853cdee3800911050c3f6fdfb29b2b5304abbed13b1"
"live_dast","aespa.db","251","2412","QZDR-009","unconfirmed","Manual external transfers skip TOTP despite check endpoint requiring it","cfb863fa6a31b43a959d088152f9f4a3508b19c89ffc7907b60364bdc24e11fb"
"live_dast","aespa.db","251","2413","QZDR-010","false_positive","Authenticated customers can self-issue $25,000 credit cards with full PAN and CVV","8b236fbc87934cd0ace727e7feffe06c04294b1efdb61b5bdfa3c4cda2a61981"
"live_dast","aespa.db","251","2414","QZDR-011","confirmed","SQL injection in admin customer search parameter","6950c702957d0c5800bf636a060acee4bde190ed26a4116b41ddfffdb61e98b0"
"live_dast","aespa.db","251","2415","QZDR-012","confirmed","Stored XSS via transfer description on the banking dashboard","6a02e64e15fb590e97c470115d12dc1de9c3d199f5900c8ec40d625c2591177a"
"live_dast","aespa.db","251","2416","QZDR-013","confirmed","Hardcoded insurance machine token authorizes merchant account transfers","95e8caa567f504c50c1d7bb0353199990b97404f44d66d0bc9cc957aedb3db93"
"live_dast","aespa.db","251","2417","QZDR-014","unconfirmed","No account lockout or rate limiting on customer and admin login","5d80034e7b67760130f455f2b6be4bb9e142b803dc4d9a18ecc77b15453c8fd0"
"live_dast","aespa.db","251","2418","QZDR-015","false_positive","Admin system settings API returns insurance machine_token in plaintext","df7b69330e98ca239a74ce68bbdb39ea3607c9e435790d193981679f505c27aa"
"live_dast","aespa.db","251","2419","QZDR-016","confirmed","Customers can originate unlimited loans with instant disbursement","c4ff786ac79196fd89bd6b657b94e4bf8abb5daf579377b6cea9a7f39f03830c"
"live_dast","aespa.db","251","2420","QZDR-017","false_positive","Forged JWT impersonates FACE Insurance merchant account holding $99M","c893ea159413dea7e43a154bd4fc8c650f789e230e669de48694b4e9236525d7"
"live_dast","aespa.db","251","2421","QZDR-018","skipped","Missing HTTP security headers on banking HTML responses","3c0057948ef9969cba74813791feec75d0334090106bcc744f6e94cf3cfb74c3"
"live_dast","aespa.db","251","2422","QZDR-019","unconfirmed","API 500 responses disclose SQL errors, absolute paths, and stack traces","b237930fe6a11176661b4f692d1d62eb9234818fe393d269c022937edf2b3147"
"live_dast","aespa.db","251","2423","QZDR-020","false_positive","TOTP verification is not rate-limited","363dd322d71f4143880d9b4273b58f06d6975b4cdb7003ce8994dbc83e12b4fd"
"live_dast","aespa.db","251","2424","QZDR-021","unconfirmed","Forged JWT impersonates FACE Insurance merchant account holding $99M","9e7e7c69320e89d3c6b5f60ba0225ed7cb749c5309b3b0d63a8e1a0ef4abdda4"
"live_dast","aespa.db","251","2425","QZDR-022","unconfirmed","MD5 password hashes returned in registration API responses","e0eb783e88f9c9cab6502b609a72f37d7986e432fd89a4f7c85d544224da0f6d"
"live_dast","aespa.db","251","2426","QZDR-023","unconfirmed","Password policy allows trivial passwords such as 'password'","3d8a295af96a9cd3e3e0128fbdbd2b15d22cff616f27d6c559438cd8d632499c"
"live_dast","aespa.db","251","2427","QZDR-024","unconfirmed","API 500 responses disclose SQL errors, absolute paths, and stack traces","b655a817f0c9a37b5316ad8aca97fa6d09c4ac06dde6236f1d43213947d05614"
"live_dast","aespa.db","251","2428","QZDR-025","skipped","Missing HTTP security headers on banking HTML responses","28243cfdcf6640d2cb05935b809d14ae577e8be70b864e9ea9d0b1892f21f95c"
"live_dast","aespa.db","251","2429","QZDR-026","unconfirmed","Login API returns password_hash and totp_secret in the user object","996067c7ac3d39ad03c5d9e5da47dbe129f3bc51cb6063635198b2f4a7246b77"
"live_dast","aespa.db","251","2430","QZDR-027","unconfirmed","CORS reflects arbitrary Origin with credentials enabled","accdb48990f6cfb9be5a57beda11277302596dc4fc7da14109d44528ba5bb0f9"
"live_dast","aespa.db","251","2431","QZDR-028","unconfirmed","Missing HTTP security headers on banking HTML responses","2ff4d695745432df58f6430e7ed0db0ca592227f2a0f17e80c4ebd2dbceeca5b"
"live_dast","aespa.db","251","2432","QZDR-029","skipped","Apache and PHP versions exposed in response headers","4d7528ec79df483ed4f1c61a299660c8bb74447f55e86009eaa906cf831a2d9c"
"live_dast","aespa.db","251","2433","QZDR-030","unconfirmed","Stored XSS via transfer description on the banking dashboard","141aee0962fee6365c932fc67c71ce47d3a3e064572059efdcfa10cf291d8597"
"live_dast","aespa.db","251","2434","QZDR-031","unconfirmed","CORS reflects arbitrary Origin with credentials enabled","a682ac8768445bfafa076bbd111239bb43eddbfcf90d766a538861f7394c25d2"
"live_dast","aespa.db","251","2435","QZDR-032","skipped","Missing HTTP security headers on banking HTML responses","c8259249c903846ad77bc309d247fec4c232e815ac4eebb8dccddee8fd090ab4"
"live_dast","aespa.db","251","2436","QZDR-033","skipped","Admin and customer UIs load Tailwind from an unpinned CDN","38acfacd66659382cee9bd4721892223b6663ac42dbcf9cbd55e7a479f7cdcf3"
"live_dast","aespa.db","251","2437","QZDR-034","unconfirmed","Insurance SSO JWT is processed as a banking session token","de59b15898a5a37103029fc22b12a4216da799955ebb946669e61d07c8379d54"
"live_dast","aespa.db","251","2438","QZDR-035","unconfirmed","Stored XSS via transfer description on the banking dashboard","7efef62f83a2f99d97bc41a66f739fdfe66153f2caa7b8e698042787b375c384"
"live_dast","aespa.db","251","2439","QZDR-036","unconfirmed","Admin can silently set arbitrary account balances with no dual control","2044ca630f6fe03fdb8eee232324f2dcb26f863ea878c9e2bd18deb4c46daae9"
"live_dast","aespa.db","251","2440","QZDR-037","unconfirmed","API 500 responses disclose SQL errors, absolute paths, and stack traces","851196e28e99dafa8ae4982fd336f30ba1a22390cc09ba49cbf8afd86ffab5eb"
"live_dast","aespa.db","251","2441","QZDR-038","skipped","Apache and PHP versions exposed in response headers","37df25c61385ffba2773a1843b97db8c1e461a366471c8ee34a2a4ef16dc61ce"
"live_dast","aespa.db","251","2442","QZDR-039","unconfirmed","CORS reflects arbitrary Origin with credentials","cff6b5306edef2297a65925286772b70818c044663978b661be75f00f14189b6"
"live_dast","aespa.db","251","2443","QZDR-040","unconfirmed","Missing HTTP security headers on banking HTML responses","5b75a3e11993ab046275c5fe7e2e6f7d66546c1ad16d72665dcc2f866507e896"
"live_dast","aespa.db","253","2444","RIAG-001","unconfirmed","Registration returns an MD5 password hash","4607d1730e5c5a6b918c012a0244965362afe67dbcb65f03cc36e073d227d048"
"live_dast","aespa.db","253","2445","RIAG-002","confirmed","Registration accepts one-character passwords","c5c96b5987d0a9b362107ea66a091ab9324777adeef6c9ced1870af55eca0dc0"
"live_dast","aespa.db","253","2446","RIAG-003","confirmed","Login accepts repeated password failures without throttling","d8910af03b12cb4dbc1b11d1ae43ac6127b89650a4ed3add06e61da66ffcebe0"
"live_dast","aespa.db","253","2447","RIAG-004","confirmed","Missing browser security headers on the admin page","8db7b6b7b69ef1453ff4fd1428bf464e535002505dbf2dafbee7059174efec46"
"live_dast","aespa.db","253","2448","RIAG-005","confirmed","Missing browser security headers on the banking page","e9be2c0b3bd1402b9dff93f57822506d99a4ac6ba0a23d6983d49b2172fe61f6"
"live_dast","aespa.db","253","2449","RIAG-006","confirmed","Avatar import fetches user-supplied URLs","9a71463ce443e0b73298560668b9a5e1cd381ae6aac97bd5e6d7fcb6a0e553ba"
"live_dast","aespa.db","253","2450","RIAG-007","confirmed","Login errors reveal whether an email has an account","9981e3212037857b6b8226aaf0b30fe4bb40a6536a048852181aa083451178d7"
"live_dast","aespa.db","253","2451","RIAG-008","confirmed","External transfer action bypasses TOTP and balance checks","a6e5d5f4ce4b485ae21c7b115ce680918ed2b9cb956aca184e08610dc63bcf60"
"live_dast","aespa.db","253","2452","RIAG-009","confirmed","SQL injection in admin customer search","3a1ba75bf835692f4c961123a72c1f4a0b3f560b6814e42c26fcd2e8c97a795e"
"live_dast","aespa.db","253","2453","RIAG-010","confirmed","Admin login does not throttle repeated failures","02599504f9d157313b7e295c2df54b6ceb9a624cc5b4a5f4bb785c9a53c08f6a"
"live_dast","aespa.db","253","2454","RIAG-011","confirmed","Unauthenticated health endpoint exposes JWT signing secret","ef4d1d646e7eed9f3f26815c5b0e0e3682c37773ff7b459ad01d323d5aeb6c88"
"live_dast","aespa.db","253","2455","RIAG-012","confirmed","TOTP setup verification has no observed throttling","3b7f6c6e3fd5d8a362d29fae0c2ee90a9e03afaf5df2ec5bfebe6530f88f430c"
"live_dast","aespa.db","253","2456","RIAG-013","confirmed","SQL injection in admin customer search","9b60657a1f4d7127a7ce8e683d88264c0a9220acc889470fafa4e8e03ff34e54"
"live_dast","aespa.db","253","2457","RIAG-014","confirmed","Profile endpoint exposes the password hash","6b0a586393ac8556bc5e8386e3d5943780766c87108ec589195164c8c53356f4"
"live_dast","aespa.db","253","2458","RIAG-015","false_positive","Admin API reflects untrusted origins with credentialed CORS","d68547bc79421e8095afd87f3b4a9483d046dde582054c7babd66ec9c4ced138"
"live_dast","aespa.db","253","2459","RIAG-016","confirmed","New customers can set a $1 million credit limit","2705351e3e6d36065f4780846ef6f2e6e38824a3ec2306f5c2c36c36c261789e"
"live_dast","aespa.db","253","2460","RIAG-017","confirmed","Transaction details are accessible across accounts","d6a42b49ff2afb8a7bbd4a44933d88899f8bad10b838bdb6cbd0f1a5816f1cfb"
"live_dast","aespa.db","253","2461","RIAG-018","confirmed","Profile API accepts JWTs with invalid signatures","57e0bb7c3877da8ef529c45870c3f6544a397710644eeb0e8b8124b6bf619c7d"
"live_dast","aespa.db","253","2462","RIAG-019","confirmed","Weak admin credentials accepted","1a1c834e3644de95c56b3f57db9aab54bce0972d629df9e36f9558265cfc0986"
"live_dast","aespa.db","253","2463","RIAG-020","skipped","Server software versions disclosed","be3a75f6bc7b4839588424b654c97a2e0c40378028fc4fbb93de7fb13dd885fe"
"live_dast","aespa.db","253","2464","RIAG-021","skipped","Server software versions disclosed","47fa9f9d376c932a18b7fcb33ef8cb3364419bc1bf9fbca1a3702a022e213405"
"live_dast","aespa.db","253","2465","RIAG-022","confirmed","Public health endpoint exposes the JWT secret","fe97c061b745a2ce7ee6680a9595582d2c9fe2ac31b9f1d996a8a23ccb22ad68"
"live_dast","aespa.db","253","2466","RIAG-023","confirmed","Manual transfers bypass the required TOTP check","c8ea8038b90b85d0ea980c53b3257a4af9fab6252c93e1d651cf21cfcec49262"
"live_dast","aespa.db","253","2467","RIAG-024","confirmed","Profile endpoint exposes the password hash","67e2e38b8979bee00b8315e3186ea94dda93b6d617971445fc877572af5417cb"
"live_dast","aespa.db","266","2468","KAZU-001","confirmed","Login and profile responses disclose password hashes and TOTP secrets","4f5430fad241f6bcf527a46ece02cc3763efa897641cb4f24af174f3df11c0ed"
"live_dast","aespa.db","266","2469","KAZU-002","false_positive","Accounts API returns full credit card PAN, expiry, and CVV","89b5d9189b581e254d2440c959f0fc91ce2005690f88ada9428edad64571d205"
"live_dast","aespa.db","266","2470","KAZU-003","confirmed","SSRF in avatar import fetches arbitrary URLs, internal services, and local files","3a8ff220a9c7bb416db6cf183cf8e88420ea7a9f21c7a2c0d258e6fde2f81619"
"live_dast","aespa.db","266","2471","KAZU-004","confirmed","Registration accepts a one-character password and returns unsalted MD5","52a4e69a1f8db622629b0cc7c8d1fee2471c5433c69397841d7102783e65829a"
"live_dast","aespa.db","266","2472","KAZU-005","confirmed","Admin customer search concatenates input into SQL and returns MariaDB errors","8918dd3b4012c40f0c9ec65a7425e72490a9328748c9d343c0396bbfdc1d8ddb"
"live_dast","aespa.db","266","2473","KAZU-006","unconfirmed","Exposed HS256 JWT secret allows impersonation of arbitrary customers","0460a7c46469505cef1b52c9b0efe7854200b3cf908717d5076c25ce762db37c"
"live_dast","aespa.db","266","2474","KAZU-007","unconfirmed","External transfers complete without the required TOTP step-up","8750be4a710bff41182240702370064545018087289115c583f905fe56509475"
"live_dast","aespa.db","266","2475","KAZU-008","confirmed","Stored XSS via unsanitized transfer descriptions rendered with innerHTML","34f6f20806053adf4debe37e5e8254adfb1a89726fbb9d2e4053c9aa8e74cf0a"
"live_dast","aespa.db","266","2476","KAZU-009","confirmed","Customer login has no rate limiting or account lockout","39d8ed567e853d5ee31f00a57c532d62e1f42cd5169082fa830499741f0614c7"
"live_dast","aespa.db","266","2477","KAZU-010","confirmed","Login API error responses allow email enumeration","7d14cb2fcde651a0a384fdcc8ee0a1b3521d0efd2bedd5eb42a866b9140a8ee9"
"live_dast","aespa.db","266","2478","KAZU-011","confirmed","Transaction detail endpoint does not enforce account ownership","2befb9942f1f63b1318773d987579b9596c891aaf996afbf2cb86282644c083a"
"live_dast","aespa.db","266","2479","KAZU-012","false_positive","Public machine token authorizes card charges without a customer session","cdab691d25fdc05f73af1ac0c28a80a30d63a37e2e3f9198f848bf368a5e6579"
"live_dast","aespa.db","266","2480","KAZU-013","confirmed","Customers can open uncapped loans and receive proceeds immediately","cbec72bcbcc995701ec56b1b6b95a3b3d39850f59735ac20bb4685a74d154458"
"live_dast","aespa.db","266","2481","KAZU-014","confirmed","External transfers allow unlimited overdrafts and skip TOTP","fd436991bfc44eb08dde1cb955ccd49a8bc7a194dce40b24ace555f8415ca8cc"
"live_dast","aespa.db","266","2482","KAZU-015","confirmed","Banking responses omit baseline security headers and disclose server versions","8c43ceec48d7f70621d0da048523c42a38cb2d84041d789f04f661ef8622c7e2"
"live_dast","aespa.db","266","2483","KAZU-016","confirmed","Accounts API reflects arbitrary Origin on sensitive responses","ab7f14b5d9917c1ffc888216c4a188d76ad4f759b215efd7c8162c08bf2643b9"
"live_dast","aespa.db","266","2484","KAZU-017","unconfirmed","External transfer debits accounts the caller does not own","b6bcc3eb0f39ec57433b51a0dd496e6dfdc71a92df96c3639ddbd0d25724b854"
"live_dast","aespa.db","266","2485","KAZU-018","false_positive","Exposed machine token can debit the settlement account","8540cdab590538113c301b2d3350641a13aea0766a5090ba56b0d1450c266e2e"
"live_dast","aespa.db","266","2486","KAZU-019","unconfirmed","Outdated jQuery 3.3.1 inserts untrusted avatar HTML","2842da5af663d34eb6bf8510ad34927c408c822c937f1b10b52314bf9f32d646"
"live_dast","aespa.db","266","2487","KAZU-020","confirmed","Unauthenticated health endpoint discloses JWT signing secret and database credentials","bca1fb81402aa77ddf556c629f86df3882f2fb63f912cca5f31195d5f001c43b"
"live_dast","aespa.db","266","2488","KAZU-021","confirmed","Unauthenticated health endpoint discloses JWT secret and database configuration","e9baa1265b76e26071c3509a288d1657f89d59257d186a9e3c57e42505496c25"
"live_dast","aespa.db","266","2489","KAZU-022","confirmed","Default administrator credentials accepted","aa59f816716ebf776e82f96e0feb831d3acde2b00fb349cd2c009766f85eaaed"
"live_dast","aespa.db","266","2490","KAZU-023","confirmed","Account API returns full card number, expiry, and CVV","d0083cf94681afe2e3cf631bec3a73e366ca24ed3f4117d882557cd59f87f53d"
"live_dast","aespa.db","266","2491","KAZU-024","confirmed","Login and profile responses expose password hash and TOTP secret field","43cf506d091e003e3fedb0458c18e834b7097f1e9698d18510e064f3a48c7fee"
"live_dast","aespa.db","266","2492","KAZU-025","confirmed","API CORS policy allows any origin and sets credentials","15863896c938f4e4ff862772f1e8dc86b2f8a14d2334e7a6307161fb59800449"
"live_dast","aespa.db","266","2493","KAZU-026","skipped","Missing browser security headers on the public site","4a14065b3301ff82adabd166d64fb784d2df6baaf53df8af8fb9636d4f5ee4fe"
"live_dast","aespa.db","266","2494","KAZU-027","skipped","Server and PHP version disclosed in response headers","88eba3b2d9992b6606cc0836132bf7a1dab61ba29a44dc1519f46642258d36d1"
"live_dast","aespa.db","266","2495","KAZU-028","unconfirmed","External transfer debits another customer's account","1d87c87d6ddedaead2384c91ae178ad8072c4d9ce0bc6e545b3048ddd4ea424e"
"live_dast","aespa.db","266","2496","KAZU-029","confirmed","Transfers succeed without a sufficient-funds check","19c3a22ca691cb551565b38d417cdf73c8597e062974530b46e6c241f9f170a8"
"live_dast","aespa.db","266","2497","KAZU-030","confirmed","Profile response discloses the password hash","eda604a3097fb79f2c79c6b72e1339a89debe4e0dfe9cebb899435102b01a069"
"live_dast","aespa.db","266","2498","KAZU-031","false_positive","CORS reflects arbitrary Origin and allows credentials","2be5b0ea8a399c6d8ef22c197940ce17dcb6b05783a7c5591316c118c95df4dc"
"live_dast","aespa.db","266","2499","KAZU-032","confirmed","Security headers missing on API and static responses","9da887c8bdf1ea2abe2aaec10efd28668e0a6bff7c5190b4a2e66ec7ac49be05"
"live_dast","aespa.db","266","2500","KAZU-033","skipped","Server and PHP version disclosed in response headers","058550aa53fcb127c35893d04158be2dcf8e28ff2b607b98477bcb7a928ee9d6"
"live_dast","aespa.db","266","2501","KAZU-034","confirmed","Unauthenticated health endpoint discloses JWT secret and database details","cf2833fd59ac0dd3fec74823bf49bf16deede28fd8300e4df8368423947205b4"
"live_dast","aespa.db","266","2502","KAZU-035","false_positive","Own-account transfer applies no FX rate and credits the raw amount","4ac517586140b5a26bbf36cf25604014566ac13e1f3737ea60801772ad954d01"
"live_dast","aespa.db","266","2503","KAZU-036","confirmed","Profile response returns an unsalted MD5 password hash","47b410419f8bfea2fc1b9d339f9e547a1b8ae33130a1588b56b90c71fbd976aa"
"live_dast","aespa.db","266","2504","KAZU-037","confirmed","API allows any origin and advertises credentialed CORS","82e0dcb4288f60a810ddbaddba372cd03c38ab589e459ced7935a5c39534ebec"
"live_dast","aespa.db","266","2505","KAZU-038","skipped","Apache and PHP versions disclosed in responses","fcce82bb3170b3bdf87e6162109726391d62d20ab8101c1628f3080ffaf471d0"
"live_dast","aespa.db","268","2506","BOEQ-001","unvalidated","Profile avatar importer fetches and returns arbitrary URLs","0bddd9289cd46d7d122cdd1659a88a2c09890eea33c8bbfac0c8e874a8762754"
"live_sast","aespa.db","90","165","JEAP-001","pending","JWT Signature Bypass in AuthService::decodeToken","b22fecec776e0b5c2e8cee3db78775a09c77b9845292ab24ef4fdf7f7c71ea25"
"live_sast","aespa.db","90","166","JEAP-002","pending","Unauthenticated Full Data Export in AdminRouter","434b4f98f25b00bc1f4fc2860b9ef17cd7058704b99dc15341a56fea67c7a199"
"live_sast","aespa.db","90","167","JEAP-003","pending","Server-Side Request Forgery (SSRF) in ProfileController::avatarProxy","e5c7086e7a65be392a11494adf483fdf5d56b7c50f4275cc8fa16cc592ee2e8d"
"live_sast","aespa.db","90","168","JEAP-004","pending","IDOR on Source Account in External Transfer","76157ea1fba6bda38c9462e841d8cc5c60f7229b0e2766fb96a4dee2813c7f25"
"live_sast","aespa.db","90","169","JEAP-005","pending","IDOR via user_id in Profile Update","b5fda45d127908a47f413f4cc9155523357a0c17b85806f01b5a228025a6aa30"
"live_sast","aespa.db","90","170","JEAP-006","pending","SQL Injection in Transaction Listing sort parameter","885cc9dabed68d84b395a68440e8167cbf4775e156ddd1be87e7775426e40273"
"live_sast","aespa.db","90","171","JEAP-007","pending","SQL Injection in Admin Customer Search","242e8f4981b89fab59d14db46e16c2fc27fd0ee956f8bb3aa092927c121c5e82"
"live_sast","aespa.db","90","172","JEAP-008","pending","Sensitive Information Leakage in Health Endpoint","ec6089cab8594722069e5fdd8c5f79d3717551536e44550dd0c8a0b723ed4c64"
"live_sast","aespa.db","90","173","JEAP-009","pending","Sensitive Data Exposure in User API Responses","faff9b838a43c1b000539498df010000ec238e320485603d14a16238cc0d090e"
"live_sast","aespa.db","90","174","JEAP-010","pending","IDOR in Transaction Detail Endpoint","ac05a96c6b649ae059a81cb289300ff6635aa45ca957f1c5cd9a7f9d6dbb7532"
"live_sast","aespa.db","90","175","BPIJ-001","pending","JWT Signature Bypass in AuthService::decodeToken","b22fecec776e0b5c2e8cee3db78775a09c77b9845292ab24ef4fdf7f7c71ea25"
"live_sast","aespa.db","90","176","BPIJ-002","pending","Unauthenticated Full Data Export in AdminRouter","434b4f98f25b00bc1f4fc2860b9ef17cd7058704b99dc15341a56fea67c7a199"
"live_sast","aespa.db","90","177","BPIJ-003","pending","Server-Side Request Forgery (SSRF) in ProfileController::avatarProxy","e5c7086e7a65be392a11494adf483fdf5d56b7c50f4275cc8fa16cc592ee2e8d"
"live_sast","aespa.db","90","178","BPIJ-004","pending","IDOR on Source Account in External Transfer","76157ea1fba6bda38c9462e841d8cc5c60f7229b0e2766fb96a4dee2813c7f25"
"live_sast","aespa.db","90","179","BPIJ-005","pending","IDOR via user_id in Profile Update","b5fda45d127908a47f413f4cc9155523357a0c17b85806f01b5a228025a6aa30"
"live_sast","aespa.db","90","180","BPIJ-006","pending","SQL Injection in Transaction Listing sort parameter","885cc9dabed68d84b395a68440e8167cbf4775e156ddd1be87e7775426e40273"
"live_sast","aespa.db","90","181","BPIJ-007","pending","SQL Injection in Admin Customer Search","242e8f4981b89fab59d14db46e16c2fc27fd0ee956f8bb3aa092927c121c5e82"
"live_sast","aespa.db","90","182","BPIJ-008","pending","Sensitive Information Leakage in Health Endpoint","ec6089cab8594722069e5fdd8c5f79d3717551536e44550dd0c8a0b723ed4c64"
"live_sast","aespa.db","90","183","BPIJ-009","pending","Sensitive Data Exposure in User API Responses","faff9b838a43c1b000539498df010000ec238e320485603d14a16238cc0d090e"
"live_sast","aespa.db","90","184","BPIJ-010","pending","IDOR in Transaction Detail Endpoint","ac05a96c6b649ae059a81cb289300ff6635aa45ca957f1c5cd9a7f9d6dbb7532"
"live_sast","aespa.db","110","300","NFXX-001","confirmed","SQL Injection in Admin Customer Search via `search` GET parameter","ee8a8c953a83ec4db081f3f7b624d1f8abb4fc9d5562c5b52c74cc1c7a17454f"
"live_sast","aespa.db","110","301","NFXX-002","confirmed","SQL Injection in `GET /api/transactions` via `sort` query parameter (ORDER BY clause)","7675c875a21d4c8f69c585521c5546809ea14e41e08f2ccdf2dd18c558dd6e37"
"live_sast","aespa.db","110","302","NFXX-003","confirmed","Unauthenticated Full Data Export dumps users, accounts, transactions (including password hashes and TOTP secrets)","86d0d7af1534cf566a08e23e43f8aa70c865035f62b12d2c1002ba60c4d5d563"
"live_sast","aespa.db","110","303","NFXX-004","confirmed","SSRF via Avatar Proxy - user-controlled URL fetched server-side with file_get_contents","7657efba5289e9ab99ac6810f7d33f5f9ab81fe9adf5c529a1d31643d84e2c7a"
"live_sast","aespa.db","110","304","NFXX-005","confirmed","JWT Signature Bypass - customer tokens not cryptographically verified","733394e1ad31751c9e15545f2635a749b8435886461684e2f0bb92758687d86e"
"live_sast","aespa.db","110","305","NFXX-006","confirmed","IDOR - any authenticated user can view any transaction by ID via `GET /api/transactions/{id}`","ecd44415092aff3cc240230d84814f8302b6d988d85287e422dafd7c52106dd4"
"live_sast","aespa.db","110","306","NFXX-007","confirmed","Mass Assignment / IDOR - `PUT /api/profile` accepts `user_id` field, allows modifying any user's profile","5673f2a02675d6ac666400f78c2e096ac772fc1d371b30eda335444c05075be9"
"live_sast","aespa.db","110","307","NFXX-008","confirmed","IDOR - `POST /api/transfers/external` allows any user to debit funds from any account (no ownership check on from_account_id)","2aad640444a04aa2b945255f89e4ccf4914ea0c2051f994120761d13e58c56b2"
"live_sast","aespa.db","110","308","NFXX-009","confirmed","Sensitive Data Exposure - `password_hash` and `totp_secret` returned in every authenticated user response","5ed95efecfb73b06d5c904bcbfee98596e6cfddc697a40393188f5f011259120"
"live_sast","aespa.db","110","309","NFXX-010","confirmed","Unauthenticated Config/Secret Leakage via `GET /api/health`","5dadc9264736537d04f446f84207142683fc888ab0a045953abf521e9a547031"
"live_sast","aespa.db","110","310","NFXX-011","confirmed","Stored XSS in Dashboard transaction list - `tx.description` rendered via innerHTML","ee7d21e60bddcd87585718cfa57ec659e73c7c7dab04dcfae4854e5ad850c35a"
"live_sast","aespa.db","110","311","NFXX-012","confirmed","TOTP Bypass - external transfers proceed without 2FA when TOTP is required","25990dd15b753283cec6922e706f3789668c59deb45d60ee48cfd8b055468b35"
"live_sast","aespa.db","110","312","NFXX-013","confirmed","Reflected Origin + credentials CORS - any site can make authenticated cross-origin requests","3a84367159936230be061a14546a684a1b931a61856a71508dd9923de7bf5e83"
"live_sast","aespa.db","110","313","NFXX-014","confirmed","Stack Trace Leakage - exception handler exposes file paths and stack traces in 500 responses","f5b20a1596d35564d439911f08900a274d18436f29a702868136632e15aa24cf"
"live_sast","aespa.db","110","314","NFXX-015","confirmed","Stored XSS in Account Detail transaction table - `tx.description` rendered via innerHTML","4e01132721295ec1cb0f898f1911d833d9afcf4dbc0907b49e3a0d97fbc42ca4"
"live_sast","aespa.db","110","315","NFXX-016","confirmed","Weak Password Hashing - MD5 used for new user passwords","6ace2102c4df1373fe2020c3aa9e27362941ec59063da022f7daac642b41a15b"
"live_sast","aespa.db","152","829","BBZH-014","confirmed","SQL injection in admin customer search","4537567b59f68d7905223c4c13d479634ad30a5ecb9129255d5adc9cd8ff7a70"
"live_sast","aespa.db","152","830","BBZH-015","confirmed","SSRF in avatar proxy fetches attacker-controlled URL","c522de8c2488c17fd762423d1cae8d0cf237b8ebb8e978b1a89ab6ed03f175c4"
"live_sast","aespa.db","152","831","BBZH-016","confirmed","BOLA: profile update allows modifying any user via user_id","5f730736318c9b96f0a842bf6b8eafa414a94d3984272ff99558280038b315d8"
"live_sast","aespa.db","152","832","BBZH-017","confirmed","BFLA: unauthenticated full data export of all users, accounts and transactions","e22a083f65726008e138253672678aed307a3c0da4a627583740928f36bdce52"
"live_sast","aespa.db","152","833","BBZH-018","confirmed","Unauthenticated /api/health discloses JWT secret and DB credentials","dda74c8d05abd5e8326b1bc029e24a9c02df5ee070d318ab41e07f02e98f28b0"
"live_sast","aespa.db","152","834","BBZH-019","confirmed","Customer JWT tokens never signature-verified (broken authentication)","5900359cc811e7b1b2f077774baddf7160c16957d990848a663aa8aed8d8846c"
"live_sast","aespa.db","152","835","BBZH-020","confirmed","MD5 password hashing (and bcrypt bypass via 32-char hash branch)","eea186c18f72d193526bdcf28d556447387b9335b02735bfb11b9fe745cc9a7d"
"live_sast","aespa.db","152","836","BBZH-021","confirmed","BOLA: external transfer debits any account id (no source ownership check) + no balance check","feb5a0e77ad840c099c99ae528527945ad69ad228c3fa2e81e6f8ecc8fda3f1d"
"live_sast","aespa.db","152","837","BBZH-022","confirmed","SQL injection via sort parameter in transaction list","3527f519a46929153dbfa1cb35143763e4f59e0c4c41d222040e26d583abb0a8"
"live_sast","aespa.db","152","838","BBZH-023","confirmed","2FA/TOTP bypass: external transfer succeeds when TOTP code omitted","87a65a3a1f4d70e70b172af3fe90338aabe1ae4ef425d998d263325457cc8b8d"
"live_sast","aespa.db","152","839","BBZH-024","confirmed","password_hash and TOTP secret leaked in every auth/profile response","80af2efabb9a2f41f1ae28aed5f6ade5f2fc52bf1c7e3d056a913ffdd84806fe"
"live_sast","aespa.db","152","840","BBZH-025","confirmed","BOLA: GET /api/transactions/{id} returns any transaction without ownership check","2c116764249429ffe7d15f7c187669eb6a0dcde7db267526d24ace440e8bf423"
"live_sast","aespa.db","152","841","BBZH-026","confirmed","CORS reflects arbitrary Origin with credentials enabled","8445d2e30c3ff2ea289aff17843b163b7c85c8f685ba93d9b3a0f890707fe051"
"live_sast","aespa.db","152","842","BBZH-027","dismissed","Negative amount accepted when sent as JSON number bypasses decimal validation","860dfda27857d045d3fe11cc0b7e436868d9373553c83e88b776e1655173a0e6"
"live_sast","aespa.db","152","843","BBZH-028","confirmed","Default admin credentials admin/admin123 with weak reset endpoint","305910357a80b8c6d4c6fba3e38cb449f6c7b33ed6ebbe74fbc53064c69c5edd"
"live_sast","aespa.db","152","844","BBZH-029","confirmed","Exception handler discloses file path, line, and full stack trace","8d9fbcebd67a825766fe8ea59dc56c25939f0b66ef89793ee62481626700a75f"
"live_sast","aespa.db","152","845","VWFY-001","confirmed","SQL injection in admin customer search","4537567b59f68d7905223c4c13d479634ad30a5ecb9129255d5adc9cd8ff7a70"
"live_sast","aespa.db","152","846","VWFY-002","confirmed","SSRF in avatar proxy fetches attacker-controlled URL","c522de8c2488c17fd762423d1cae8d0cf237b8ebb8e978b1a89ab6ed03f175c4"
"live_sast","aespa.db","152","847","VWFY-003","confirmed","BOLA: profile update allows modifying any user via user_id","5f730736318c9b96f0a842bf6b8eafa414a94d3984272ff99558280038b315d8"
"live_sast","aespa.db","152","848","VWFY-004","confirmed","BFLA: unauthenticated full data export of all users, accounts and transactions","e22a083f65726008e138253672678aed307a3c0da4a627583740928f36bdce52"
"live_sast","aespa.db","152","849","VWFY-005","confirmed","Unauthenticated /api/health discloses JWT secret and DB credentials","dda74c8d05abd5e8326b1bc029e24a9c02df5ee070d318ab41e07f02e98f28b0"
"live_sast","aespa.db","152","850","VWFY-006","confirmed","Customer JWT tokens never signature-verified (broken authentication)","5900359cc811e7b1b2f077774baddf7160c16957d990848a663aa8aed8d8846c"
"live_sast","aespa.db","152","851","VWFY-007","confirmed","MD5 password hashing (and bcrypt bypass via 32-char hash branch)","eea186c18f72d193526bdcf28d556447387b9335b02735bfb11b9fe745cc9a7d"
"live_sast","aespa.db","152","852","VWFY-008","confirmed","BOLA: external transfer debits any account id (no source ownership check) + no balance check","feb5a0e77ad840c099c99ae528527945ad69ad228c3fa2e81e6f8ecc8fda3f1d"
"live_sast","aespa.db","152","853","VWFY-009","confirmed","SQL injection via sort parameter in transaction list","3527f519a46929153dbfa1cb35143763e4f59e0c4c41d222040e26d583abb0a8"
"live_sast","aespa.db","152","854","VWFY-010","confirmed","2FA/TOTP bypass: external transfer succeeds when TOTP code omitted","87a65a3a1f4d70e70b172af3fe90338aabe1ae4ef425d998d263325457cc8b8d"
"live_sast","aespa.db","152","855","VWFY-011","confirmed","password_hash and TOTP secret leaked in every auth/profile response","80af2efabb9a2f41f1ae28aed5f6ade5f2fc52bf1c7e3d056a913ffdd84806fe"
"live_sast","aespa.db","152","856","VWFY-012","confirmed","BOLA: GET /api/transactions/{id} returns any transaction without ownership check","2c116764249429ffe7d15f7c187669eb6a0dcde7db267526d24ace440e8bf423"
"live_sast","aespa.db","152","857","VWFY-013","confirmed","CORS reflects arbitrary Origin with credentials enabled","8445d2e30c3ff2ea289aff17843b163b7c85c8f685ba93d9b3a0f890707fe051"
"live_sast","aespa.db","152","858","VWFY-014","confirmed","Exception handler discloses file path, line, and full stack trace","8d9fbcebd67a825766fe8ea59dc56c25939f0b66ef89793ee62481626700a75f"
"live_sast","aespa.db","175","1141","ANWR-001","confirmed","","ca6031eafcdfd73e450353f9c46544c50092ed780362d62773e52a9554868199"
"live_sast","aespa.db","175","1142","ANWR-002","confirmed","","33b38a41cd73100188f1a3ad9b2e99a6a1de2fc0b88a5ea9d5ba761100f619c6"
"live_sast","aespa.db","175","1143","ANWR-003","confirmed","","ee49e4b04f6d6df039356144e7f0008497777a667dd07fecef5eb51ae407b76f"
"live_sast","aespa.db","175","1144","ANWR-004","confirmed","","ccf17a78ba37fd878787b4626785304152d8d66e3d91c2c02a1e4bcfcad98c23"
"live_sast","aespa.db","175","1145","ANWR-005","confirmed","","8f808f894544e8d2cffb7b4ca0dcd1f994edd3a4928a76adc9885ddb0201fa8c"
"live_sast","aespa.db","175","1146","ANWR-006","confirmed","","bf10f6042be38d9c4d895461f1855b0019dfe9204ce93dd72d7fa1430a44eea2"
"live_sast","aespa.db","175","1147","ANWR-007","confirmed","","dfe7817a33fb8160975801530c013683894453b306d4604c3de15d3785381cb2"
"live_sast","aespa.db","175","1148","ANWR-008","confirmed","","6758f41cf7550e709ab3925bb505113ff44e3bb104f397c1ba0b1345dd737d1c"
"live_sast","aespa.db","175","1149","ANWR-009","confirmed","","df985e02de947bbc341aeea25a930280825e6358f7aae299832aa09525f65540"
"live_sast","aespa.db","175","1150","ANWR-010","confirmed","","1e18498e041933861f6e62623b826c12f843424c6b9e0d86bca89d2ae5f1cc2e"
"live_sast","aespa.db","175","1151","ANWR-011","confirmed","","a78300b3438ab2ee929c7b48b89809d89c4e918509c676b0b5e48b77b38c57a9"
"live_sast","aespa.db","175","1152","ANWR-012","confirmed","","8be64e0cb7193b54eb0ecbcf7fc7d3af943f4f18c0edce415737fc3cac13f5e9"
"live_sast","aespa.db","175","1153","ANWR-013","confirmed","","e6bf841a4f17ce2cfcad534857ef1f91a32de97cc05ce2e2a84a95e38263f548"
"live_sast","aespa.db","175","1154","ANWR-014","confirmed","","4e5a725d18aebac02aff80e30ce299f3d3ca08ccf680c2cee321b6437fab543f"
"live_sast","aespa.db","175","1155","ANWR-015","confirmed","","c3755936d553d7552b26955b7f08fc200523167d3753146bc32a0dd134340a40"
"live_sast","aespa.db","175","1156","ANWR-016","confirmed","","5d0671421acba09af984fb9f4580f549bf3e034998e773b796ac4a560ac6aa75"
"live_sast","aespa.db","179","1157","NXKZ-001","confirmed","Unauthenticated admin data export exposes all users, accounts and transactions","ed673045215f1df923a6285d3cae050317962081eb477ad8ab471674699606ab"
"live_sast","aespa.db","179","1158","NXKZ-002","confirmed","Customer JWT accepted without signature verification (broken authentication)","baa91e43556081d103aa40e051b773886bdb17a514892fc126e4eb96583a0180"
"live_sast","aespa.db","179","1159","NXKZ-003","confirmed","SQL injection in admin customer search","251b88489cc85cce766181ad92ce83feebc2f31585abc77ccaa057eea6bb6f3e"
"live_sast","aespa.db","179","1160","NXKZ-004","confirmed","SQL injection in transaction history sort parameter","bca766baf5784c0495675f3370e2ef43bd1a08913377c62c499d4416edbf80d1"
"live_sast","aespa.db","179","1161","NXKZ-005","confirmed","Broken object authorization (IDOR) on transaction detail","cd9cf1cae488e2c255f048157bea64d420f44b6dfc45445635d32f87387155d1"
"live_sast","aespa.db","179","1162","NXKZ-006","confirmed","IDOR: external transfer debits any account (source account not ownership-checked)","604272e503569314e5c5d045069622eb80efd6e9503bee846e01fda0d6424528"
"live_sast","aespa.db","179","1163","NXKZ-007","confirmed","SSRF in avatar proxy (user-controlled URL fetched server-side)","1870876fbbae825aadacd14e7fc77862061fcf3163bf5c9f23c76b4a73c8398d"
"live_sast","aespa.db","179","1164","NXKZ-008","confirmed","TOTP / 2FA bypass on external transfers","c2b3ad36de222de7f5a6112e77e8dd3288806f71cb1d27d43f38870acf4e29c7"
"live_sast","aespa.db","179","1165","NXKZ-009","confirmed","Broken object authorization on profile update (user_id overrides target)","cf7ebb5eec4415c4b303cf449b69c1a204856017803f3247cffc5073484e4beb"
"live_sast","aespa.db","179","1166","NXKZ-010","dismissed","JWT signing secret and DB credentials disclosed via unauthenticated /api/health","598981485bde235ed8127f5fbb3e3ee208ee2ed2323a4605a4b946b6d6ffe714"
"live_sast","aespa.db","179","1167","NXKZ-011","confirmed","Sensitive data (password hash + TOTP secret) exposed in profile response","6b9d694de61bcbaeb9d43c8a8085c0b21088c8329ea2fb07a00370558c542e60"
"live_sast","aespa.db","179","1168","NXKZ-012","confirmed","Stack traces, file paths and DB errors leaked in global exception handler","af19c8e632ec1b29f77b0e1467d5316a1b78a997e8dabceafe4749de5b270b26"
"live_sast","aespa.db","179","1169","NXKZ-013","confirmed","Weak MD5 password hashing with legacy md5 verification","ce90c00c85123dee6d1ffc12ee84e0a0d8c5cfb3434037020b632ab6351ac714"
"live_sast","aespa.db","179","1170","NXKZ-014","confirmed","CORS reflects any Origin with Access-Control-Allow-Credentials: true","34bbc0b999deccca1f0653fdc36dc33d86f66baab156aea9babf216470da41dc"
"live_sast","aespa.db","179","1171","NXKZ-015","confirmed","Default/hardcoded admin credentials (admin / password123)","d6f03810850c715e62801bc318a4735ac0528499c0e6c1b8b3c35a51f1793e1c"
"live_sast","aespa.db","179","1172","NXKZ-016","confirmed","Destructive database reset reachable via obtainable admin auth (full data loss / DoS)","28d24da791cd8fc4d8413a0de93c2bd1503ab5f84485f012d470d4930d3509be"
"live_sast","aespa.db","179","1173","XASX-001","confirmed","Unauthenticated admin data export exposes all users, accounts and transactions","ed673045215f1df923a6285d3cae050317962081eb477ad8ab471674699606ab"
"live_sast","aespa.db","179","1174","XASX-002","confirmed","Customer JWT accepted without signature verification (broken authentication)","baa91e43556081d103aa40e051b773886bdb17a514892fc126e4eb96583a0180"
"live_sast","aespa.db","179","1175","XASX-003","confirmed","SQL injection in admin customer search","251b88489cc85cce766181ad92ce83feebc2f31585abc77ccaa057eea6bb6f3e"
"live_sast","aespa.db","179","1176","XASX-004","confirmed","SQL injection in transaction history sort parameter","bca766baf5784c0495675f3370e2ef43bd1a08913377c62c499d4416edbf80d1"
"live_sast","aespa.db","179","1177","XASX-005","confirmed","Broken object authorization (IDOR) on transaction detail","cd9cf1cae488e2c255f048157bea64d420f44b6dfc45445635d32f87387155d1"
"live_sast","aespa.db","179","1178","XASX-006","confirmed","IDOR: external transfer debits any account (source account not ownership-checked)","604272e503569314e5c5d045069622eb80efd6e9503bee846e01fda0d6424528"
"live_sast","aespa.db","179","1179","XASX-007","confirmed","SSRF in avatar proxy (user-controlled URL fetched server-side)","1870876fbbae825aadacd14e7fc77862061fcf3163bf5c9f23c76b4a73c8398d"
"live_sast","aespa.db","179","1180","XASX-008","confirmed","TOTP / 2FA bypass on external transfers","c2b3ad36de222de7f5a6112e77e8dd3288806f71cb1d27d43f38870acf4e29c7"
"live_sast","aespa.db","179","1181","XASX-009","confirmed","Broken object authorization on profile update (user_id overrides target)","cf7ebb5eec4415c4b303cf449b69c1a204856017803f3247cffc5073484e4beb"
"live_sast","aespa.db","179","1182","XASX-010","confirmed","Sensitive data (password hash + TOTP secret) exposed in profile response","6b9d694de61bcbaeb9d43c8a8085c0b21088c8329ea2fb07a00370558c542e60"
"live_sast","aespa.db","179","1183","XASX-011","confirmed","Stack traces, file paths and DB errors leaked in global exception handler","af19c8e632ec1b29f77b0e1467d5316a1b78a997e8dabceafe4749de5b270b26"
"live_sast","aespa.db","179","1184","XASX-012","confirmed","Weak MD5 password hashing with legacy md5 verification","ce90c00c85123dee6d1ffc12ee84e0a0d8c5cfb3434037020b632ab6351ac714"
"live_sast","aespa.db","179","1185","XASX-013","confirmed","CORS reflects any Origin with Access-Control-Allow-Credentials: true","34bbc0b999deccca1f0653fdc36dc33d86f66baab156aea9babf216470da41dc"
"live_sast","aespa.db","179","1186","XASX-014","confirmed","Default/hardcoded admin credentials (admin / password123)","d6f03810850c715e62801bc318a4735ac0528499c0e6c1b8b3c35a51f1793e1c"
"live_sast","aespa.db","179","1187","XASX-015","confirmed","Destructive database reset reachable via obtainable admin auth (full data loss / DoS)","28d24da791cd8fc4d8413a0de93c2bd1503ab5f84485f012d470d4930d3509be"
"live_sast","aespa.db","196","1350","NIWE-001","confirmed","Unauthenticated health endpoint exposes JWT signing secret and database configuration","72d8c369bb5f2e83c9b68ea97762117e7392ca999730e380ad222012f39d1c44"
"live_sast","aespa.db","196","1352","NIWE-002","inconclusive","Public health endpoint exposes the JWT signing secret","a76dd2f54af64b2f9e68b5a3c34a0a2a4ad7e52d7789dc2d26aedf176432eec4"
"live_sast","aespa.db","196","1354","NIWE-003","confirmed","Customer authentication accepts unsigned forged JWTs","a0e2a92c3762c09863a40e0100ef555642919f91be32292d48c4cd58f4423754"
"live_sast","aespa.db","196","1357","NIWE-004","inconclusive","Hard-coded default admin JWT secret enables admin token forgery","eb9bcf58d5b83cfc99beab713718e90c96285dd806822ab89c2d35d95b0a2aa6"
"live_sast","aespa.db","196","1358","NIWE-005","confirmed","Public health endpoint exposes the customer JWT signing secret","01dc8f264e46a1945485c0edb88044f5b9adf4c08d2832e6e4f4949bb2896b91"
"live_sast","aespa.db","196","1359","NIWE-006","confirmed","Published default machine token authorizes money transfers","451b4fc3280416593a02f19af6642feed5e9aaf7a321d09a1f4900c0b6cb8c51"
"live_sast","aespa.db","196","1360","NIWE-007","confirmed","Hard-coded SSO signing secret permits forged insurance identities","8e4086a2ffc46562ffedf8e5ba0b3b23eab3c922cf455dc979a596843ed7ac95"
"live_sast","aespa.db","196","1361","NIWE-008","confirmed","SQL injection in admin customer search","34836169cfb5cf4b142a939a24e3c60d18648e7d563d0002ab1ad7a8599fa6ba"
"live_sast","aespa.db","196","1362","NIWE-009","confirmed","Stored XSS in admin accounts table through account name","ab906fffdeef7baff90d81481fe95a9049d5d8eab74defa44beece24f674d315"
"live_sast","aespa.db","196","1363","NIWE-010","confirmed","Stored XSS in admin customer detail through customer name","884fb8fca6789cc3c8f84a65e58987f71daea84db48056dab1d75d6885862b98"
"live_sast","aespa.db","196","1364","NIWE-011","confirmed","Stored XSS in account transaction history","bdb931fa032466bb38c91b22da2dc3baa09a81ac1c1da29b91da7a33cdbf9103"
"live_sast","aespa.db","196","1365","NIWE-012","confirmed","Insurance SSO tab can navigate the banking tab","12906d8624c17addd524ccc4c4a54cb93fdb9be4de43487b5448d8b4e333b817"
"live_sast","aespa.db","196","1366","NIWE-013","confirmed","Stored XSS in dashboard transaction descriptions","df07bd30629e648f09aaba544f51ddcbc6e7678290e959f6247e1cdcb1b72eb0"
"live_sast","aespa.db","196","1368","NIWE-014","confirmed","SQL injection in admin customer search count query","929d537c4b793dc03f3ad5aa9c94df717b2ecd967ccabe9ac9bbcc522797ca38"
"live_sast","aespa.db","196","1369","NIWE-015","confirmed","SQL injection in admin customer search result query","031af2aedcb69b49af0e6f0b626517d53cef646e163db438a8780c9696194cc9"
"live_sast","aespa.db","196","1370","NIWE-016","confirmed","External transfer debits an account without checking ownership","79d9e62490f550adfa0dd491d597b66ae5d9ee9fe65c0aa8a3942b3bbf656bd6"
"live_sast","aespa.db","196","1371","NIWE-017","confirmed","Credit-card CVVs are stored and returned in plaintext","fd6ca3e50d5d43e7730f4e998f6d615d57b4e75534ccfa41156a3c9f6748d1b9"
"live_sast","aespa.db","196","1372","NIWE-018","confirmed","Unauthenticated admin export exposes all banking records","b789685f12287d2174f693d91621271258d3b0c8ff71dc086a0101a90aa29c19"
"live_sast","aespa.db","196","1373","NIWE-019","confirmed","Hardcoded fallback machine token permits unauthorized payment requests","7d7c9611ed5c7c24615871e5a8ed67700102dc201545283366870c346a67784e"
"live_sast","aespa.db","196","1374","NIWE-020","confirmed","Avatar proxy allows SSRF and local file disclosure","3716fb0f7f5adb66ada5ea2edef2fb908cab5bd2b858e811a9d639bebf60a941"
"live_sast","aespa.db","196","1375","NIWE-021","confirmed","Passwords are stored with unsalted MD5","8abdf270d3ad73dc621a4481f2a463159bd0f999f50f573ee8cf383e3831e938"
"live_sast","aespa.db","196","1376","NIWE-022","pending","Hardcoded admin JWT secret enables token forgery","bd26c8f0c9002e76b17fc1b866ad6dccb165d5be96c5c42d81a6e3fcadaa20b7"
"live_sast","aespa.db","196","1377","NIWE-023","confirmed","Login accepts weak MD5 password hashes","f2bef94e6bbb60d0527f1fe229746967d878a3625676fdc030a0a6ec198460b8"
"live_sast","aespa.db","196","1378","NIWE-024","confirmed","External transfer debits arbitrary customer accounts","b27f85a350ea9cc4e0b3710c8e34d3d370a7a7ef54745f15236decf9ff4cebc6"
"live_sast","aespa.db","196","1379","NIWE-025","confirmed","External transfer can debit another user's account","965931e105c7f1490741e9e62b170106e1725418767f4528cd4d6f2e816fcca4"
"live_sast","aespa.db","196","1380","NIWE-026","confirmed","Hard-coded fallback machine token authorizes payment transfers","2e6f6653cd3ccb6da5c690225431cd1b895be7fd2794ca0ca3bd34eacae332b7"
"live_sast","aespa.db","196","1381","NIWE-027","confirmed","SQL injection through transaction sort parameter","fd3f88abbdbfb25f9ad95bf3cd8c6284e26ed19dbfc0776ce4df5ffb344c9490"
"live_sast","aespa.db","196","1382","NIWE-028","confirmed","Required TOTP can be omitted from external transfers","ad9b8e81bf2cf30d409d41f3b887ede27814a6730ba173e973872c573a2c834d"
"live_sast","aespa.db","196","1435","URBN-001","confirmed","Unauthenticated health endpoint exposes JWT signing secret and database configuration","72d8c369bb5f2e83c9b68ea97762117e7392ca999730e380ad222012f39d1c44"
"live_sast","aespa.db","196","1436","URBN-002","confirmed","Customer authentication accepts unsigned forged JWTs","a0e2a92c3762c09863a40e0100ef555642919f91be32292d48c4cd58f4423754"
"live_sast","aespa.db","196","1437","URBN-003","confirmed","Public health endpoint exposes the customer JWT signing secret","01dc8f264e46a1945485c0edb88044f5b9adf4c08d2832e6e4f4949bb2896b91"
"live_sast","aespa.db","196","1438","URBN-004","confirmed","Published default machine token authorizes money transfers","451b4fc3280416593a02f19af6642feed5e9aaf7a321d09a1f4900c0b6cb8c51"
"live_sast","aespa.db","196","1439","URBN-005","confirmed","Hard-coded SSO signing secret permits forged insurance identities","8e4086a2ffc46562ffedf8e5ba0b3b23eab3c922cf455dc979a596843ed7ac95"
"live_sast","aespa.db","196","1440","URBN-006","confirmed","SQL injection in admin customer search","34836169cfb5cf4b142a939a24e3c60d18648e7d563d0002ab1ad7a8599fa6ba"
"live_sast","aespa.db","196","1441","URBN-007","confirmed","Stored XSS in admin accounts table through account name","ab906fffdeef7baff90d81481fe95a9049d5d8eab74defa44beece24f674d315"
"live_sast","aespa.db","196","1442","URBN-008","confirmed","Stored XSS in admin customer detail through customer name","884fb8fca6789cc3c8f84a65e58987f71daea84db48056dab1d75d6885862b98"
"live_sast","aespa.db","196","1443","URBN-009","confirmed","Stored XSS in account transaction history","bdb931fa032466bb38c91b22da2dc3baa09a81ac1c1da29b91da7a33cdbf9103"
"live_sast","aespa.db","196","1444","URBN-010","confirmed","Insurance SSO tab can navigate the banking tab","12906d8624c17addd524ccc4c4a54cb93fdb9be4de43487b5448d8b4e333b817"
"live_sast","aespa.db","196","1445","URBN-011","confirmed","Stored XSS in dashboard transaction descriptions","df07bd30629e648f09aaba544f51ddcbc6e7678290e959f6247e1cdcb1b72eb0"
"live_sast","aespa.db","196","1446","URBN-012","confirmed","SQL injection in admin customer search count query","929d537c4b793dc03f3ad5aa9c94df717b2ecd967ccabe9ac9bbcc522797ca38"
"live_sast","aespa.db","196","1447","URBN-013","confirmed","SQL injection in admin customer search result query","031af2aedcb69b49af0e6f0b626517d53cef646e163db438a8780c9696194cc9"
"live_sast","aespa.db","196","1448","URBN-014","confirmed","External transfer debits an account without checking ownership","79d9e62490f550adfa0dd491d597b66ae5d9ee9fe65c0aa8a3942b3bbf656bd6"
"live_sast","aespa.db","196","1449","URBN-015","confirmed","Credit-card CVVs are stored and returned in plaintext","fd6ca3e50d5d43e7730f4e998f6d615d57b4e75534ccfa41156a3c9f6748d1b9"
"live_sast","aespa.db","196","1450","URBN-016","confirmed","Unauthenticated admin export exposes all banking records","b789685f12287d2174f693d91621271258d3b0c8ff71dc086a0101a90aa29c19"
"live_sast","aespa.db","196","1451","URBN-017","confirmed","Hardcoded fallback machine token permits unauthorized payment requests","7d7c9611ed5c7c24615871e5a8ed67700102dc201545283366870c346a67784e"
"live_sast","aespa.db","196","1452","URBN-018","confirmed","Avatar proxy allows SSRF and local file disclosure","3716fb0f7f5adb66ada5ea2edef2fb908cab5bd2b858e811a9d639bebf60a941"
"live_sast","aespa.db","196","1453","URBN-019","confirmed","Passwords are stored with unsalted MD5","8abdf270d3ad73dc621a4481f2a463159bd0f999f50f573ee8cf383e3831e938"
"live_sast","aespa.db","196","1454","URBN-020","confirmed","Login accepts weak MD5 password hashes","f2bef94e6bbb60d0527f1fe229746967d878a3625676fdc030a0a6ec198460b8"
"live_sast","aespa.db","196","1455","URBN-021","confirmed","External transfer debits arbitrary customer accounts","b27f85a350ea9cc4e0b3710c8e34d3d370a7a7ef54745f15236decf9ff4cebc6"
"live_sast","aespa.db","196","1456","URBN-022","confirmed","External transfer can debit another user's account","965931e105c7f1490741e9e62b170106e1725418767f4528cd4d6f2e816fcca4"
"live_sast","aespa.db","196","1457","URBN-023","confirmed","Hard-coded fallback machine token authorizes payment transfers","2e6f6653cd3ccb6da5c690225431cd1b895be7fd2794ca0ca3bd34eacae332b7"
"live_sast","aespa.db","196","1458","URBN-024","confirmed","SQL injection through transaction sort parameter","fd3f88abbdbfb25f9ad95bf3cd8c6284e26ed19dbfc0776ce4df5ffb344c9490"
"live_sast","aespa.db","196","1459","URBN-025","confirmed","Required TOTP can be omitted from external transfers","ad9b8e81bf2cf30d409d41f3b887ede27814a6730ba173e973872c573a2c834d"
"live_sast","aespa.db","230","1546","PWNJ-001","confirmed","Unauthenticated /api/health endpoint discloses JWT signing secret and DB credentials","11478fbb41edc2536f8a3fde734a9e6ba4daefa0c3493a4b586a7f29a48f0a31"
"live_sast","aespa.db","230","1547","PWNJ-002","confirmed","Hardcoded default machine_token allows forging machine-to-machine payment authorization","982f83c497697e5cefb3bcd63216c6aa9f340c6fd4962dc7a320fd61d3fb169d"
"live_sast","aespa.db","230","1548","PWNJ-003","confirmed","Hardcoded default JWT and SSO signing secrets enable token forgery if env vars unset","07f2c2ed304b6b9807d5ab27a980ca72e9a9c4d802f1f06d6d05cff76237a06f"
"live_sast","aespa.db","230","1549","PWNJ-004","dismissed","CORS misconfiguration: reflected Origin with credentials allowed; cors_origin config is dead code","758de6b9729e63ebb387c1d0dba10936d109c0eb7d2563c10498e1e7da29b1bc"
"live_sast","aespa.db","230","1550","PWNJ-005","confirmed","Unauthenticated /api/health endpoint discloses JWT signing secret and DB credentials","436d6fad173f5bd14815a30546bcfed3ae58601af09001595725e7c748c86ebb"
"live_sast","aespa.db","230","1551","PWNJ-006","confirmed","Hardcoded default machine-to-machine token allows unauthorized fund transfer","d0afbc99232b6bb2265d750781da06a4c315495487d629555a9f04b5e0fc976c"
"live_sast","aespa.db","230","1552","PWNJ-007","confirmed","Hardcoded default JWT secrets for admin and user auth enable token forgery","ef51b8e2c851527e3a14585a605ac9d9aebf4a64b4b87c64ba0de8119f3cf271"
"live_sast","aespa.db","230","1553","PWNJ-008","confirmed","Hardcoded default insurance SSO shared secret enables cross-app token forgery","36061daab3aecc7b389e3943e0ffc56f64917ccf0049871443c10aab7bcc03b3"
"live_sast","aespa.db","230","1554","PWNJ-009","confirmed","CORS middleware reflects arbitrary Origin with credentials enabled, ignoring configured cors_origin","d2a633934682e7b8bacf38db128db0e205efe997bc4f4f1499244364ee2f10ef"
"live_sast","aespa.db","230","1555","PWNJ-010","confirmed","SQL Injection via unsanitized 'search' GET parameter in Admin customer listing","28fd8b54395f24a32451d4f6dd3c2939ec2a6ae37fa821ef3ccfcf5836eb8b12"
"live_sast","aespa.db","230","1556","PWNJ-011","confirmed","SQL Injection via unsanitized 'sort' GET parameter in transaction history listing","c5ae2bad0e89e9feb8b78b735425ff391839ffb6ea8ce1ba5e5a8e26193f360e"
"live_sast","aespa.db","230","1557","PWNJ-012","confirmed","JWT signature never verified in AuthService::decodeToken - full authentication bypass on banking API","016649ebc0cfcf13b4c418253d977a9071fd1228a8c3ae0d79dcb8c58ef8aeba"
"live_sast","aespa.db","230","1558","PWNJ-013","confirmed","Unauthenticated /api/health endpoint discloses live JWT signing secret","2ae2092dc4c402e2102f7f094a5f12d8ed40a6457bfb8fed54f9496e90005973"
"live_sast","aespa.db","230","1559","PWNJ-014","confirmed","Stored XSS via escaping-order bug in onclick attribute construction (FX rates / address book pages)","537685dd43b08b1cd88d04ac3404e8c372326985e9e2fa1966841571a790d393"
"live_sast","aespa.db","230","1560","PWNJ-015","confirmed","Unauthenticated /api/health endpoint discloses JWT signing secret and database credentials","595fc5a92dba7e9e9585e29d037192b764607257a5167188b9a86cf65fa4005a"
"live_sast","aespa.db","230","1561","PWNJ-016","confirmed","Unauthenticated bulk data export endpoint exposes full users/accounts/transactions tables","ebc3f6bbb60fbd4e495aaa6c1af0ea33913fcfc4902b9cdbc6a8d3510bb18f9c"
"live_sast","aespa.db","230","1562","PWNJ-017","confirmed","Unauthenticated bulk export of all users/accounts/transactions","eeae01b5c1e63e10a265542f43cff2bd149578b89b816a25f24cbb93fa398761"
"live_sast","aespa.db","230","1563","PWNJ-018","confirmed","Broken object-level authorization in PUT /api/profile via attacker-controlled user_id","0bb9659f265506cd0fc145d0bdfa84a35a07a1e45a57d6f2ed049f07f87b73a5"
"live_sast","aespa.db","230","1564","PWNJ-019","confirmed","IDOR: any authenticated user can view any other user's transaction by ID","c6e2d68ed4f8eee7750cc6a3957189110dadefdec784bae22f9596166f011173"
"live_sast","aespa.db","230","1565","PWNJ-020","confirmed","Permissive CORS: arbitrary Origin reflected with Allow-Credentials true, cors_origin config unused","18b358265f984f27a4bfeb362fa6c1f3cfa8afcb6e22aabf3bcbd7e755e547d7"
"live_sast","aespa.db","230","1566","PWNJ-021","confirmed","Hardcoded default machine token grants payments-API access if unrotated","766bf9a3c1c34b4262d6793289e50da4fee6fa899a0aec1d79462c2e3ed2a684"
"live_sast","aespa.db","230","1567","PWNJ-022","confirmed","Hardcoded default SSO shared secret enables cross-app identity forgery if unrotated","fac7f530ca09f1a2fe6498a03a78f5a89448c6212438234c94038817c69eaaa5"
"live_sast","aespa.db","230","1568","PWNJ-023","confirmed","Hardcoded default admin JWT secret with no enforced override","ca63ba13271cb7758c1a61994d6c13e912f595ddc838c9ee5b5be0f055018de6"
"live_sast","aespa.db","230","1569","PWNJ-024","confirmed","SQL injection via 'search' parameter in admin customer listing","d602a30b6d9295a9ee3ff1620440568abb6cdd117b0a3822dd4e214485619311"
"live_sast","aespa.db","230","1570","PWNJ-025","confirmed","JWT signature not verified in AuthService::decodeToken - full authentication/authorization bypass","740bed063a9de0d4cd9f63ac46e5facd50cc7bf93e0e3ca5b44a434f04a01522"
"live_sast","aespa.db","230","1571","PWNJ-026","confirmed","ProfileController::update lets any authenticated user modify another user's profile via 'user_id' body param","d4f9f6d2fa67e31f47eff1a6577535ac33837ea14531b71c32ec52462ea20d8d"
"live_sast","aespa.db","230","1572","PWNJ-027","confirmed","SSRF in ProfileController::avatarProxy via user-supplied URL","c08a0a44c29cc081429a7474551aa951a8efb8746b68fe5c8b262ccc6500b70d"
"live_sast","aespa.db","230","1573","PWNJ-028","confirmed","Unauthenticated /api/health leaks JWT signing secret and DB credentials","2b610aa5ac001b6f7086dc74feb61a22b8b9805046e119bb1680aea22059f366"
"live_sast","aespa.db","230","1574","PWNJ-029","confirmed","User::toPublic exposes password_hash and totp_secret to the authenticated client","249c1168f5a50328b7a766c881e52bb6a070b52342f80e362fdb411a136a92cb"
"live_sast","aespa.db","230","1575","PWNJ-030","confirmed","Unauthenticated /api/health leaks JWT secret and DB credentials","c504a68fbe1028d7bcd0d27ed857338530acbbca521bac3f7afb2dd03cde77a3"
"live_sast","aespa.db","230","1576","PWNJ-031","confirmed","BOLA: GET /api/transactions/{id} returns any user's transaction without ownership check","74a5530d052570050b2a35424b9b8b77facf86a7afd03488248af337e44bbb8b"
"live_sast","aespa.db","230","1577","PWNJ-032","confirmed","IDOR in transferExternal: no ownership check on source account allows draining other users' accounts","66794398ae13a1d5ba9d8ef0e5749a021e097b6f97c47e703971b2235c622925"
"live_sast","aespa.db","230","1578","PWNJ-033","confirmed","Stored DOM XSS: transaction description rendered unescaped in account detail view","87ddca5b40bc13bf1f2e97f6a4b6cc2ba6ce7b9eed94958700ceb22e9fa85040"
"live_sast","aespa.db","230","1579","PWNJ-034","confirmed","Stored XSS in admin panel via customer name rendered inside inline event-handler attributes (HTML-entity encoding decoded before JS execution)","2f7c369240ddb1ea13af638454104f89e80b159a11e0bcac2a03f62842d045db"
"live_sast","aespa.db","230","1580","PWNJ-035","confirmed","IDOR: transferExternal allows draining funds from any account (no ownership check)","694da87fa0cbcaf28d1ecc1b320b3aac86acaf93eaca16d4ea0989136f5532c5"
"live_sast","aespa.db","230","1581","PWNJ-036","confirmed","SSRF/LFI in avatarProxy via unrestricted file_get_contents($data['url'])","34bae483e298aeaf5aeb3f2d7117e89e3708a454c966e4129398b48a3aa57cee"
"live_sast","aespa.db","230","1582","PWNJ-037","confirmed","Reflected XSS via avatar source_url rendered with jQuery .html()","9fd60c7c9c72dc0bc2fdd3020732ae4c7ad92c4bd3314316c2204f675775b470"
"live_sast","aespa.db","230","1583","PWNJ-038","confirmed","Stored/Reflected XSS via unescaped transaction description on dashboard","5dbc646f03d00df5dadc93286726793e5ca6d05f258f98fc1f22f0abc3eda8e4"
"live_sast","aespa.db","230","1584","PWNJ-039","confirmed","BOLA: ProfileController::update allows overwriting any user's profile via 'user_id' body parameter","06b1fa19746be3376ba5c8306eabaef06a14bf0de637d6b354d3289f131dc495"
"live_sast","aespa.db","230","1585","PWNJ-040","confirmed","Sensitive fields (password_hash, totp_secret) leaked in profile/auth API responses","688fcb2a086ca2b7e244b67b1f851c91968ea1958c7c0ff0782590a822f165aa"
"live_sast","aespa.db","230","1586","PWNJ-041","confirmed","No rate limiting / lockout on TOTP verification allows brute-forcing 6-digit codes","55c5619fe53519e4ae7af9541eceee36a200592aa941df90e9d2dbd1af4c1cd6"
"live_sast","aespa.db","230","1587","PWNJ-042","confirmed","SQL Injection in admin customer search (AdminUserController::index)","56ead2a06376cdc47acb1d6ac6bb9c5ced5130a006ed5c1ad2355c620581243c"
"live_sast","aespa.db","230","1588","PWNJ-043","confirmed","Unauthenticated full customer/account/transaction data export endpoint","64b63df903a392a6dba08efdc699ed223d9dc4a8bda5f7f8909957ca5923b30a"
"live_sast","aespa.db","230","1589","PWNJ-044","confirmed","Unauthenticated /api/health endpoint leaks JWT signing secret and DB credentials","66ce22c9917a4fbcd4653f0f8a37f446722d8af9e6a2a9b598b992806d30d257"
"live_sast","aespa.db","230","1590","PWNJ-045","confirmed","IDOR: any authenticated user can view any other user's transaction by id","08ab5cb2d12b93fd9f4ac8ec44efd0b8f910c1e228414e165bd9a5717d56c3f2"
"live_sast","aespa.db","230","1591","PWNJ-046","confirmed","Stored DOM XSS via account_name breaking out of onclick attribute in admin Accounts page","018a8497fba0acb21aae48603156ff8f0934c3840332ee73c9eae215d3ffbd25"
"live_sast","aespa.db","230","1592","PWNJ-047","confirmed","Stored DOM XSS via first_name/last_name breaking out of onclick attribute in admin Customer detail page","de12312901ad5c8b1c8dfe81baaa6094c024319206c25028356967c89c34b6de"
"live_sast","aespa.db","230","1593","PWNJ-048","confirmed","SSRF via unrestricted avatar URL fetch (file_get_contents) triggered from client importAvatar","7063c7efe72834664beb172bc32d8904faa66282433e7d545e6171eadd4d4305"
"live_sast","aespa.db","230","1594","PWNJ-049","confirmed","Stored self-XSS via unescaped Content-Type header reflected into avatar data-URI rendered with innerHTML","bc0de223032d98bae193fbb6412c4672e03071c48cf030ead0dd52f42f5eed5e"
"live_sast","aespa.db","230","1595","PWNJ-050","confirmed","JWT signature verification bypass in customer AuthMiddleware (token forgery / auth bypass)","ef4a1cc11940a749f9407e00f4146e2e8235fc200d5c8e29bb43f5d88c680f87"
"live_sast","aespa.db","230","1596","PWNJ-051","confirmed","JWT signing secret and DB credentials disclosed via public /api/health endpoint","9c57ef1b83831d0e9182e0840093a82e5e0b224269ac68bf3538f5596cb51412"
"live_sast","aespa.db","230","1597","PWNJ-052","confirmed","Stored XSS via transaction description rendered without escaping in account transaction history","091b4ac58ee49c8958e38c0692253fc2126a9757d28a42fa28ba0e8965f023ec"
"live_sast","aespa.db","230","1598","PWNJ-053","confirmed","Stored XSS via unescaped transaction description in account transaction list","3a5424f4083a3dddb2b81c7589b42def41d8d89b1025a2361023e9465f5681a7"
"live_sast","aespa.db","230","1599","PWNJ-054","confirmed","Stored XSS via transaction description rendered without HTML-escaping","0a5e78187cd378c5185d241ccab366271ae7b15e072469d7292d11076a6b1a0a"
"live_sast","aespa.db","230","1600","PWNJ-055","confirmed","SSRF / local file read via unvalidated avatar import URL","15e42b4ed82ca9057612b02628847cf05f2aa98a9bc607c2696c54eedea45431"
"live_sast","aespa.db","230","1601","PWNJ-056","confirmed","DOM XSS via unescaped avatar source_url / Content-Type header in renderAvatar","e51398b18fc272e835f951435a06ec89030c2ba4e62cdcc53f5d08c84db7501b"
"live_sast","aespa.db","230","1602","PWNJ-057","confirmed","Unauthenticated /api/health endpoint leaks JWT signing secret and DB credentials","b56d513f1339445d4f70e7d154e6b51ee0a2e8b79d67446bbde18ca7f7ace0dd"
"live_sast","aespa.db","230","1603","PWNJ-058","confirmed","Broken Object Level Authorization in profile update via attacker-supplied user_id","2dc00a752550c55e1fe32cc2e5caf3f7d72bf0c1b691e28ef00693335db19ecd"
"live_sast","aespa.db","230","1604","PWNJ-059","confirmed","SSRF via unrestricted server-side fetch of user-supplied URL in avatar proxy","0f416bdb13f9563508f259c1be18358e6531350bfebdb0933386346311e52e06"
"live_sast","aespa.db","230","1605","PWNJ-060","confirmed","SQL Injection in admin customer search (AdminUserController::index)","fc71ae7f3e198dd3c83f9e204bd75a2740f038f494b0837a69bf011211eb7308"
"live_sast","aespa.db","230","1606","PWNJ-061","confirmed","Hardcoded fallback JWT secret for admin panel authentication","c943f4409df8484bdcfdef8be4b376bc4db6be679043ef69faf33847d253b253"
"live_sast","aespa.db","230","1607","PWNJ-062","confirmed","Unauthenticated full database export endpoint discloses all users, accounts, and transactions","99c3abd60cde4c54dae1c8f015029d7f733ea72de43a01366ce4e3b0831085c8"
"live_sast","aespa.db","230","1608","PWNJ-063","confirmed","SQL injection via unvalidated 'sort' GET parameter in Transaction::findByUser (ORDER BY clause)","155e4368d8a2f2a7729852d3121c173e7f71b61a22ca2ce3b756cbc362c54e12"
"live_sast","aespa.db","230","1609","PWNJ-064","confirmed","SQL injection via unvalidated 'sort' GET parameter in Transaction::findByUser (no accountId branch)","1db6046b2678bd59144a9089e3465d6732566d5ed4ec51178d866c8033478bf5"
"live_sast","aespa.db","230","1610","PWNJ-065","confirmed","SQL injection in admin customer search via unsanitized LIKE interpolation","295133f617d3d0cb20510e673685cc15f10a91e1aeb2d8fbe88378f9908e53da"
"live_sast","aespa.db","230","1611","PWNJ-066","confirmed","SQL injection via unsanitized `sort` parameter in transaction listing ORDER BY clause","00a7b33b06aa51f3b1943720e1da8f7e345daac0955841dbac51afc8074ee8c8"
"live_sast","aespa.db","230","1612","PWNJ-067","confirmed","Unauthenticated admin data export exposes all users, accounts, and transactions","683ea785f7d7d27add43224dd5348c7cbf955c07f646facd063c6afa300f4785"
"live_sast","aespa.db","230","1613","PWNJ-068","confirmed","SSRF via unrestricted user-supplied URL in avatar proxy","cebf40287dbc757e6d729c177006734693374a1a4120c511b906a5393f4ac414"
"live_sast","aespa.db","230","1614","PWNJ-069","confirmed","IDOR: any authenticated user can view any transaction by ID","9ed4272d29261bbe271dfb4aea94126fde5469e4aed6a80123e9000716357ac8"
"live_sast","aespa.db","230","1615","PWNJ-070","confirmed","JWT signature verification bypassed - full authentication bypass","85ec01ea07bcfcc032ba09719c3ee2906c0c627c294d4ae64d84c740f4749c7f"
"live_sast","aespa.db","230","1616","PWNJ-071","confirmed","BOLA: profile update accepts attacker-controlled user_id to modify any account","846b0d23e21123b149f004590010fc599b8f320bb5ea05ebd02c62854c972fbe"
"live_sast","aespa.db","230","1617","PWNJ-072","confirmed","Sensitive fields (password_hash, totp_secret) exposed in profile API responses","8ba331d821f37472e179581b5ad1ed6dc4d7349e685fe58c2a2f09d40682016e"
"live_sast","aespa.db","230","1618","PWNJ-073","confirmed","Weak password hashing algorithm (MD5) for legacy accounts","393f00ada2d2410d1b4cfa1521cb3e383c94c3dc0cb10b73643c458ab4e2f6ed"
"live_sast","aespa.db","230","1619","PWNJ-074","confirmed","Unauthenticated /api/health leaks JWT signing secret and DB credentials","56e71eac3eb3dc7588484677da4f38fb6130889c00e405273915e0a7a85eb52f"
"live_sast","aespa.db","230","1620","PWNJ-075","confirmed","Internal exception details (stack trace, file path) leaked to API clients","02995c65ca8d2512dbb7234f2820cd13019587cb1f0895a7552eb831432d74fe"
"live_sast","aespa.db","230","1621","PWNJ-076","confirmed","Passwords hashed with unsalted MD5","b72fd9ee28cabaf8e718641e708af3fe8778d286ac3dce23a23a5fb579930b47"
"live_sast","aespa.db","230","1622","PWNJ-077","confirmed","IDOR: transferExternal() debits any account by ID with no ownership check","97cdbc3130849718ccf4b3a46524d77b631d8e302d917abac329eca22aa7fe86"
"live_sast","aespa.db","230","1623","PWNJ-078","confirmed","TOTP/2FA bypass: external transfers proceed without TOTP when user has not enabled 2FA","38e9f8bb6d8adfbdf27e81b45085911b6883ff2e333498c8afb0fb5d35305303"
"live_sast","aespa.db","230","1624","PWNJ-079","confirmed","JWT signature never verified - auth tokens can be forged","a8e321366b932d038c67b1d5b6fa599295c267692f139e761ac73b7ab4d0c85c"
"live_sast","aespa.db","230","1625","PWNJ-080","confirmed","Broken access control: any authenticated user can modify another user's profile via user_id parameter","a454f3d9b3c64722a8aec85f333e9272d21daf966f5ade7e6b054856f9479d50"
"live_sast","aespa.db","230","1626","PWNJ-081","confirmed","Health endpoint discloses JWT signing secret and DB credentials","8e6b16130fd64eaa90baf359b5304e114d75d026bb44214089932770579df1a5"
"live_sast","aespa.db","230","1627","PWNJ-082","confirmed","SSRF in avatar proxy - server fetches arbitrary attacker-supplied URL","bf8757aebc7ea6ea55c54c046a014bee0b69dd8c3d56f3111e37a73b6391bbc4"
"live_sast","aespa.db","230","1628","PWNJ-083","confirmed","SQL injection via unsanitized ORDER BY column name in transaction history sort parameter","97c08e7f0086c035e8aee85278cf6006b89836791734b319e9973a153bc6eccd"
"live_sast","aespa.db","230","1629","PWNJ-084","dismissed","CORS misconfiguration: reflected Origin with credentials allowed; cors_origin config is dead code - Unused/dead cors_origin configuration gives false impression of origin restricti","915976e9af867b1985a3e99353bf088cc54fb545c958e389d56e010fa86a6a8c"
"live_sast","aespa.db","230","1630","PWNJ-085","confirmed","Hardcoded default JWT secrets for admin and user auth enable token forgery - Hardcoded default user JWT secret","e222b5fb6349ac41d0d2eca3eee9da5ca96fd1c9c642e797d2f71e1dc1511814"
"live_sast","aespa.db","230","1631","PWNJ-086","confirmed","Unauthenticated /api/health leaks JWT secret and DB credentials - Endpoint is reachable without authentication","e50779caa73f616a5714e36f57b0674feff4eb14b4678ed4a7efa2b802135213"
"live_sast","aespa.db","230","1632","PWNJ-087","confirmed","Stored XSS in admin panel via customer name rendered inside inline event-handler attributes (HTML-entity encoding decoded before JS execution) - No server-side restriction / output-context-aware encoding of user-supplied firs","57d09567b9bd4fd822cefd7a7babec045c330cb373a2a7549fe2bb0df36536f2"
"live_sast","aespa.db","230","1633","PWNJ-088","confirmed","Stored DOM XSS via account_name breaking out of onclick attribute in admin Accounts page - No server-side sanitization or character restriction on account_name allowing qu","3d8ec01cd7662ea57b4c56b07e7b5571f045c144081dc1dcf2aa41899b55bd44"
"live_sast","aespa.db","230","1634","PWNJ-089","confirmed","Stored DOM XSS via first_name/last_name breaking out of onclick attribute in admin Customer detail page - No character/quote restriction on user-supplied first_name/last_name at registra","ad828fa0c9dcebc3bd24f9d685da5f6165faa3ffc6cbd169f6cb6f5adff2bdc7"
"live_sast","aespa.db","230","1635","PWNJ-090","confirmed","Stored self-XSS via unescaped Content-Type header reflected into avatar data-URI rendered with innerHTML - Client renders untrusted avatar_data via innerHTML instead of setting the img sr","1c973b234bb37a21d2e2d5eec9a76ddf00af8f64b96a31c6ce4637cec62648e9"
"live_sast","aespa.db","230","1636","PWNJ-091","confirmed","Stored XSS via transaction description rendered without escaping in account transaction history - Missing output encoding of tx.description in dashboard.js recent transactions wi","f74cb9cd7c05d95da64fa32e11ce8aad6f38b09b5e054c817981a346bcf0f54a"
"live_sast","aespa.db","230","1637","PWNJ-092","confirmed","Stored XSS via transaction description rendered without escaping in account transaction history - Missing server-side sanitization of user-supplied description field before persi","451490115610717e175441c761e318fb2d1c4c7622e785ef5c0440488337ed0f"
"live_sast","aespa.db","230","1638","PWNJ-093","confirmed","Stored XSS via unescaped transaction description in account transaction list - Missing input sanitization/HTML-stripping of description field server-side in Tr","4a82431031e4c91a63866a9800a2dcbf4dda3be4de38b6dc81763d673230f665"
"live_sast","aespa.db","230","1639","PWNJ-094","confirmed","Stored XSS via transaction description rendered without HTML-escaping - Missing/insufficient server-side sanitization of user-supplied transfer descript","6768cdd85580fccd906d278daa9d23b8f85a44ea23b8c99afff34b3e81ac20b7"
"live_sast","aespa.db","230","1640","PWNJ-095","confirmed","Unauthenticated /api/health endpoint leaks JWT signing secret and DB credentials - Endpoint is not gated behind authentication despite exposing sensitive configura","862cd891fbdf8d70ace55f894482195188e981a845c1ca1c8e4863f11242cdab"
"live_sast","aespa.db","230","1641","PWNJ-096","confirmed","TOTP/2FA bypass: external transfers proceed without TOTP when user has not enabled 2FA - Fail-open TOTP enforcement when totp_code is omitted even though 2FA is enabled","e6b93c0c7378c33866ba21a42933169b83522c98ddbd8d9d3bba559bd8d7835a"
"live_sast","aespa.db","231","1642","CVTA-001","confirmed","Unauthenticated /api/health endpoint discloses JWT secret and DB credentials","e97fdea20074d735cc5c99189ecedad0974d0cb91c46c9fb83b32acd97ea8b86"
"live_sast","aespa.db","231","1643","CVTA-002","confirmed","Hardcoded default admin JWT signing secret","b1cf5b5a726387b2b376328983ec12928bd0300e88371a0894e1fa7e9017bdaf"
"live_sast","aespa.db","231","1644","CVTA-003","dismissed","Hardcoded default customer JWT signing secret enables auth forgery","83a34b9eac9de125b9ea7048fcb1d383e60b45180ee8902bb4a0b53737b0cb41"
"live_sast","aespa.db","231","1645","CVTA-004","confirmed","Hardcoded default SSO shared secret allows forged insurance SSO tokens","01fb457c1a9d5efb32ea5153fb959d7c4bde48756baf0f29358ccb60d38ef011"
"live_sast","aespa.db","231","1646","CVTA-005","confirmed","Hardcoded default machine token allows unauthenticated payment initiation","69f671dd333919d160b8ad79c3ce7d70f11d7cff94fcf855a400e4fb4d7ffc58"
"live_sast","aespa.db","231","1647","CVTA-006","dismissed","CORS reflects arbitrary Origin with credentials enabled; cors_origin config unused","5808f47b2592c5e5574d605e0b146e291562021074b93447b5cc2a5d8102eb16"
"live_sast","aespa.db","231","1648","CVTA-007","confirmed","Unauthenticated /api/health endpoint leaks JWT secret and DB credentials","7e27f498b68cd083af27938d09233d686c4df5b2fa88361271ab775b2ddffaab"
"live_sast","aespa.db","231","1649","CVTA-008","confirmed","Unauthenticated /api/health endpoint leaks JWT secret and DB credentials","39da31a56a8f0ce94b5530ceadcf5e8a0dcc2b59b8e1e3f97b438b3b09094974"
"live_sast","aespa.db","231","1650","CVTA-009","confirmed","Hardcoded default JWT secret for admin panel enables admin token forgery","5652f58e0989544db41395a2dcd284633304924ac9a4e8f836620e43f4341172"
"live_sast","aespa.db","231","1651","CVTA-010","confirmed","Unauthenticated /api/health endpoint discloses JWT signing secret and DB credentials","abfd48624a04b96d67048340cf69ec3e8ef1c308099a7fb0f937ff882ba7d984"
"live_sast","aespa.db","231","1652","CVTA-011","confirmed","Hardcoded default insurance SSO shared secret allows forging cross-app SSO tokens","999687eaf7622f531210aa579f5c88967f9d252a90bd56536a017cc71c25e09a"
"live_sast","aespa.db","231","1653","CVTA-012","confirmed","Hardcoded default machine token grants unauthenticated access to payment/transfer endpoints","04aa38a1bf0cf7ea784ac9bda62e211eb54cc32178a45e09d5bcf04c5242f568"
"live_sast","aespa.db","231","1654","CVTA-013","confirmed","Stored XSS in admin panel via broken JS-string escaping in dynamically-generated onclick handlers rendered through innerHTML","67891a653855ba20b3139b0aa23a8867a57aacd519c6d81db5b7c306f30fa3ab"
"live_sast","aespa.db","231","1655","CVTA-014","confirmed","DOM-based XSS via HTML-entity double-decoding in admin onclick attribute (account_name)","3ae63c163bad4f13d7a0853fedc857b9df43fa0ad6bfbcf47c9a4e9d70613b75"
"live_sast","aespa.db","231","1656","CVTA-015","confirmed","DOM-based XSS via HTML-entity double-decoding in admin onclick attribute (customer name)","e9278ab4e6e5050a4b0a5b86d9a61d0c4200b808e475470c7ab7924b4c481337"
"live_sast","aespa.db","231","1657","CVTA-016","confirmed","Stored XSS via avatar import: attacker-controlled Content-Type header injected into innerHTML-rendered data URI","1f391027af9b8c3e6ac7cb126497dfec682c0f3c8aa5674c0665065a0f3a39ac"
"live_sast","aespa.db","231","1658","CVTA-017","confirmed","Stored XSS in admin FX Rates table via onclick attribute injection (currency_name)","5cbea2ea670c5a44674dc43ade7e26e5a65d8968cd948be37663ed3072ba915b"
"live_sast","aespa.db","231","1659","CVTA-018","confirmed","Stored XSS sink: unsanitized FX rate data written via innerHTML in admin panel","ec7a280b70090abbf0e31a6d6b8e9ee245e472728b7ee54b56e2dc8da78aab9f"
"live_sast","aespa.db","231","1660","CVTA-019","confirmed","Stored XSS via unescaped transaction description in account transaction history","fee4d6fdb027931c17f0151f365b0aa515c8b009b43d95fda3c0e9e8210ea298"
"live_sast","aespa.db","231","1661","CVTA-020","confirmed","Stored XSS via unescaped transaction description in account transaction history","5bc0a1f2b4f74c48739f16a291ea98d0d0f08a1e9f58d5281b869f8163d76a54"
"live_sast","aespa.db","231","1662","CVTA-021","confirmed","Stored XSS via unescaped transaction description on dashboard","144c483533510132ccadab1cfeeecf15b41295b0fdbac8acad4b114ac1827f4a"
"live_sast","aespa.db","231","1663","CVTA-022","confirmed","Stored XSS sink: innerHTML write of transaction list containing unescaped description","4932d89b23d0ee24881ff2032bdb6cd04f592a352b24938adc545bfce790e71f"
"live_sast","aespa.db","231","1664","CVTA-023","confirmed","Self-stored XSS via unescaped avatar source_url/avatar_data rendering","66a508bd17ae2cc494c811dcb7d51bcfb9182e966a5a726df4a05c345209f424"
"live_sast","aespa.db","231","1665","CVTA-024","confirmed","SQL Injection via 'search' parameter in Admin Customer List endpoint","4417d9256dfac08bca7cd9c847896369aee6a927f9eee3dfac06634335ffb4ba"
"live_sast","aespa.db","231","1666","CVTA-025","confirmed","SQL Injection via 'search' parameter in Admin Customer List (fetch query)","2e93ebd08629c4db325513406c4b6b579faf16660494a721883c2a7ed0d6f210"
"live_sast","aespa.db","231","1667","CVTA-026","confirmed","Unauthenticated /api/health endpoint leaks JWT signing secret and DB credentials","9a4d9e8362ca1f7f80eabccf9df1f7af1384201267bd4eac9441379bac8754f0"
"live_sast","aespa.db","231","1668","CVTA-027","confirmed","JWT signature never verified in AuthService::decodeToken - full authentication bypass affecting TOTP verify and all AuthMiddleware-protected routes","a3c9affff08acd857a084faa62fcaf6e96a748e6658c8b2a4d0c7f628844c44c"
"live_sast","aespa.db","231","1669","CVTA-028","confirmed","SQL Injection via unsanitized 'sort' GET parameter in transaction history query","129eca09f31aad0a56e746ec6bdc0ef4f3d6a08f48f1b991ae2553ed953a7bbb"
"live_sast","aespa.db","231","1670","CVTA-029","confirmed","SQL Injection via unsanitized 'sort' GET parameter (default account_id path)","c9fe55ae436d28591820d4a4200083f545492ca3d33ebed21701fc974fd618dd"
"live_sast","aespa.db","231","1671","CVTA-030","confirmed","SQL injection via search parameter in AdminUserController::index","aef9baca9d401a3c6b646558cc7797731bf8a65ef8928c704fb7d55dcc171bc9"
"live_sast","aespa.db","231","1672","CVTA-031","confirmed","Unauthenticated full database export endpoint leaks password hashes and TOTP secrets","50f8277ee7f1fc94ff16b85c0e3ea1b0875402845263565d95a47fbf743a44a2"
"live_sast","aespa.db","231","1673","CVTA-032","confirmed","Broken authorization in machine-to-machine funds transfer allows draining arbitrary customer accounts","b4fe0497620a123b8db5b5880ceb48293f49f47259b24f68b86618b751273c0a"
"live_sast","aespa.db","231","1674","CVTA-033","confirmed","SSRF via unrestricted avatar URL fetch in ProfileController::avatarProxy","b867b94d1c48545442dde2dcfa20fe676026cdce3c537b6d19299a14092b30ce"
"live_sast","aespa.db","231","1675","CVTA-034","confirmed","Passwords hashed with unsalted MD5 instead of a secure algorithm","46f76e1c8dde4277d586aaa6d4a4e7deeef8569e7d40021a549805112a4fa45e"
"live_sast","aespa.db","231","1676","CVTA-035","confirmed","JWT signature not verified when decoding bearer tokens (auth bypass / forgery)","883ad95584e710e3a6156e18487adbcc43089997f33b46d9ecb20a629a4cda20"
"live_sast","aespa.db","231","1677","CVTA-036","confirmed","IDOR: external transfer source account not verified to belong to the authenticated user","c02690de5eb1c8e38c5d83fb8a7c6cfedd5b804f1134e77bc7feee8a7b940865"
"live_sast","aespa.db","231","1678","CVTA-037","confirmed","TOTP/2FA can be bypassed for external transfers when not configured or code omitted","d9d8d973df3afeb884c6887e9d71d878cc3f813476c4d0b3ccdcba5319c6e9b5"
"live_sast","aespa.db","231","1679","CVTA-038","confirmed","IDOR in ProfileController::update leaks any user's password hash and TOTP secret (full account takeover)","8073a1de16fc016eff845923f723bcf2c08319ab266bc0e0821df0d5e1dde086"
"live_sast","aespa.db","231","1680","CVTA-039","confirmed","BOLA in TransactionController::show allows viewing any user's transaction by ID","7edf6e8449830ffac950ecb7803c1983a91a6fcc51b1d2210c8fe76fb577000c"
"live_sast","aespa.db","249","1750","ENCX-001","confirmed","Customer JWT signatures are never verified","838a453167557eef123574fca1f9dd447d4f579e049d51844387db781e5c49b0"
"live_sast","aespa.db","249","1751","ENCX-002","confirmed","Hardcoded admin JWT secret allows forging admin tokens","4c55f9069bf7c5c6b0ed30fd2d57df133c6515c5266396d211417bc77866e1f4"
"live_sast","aespa.db","249","1752","ENCX-003","confirmed","Unauthenticated /api/health leaks JWT secret and DB identity","ea28b518f7510e936bb4fd2f9e85ca3756c8050ecc7c961b5b5599542d959ef7"
"live_sast","aespa.db","249","1753","ENCX-004","confirmed","Hardcoded machine token authenticates payment APIs","01ea752ec5859503271cf5e4869f59934cdf1ec3e831211496e95e51ccda9d24"
"live_sast","aespa.db","249","1754","ENCX-005","confirmed","Unauthenticated admin export dumps all banking data","a22adb1f9abe0aa51ca6d9b452ab66e05a229bd66e8929e036b172e5af2d5f06"
"live_sast","aespa.db","249","1755","ENCX-006","confirmed","Profile update accepts attacker-controlled user_id (IDOR)","4acf8ed8a876aa277f9e1629cf3a817a536332d29b699b3c0eff3657f456b0cb"
"live_sast","aespa.db","249","1756","ENCX-007","confirmed","Transaction show has no ownership check","452d5f8ea579213a855eb32d6185ed8448e57e517ed93739b4bdf3981bc444d4"
"live_sast","aespa.db","249","1757","ENCX-008","confirmed","Hardcoded insurance SSO HMAC secret","918e2a94e57a92bd2516a6bcf12d095a5b9352fdd14838ca7c21d8d153b4e45f"
"live_sast","aespa.db","249","1758","ENCX-009","confirmed","User API responses include password_hash and totp_secret","bc727efa1cea38308fb3b9d3e639310cd1bf227a5397bd6ef0ed7ef1e1191232"
"live_sast","aespa.db","249","1759","ENCX-010","confirmed","Unauthenticated /api/health leaks JWT secret and database credentials","e755aa99b63e9521e60dc24951de38de962282ca63b44d1d9a0f6731e38dcc57"
"live_sast","aespa.db","249","1760","ENCX-011","confirmed","JWT authentication accepts unsigned/forged tokens","3d0b0746538eb388e73e59ae22a54d6cb20555fafaac7dc6145378d5929146ce"
"live_sast","aespa.db","249","1761","ENCX-012","confirmed","Profile update IDOR via user_id allows mutating other customers","b26bc003303fa2918f43789b744140495d41100c4f7e1a0505efa4b8ba490611"
"live_sast","aespa.db","249","1762","ENCX-013","confirmed","Transaction detail endpoint lacks ownership check","d543661fa869e20e263cfa6c1fe217de2837ef9bcdb585f4c306851ceda00c30"
"live_sast","aespa.db","249","1763","ENCX-014","confirmed","External transfer IDOR lets any user debit another customer's account","c70911758f165130c0e01eeae1022996aea394e7c451b2c635e1821011a029d8"
"live_sast","aespa.db","249","1764","ENCX-015","confirmed","Unauthenticated admin export dumps all users, accounts, and transactions","d336302c7c036094a27c0821d9ea00c9d65c436b6c9be87f056e5c1c0f2e9c7a"
"live_sast","aespa.db","249","1765","ENCX-016","confirmed","Auth and profile APIs return password hashes and TOTP secrets","bd798a5c4e6f9aad023be99b44efeb0913ad20469a17b88c09da3d6535e946f5"
"live_sast","aespa.db","249","1766","ENCX-017","confirmed","Login issues JWT without verifying TOTP even when 2FA is enabled","2835e06c7144d1197937c0f4fda57cdd5d75f6a472f4280859bfedd23b60d29d"
"live_sast","aespa.db","249","1767","ENCX-018","confirmed","Hardcoded machine token fallback authenticates payment APIs","4a4838a4f412db2202c9f5e51bad94b45293ae8c533817a10b44ff3497016c40"
"live_sast","aespa.db","249","1768","ENCX-019","confirmed","Unauthenticated /api/health leaks JWT secret and database credentials","31bff346d03a3da01c4bfc76b49b0d239fa221846f658aac37f4ffca3c26ff7c"
"live_sast","aespa.db","249","1769","ENCX-020","confirmed","Customer JWT signatures are never verified","6a07ca4e0d275b5b7e456f93ef67e32f0dc7f49c71ac9b8a0085ffcce6edbd9a"
"live_sast","aespa.db","249","1770","ENCX-021","confirmed","External transfers debit any source account without ownership check","127f0acb3aa8086f9a585dd4705795fd0a56671ffbe2eb567047c75976a4c478"
"live_sast","aespa.db","249","1771","ENCX-022","confirmed","External transfers skip balance checks allowing unlimited overdraft","9a06895efd02e1cba0cf16ef6eacc339408b06c5e93585578c47b9d5cdb3e586"
"live_sast","aespa.db","249","1772","ENCX-023","confirmed","TOTP step-up on external transfers can be skipped","06a8342f41eec2b7b1daa25a4d11399a8363094f95ed5a7bbd4b4a7aa3c44da5"
"live_sast","aespa.db","249","1773","ENCX-024","confirmed","GET /api/transactions/{id} returns any customer's transaction","cc47301f56a1885ecbbaaf7a4efc1953511c59bfaf689bb0d7e07a1abbaf14c6"
"live_sast","aespa.db","249","1774","ENCX-025","confirmed","Stored XSS in admin customer Delete handler via HTML-entity decoding","a40e58b17df9b57473001b8e9ccde0ca5e9fe882b1a5fa54c3fc00c7656c45f9"
"live_sast","aespa.db","249","1775","ENCX-026","confirmed","Stored XSS in admin accounts table via account_name onclick","f8a9c22ed9cf6d6ddebe004b16b43ac8839694ab9bb9b338e5c093c08831a8e9"
"live_sast","aespa.db","249","1776","ENCX-027","confirmed","Stored XSS in admin customer detail via name in Delete onclick","8b22d7feeb7eaf4bab0aa266ff9ac217b1276e7cf60dff0ea0cd5caec2e65162"
"live_sast","aespa.db","249","1777","ENCX-028","confirmed","DOM XSS via unsanitized avatar_data in sidebar innerHTML","631084ba21e1323b9b16b0d5e14acb48e8487d24944cde2f1b596654eee352f8"
"live_sast","aespa.db","249","1778","ENCX-029","confirmed","Stored XSS via unescaped transaction description on account detail","c3fa3077e5bfbf84db108328694910bda2320e5fcc5c3fc108edddc1855363b5"
"live_sast","aespa.db","249","1779","ENCX-030","confirmed","Stored XSS via unescaped transaction description on dashboard","7b98702651cd758054dbcb7092f04b458c2454f66053b598d4fe1cc1ad8b633a"
"live_sast","aespa.db","249","1780","ENCX-031","confirmed","Unauthenticated admin export dumps all users, hashes, and transactions","4d56da9b5295a07bf48cc0e97ab843ff0abb678b319d10c2a5b320f371085dc1"
"live_sast","aespa.db","249","1781","ENCX-032","confirmed","JWT decoder ignores signatures, allowing authentication bypass","c7c854985cca29af733eb8de2a72f144b9f8468e7aa04c6bf0953286e4705cdc"
"live_sast","aespa.db","249","1782","ENCX-033","confirmed","SQL injection in admin customer search","2d18308d0eba77f4b2906bfbe83553a2d666494f3ff526cf6f0b674c65e3878a"
"live_sast","aespa.db","249","1783","ENCX-034","confirmed","Unauthenticated admin export dumps all users, accounts, and transactions","7654663702e73a4bb450d8be9f92b2764baff41568afc1a7525eaf1c35c96b6e"
"live_sast","aespa.db","249","1784","ENCX-035","confirmed","SQL injection in admin customer listing fetch query","f4790e6a14548109b2a363e6da39cd98b650c4316ed56e1a6b59e0b9f2776c20"
"live_sast","aespa.db","249","1785","ENCX-036","confirmed","Unauthenticated export dumps all users, accounts, cards, and transactions","42eb854767cb5408ea0bac93407619ba22d01151e7e8ab659318c89d32419f9c"
"live_sast","aespa.db","249","1786","ENCX-037","confirmed","SSRF: avatar proxy fetches attacker-controlled URL and returns the body","df7c8a5df6e6b7c57ff0c585325aa540a8b6aec2888583f6a0e7987a152cd050"
"live_sast","aespa.db","249","1787","ENCX-038","confirmed","IDOR: profile update accepts arbitrary user_id","a5c3492fa02753aae3db8bb37bffcac055e3a0de8170dd65bdddf1c38013f0a1"
"live_sast","aespa.db","249","1788","ENCX-039","confirmed","Profile and auth responses leak password_hash and totp_secret","5071862371469556e3d9fdc79b06be51aea9dface9e9cea458bc9b3d4403faa7"
"live_sast","aespa.db","249","1789","ENCX-040","confirmed","SQL injection in admin customer search","1d1c4604757032a695eb16ec4648b85792c4ae53fe9e96a3f141a97cbf116e3f"
"live_sast","aespa.db","249","1790","ENCX-041","confirmed","SQL injection via unsanitized transaction sort column","f0d08d00dbce951c12a7998cbcb806d388832f7da9fa6a073d8a49d6d8fe0538"
"live_sast","aespa.db","249","1791","ENCX-042","confirmed","IDOR: any customer can read another user's transaction by ID","0afd199d610841970a017d4f39d9353f96f14d52156b2a4e97fa7ea817ef5830"
"live_sast","aespa.db","249","1792","ENCX-043","confirmed","IDOR: external transfer debits any account by ID","cc9e9b3183e265f18440f9340fa26ddc9c1cf988460078ee21a2fac7fa4c9cb7"
"live_sast","aespa.db","249","1793","ENCX-044","confirmed","TOTP required for external transfers can be skipped by omitting the code","1aaa0d090e9240926b1607990a82ef9c78b4d0dd058e456c6ffd81567c601346"
"live_sast","aespa.db","249","1794","ENCX-045","confirmed","Card payments skip CVV verification when the field is omitted","0f52ce2710f1e641b8937e4bf6542e952f4f3c7a6b0b97598e11ff38c55929e4"
"live_sast","aespa.db","249","1795","ENCX-046","dismissed","Payments transfer API does not authenticate the source account holder","4d30a988f28c8236767e01e75f02ad8bfdf1ff024016ccc9729e7879787fc94a"
"live_sast","aespa.db","249","1796","ENCX-047","confirmed","Unauthenticated /api/health discloses JWT secret and database credentials","8f08041b857a39707e9558183c9f53faf60a3a54fc3e8e985e8618e390f6684a"
"live_sast","aespa.db","249","1797","ENCX-048","confirmed","SQL injection via unsanitized sort parameter in transaction listing","01e7456dc2939dfffc9747355b89fdf8b47f043be60ddf30aa8746a014f7e3d7"
"live_sast","aespa.db","249","1798","ENCX-049","confirmed","BOLA: any authenticated user can read another user's transaction by ID","c9f058bcfea643a96525b4be936ea1e35ba2e09dec71201f2d0b5ef646a2939a"
"live_sast","aespa.db","249","1799","ENCX-050","confirmed","Hardcoded machine-token fallback always authenticates payment APIs","fbc36086978a60b05d4f58c232eae576ca267ac1fae0368cf90dc53aad867837"
"live_sast","aespa.db","249","1800","ENCX-051","confirmed","SQL injection via sort in unfiltered transaction query branch","433bf6bf33fa40ece51dde0d78088a4d6a134dabf23314554e0ca0ee43ba9d23"
"live_sast","aespa.db","249","1801","ENCX-052","confirmed","SQL injection via unsanitized ORDER BY sort parameter","7ca09e7925eb1932eef701a512aa9c968b6de2c83e92dc6996fc64790baade18"
"live_sast","aespa.db","249","1802","ENCX-053","confirmed","User API responses leak password hashes and TOTP secrets","45c3bae8608fc52decfd789db8d6e19e3e289fe1c0d8ae90ed47ac4d8db9a269"
"live_sast","aespa.db","249","1803","ENCX-054","confirmed","IDOR allows updating and reading another user's profile","b3b699a381cfc3ccedf7a9945b34e7fd94febaeba8b87993783e2bd920e6e0ef"
"live_sast","aespa.db","249","1804","ENCX-055","confirmed","Unsalted MD5 used for password hashing and verification","ee32aa13ccebc7a386cb9843bda2a52231731239fa40cfe0df29d7b84686d551"
"live_sast","aespa.db","249","1805","ENCX-056","confirmed","JWT decoded without signature verification enabling auth bypass","7caae675a750fd0b0ef469906f7651c915f56e3bc545ff760ecb3358b37c1ec2"
"live_sast","aespa.db","249","1806","ENCX-057","confirmed","External transfer IDOR drains any customer's source account","233b3fdd7bdfe2cdca6e181f89c805b97f86d80adb2d9cbea7b5d352c9d12706"
"live_sast","aespa.db","249","1807","ENCX-058","confirmed","External transfers skip TOTP even when 2FA is required","ad92fdd8382da7347fba586c89f325541ef0601736f4e297e84f50874d3462bb"
"live_sast","aespa.db","249","1808","ENCX-059","confirmed","External transfers have no source-balance check","963d5722279507953afd58b8291f848d76b0e4c46b91283a4a375aac9418cfa7"
"live_sast","aespa.db","249","1809","ENCX-060","confirmed","IDOR: any user can debit another customer's account via external transfer","a1814a1e9fbc8a8ad871a62467a7bccd97ec187d33179a0483e7cfbac52a0db0"
"live_sast","aespa.db","249","1810","ENCX-061","confirmed","External transfers debit accounts with no available-balance check","c185ea370b0cf3676ff8dd1f1505322c0180ab7b6427548c1a7c8f75837a0173"
"live_sast","aespa.db","249","1811","ENCX-062","confirmed","Self-service credit-card limit and loan amount have no upper bound","9ede0563edfbb4affdd552a65f080ba8382e57782078bdbc2107c68fea020a3e"
"live_sast","aespa.db","249","1812","ENCX-063","confirmed","Full PAN and CVV stored in plaintext and returned by account APIs","93df77bc325cc142d812936b1cdd3f130f653345f854973fc8f9add849dbdb27"
"live_sast","aespa.db","249","1813","ENCX-064","confirmed","Card payment API accepts charges without CVV","1fe3bbf53d96ce24e8784bdffe32a217f8202c330a2c8a458580ce6b925dce06"
"live_sast","aespa.db","249","1814","ENCX-065","confirmed","Unauthenticated /api/health leaks JWT secret and database credentials - Health route is explicitly registered with auth => false.","04c2acfd1388c29fced0ee53bccedd1536f6a61d671122b5eb579d0b236319ba"
"live_sast","aespa.db","249","1815","ENCX-066","confirmed","Customer JWT signatures are never verified - AuthMiddleware treats the unverified payload sub as the authenticated user id.","bfc4283803866c41873e7e724ff4075332b09c435d58b3b40728fbe85368e940"
"live_sast","aespa.db","249","1816","ENCX-067","confirmed","External transfers debit any source account without ownership check - Balance is then updated on that unscope-checked account id.","871cfeedb489bbddeff442fabcde3bcd07782846826d2edc304771ac72be1167"
"live_sast","aespa.db","249","1817","ENCX-068","confirmed","TOTP step-up on external transfers can be skipped - Users without TOTP enrolled are allowed to complete high-risk external transfers","1e70335225395ed811ab4b4b5ea80d3f6fe5520eea82b5ce881ca4bcb489b1ed"
"live_sast","aespa.db","249","1818","ENCX-069","confirmed","Stored XSS in admin customer Delete handler via HTML-entity decoding - Registration and profile update accept arbitrary first_name/last_name with no sa","31655842549cdb9dd82290c634238d41ccf9f2bb0dbf340e70c18b7ad3cc8a66"
"live_sast","aespa.db","249","1819","ENCX-070","confirmed","Stored XSS in admin accounts table via account_name onclick - POST /api/accounts stores account_name with only required|string|max:100 and no ","9c70c231697851008bfacdd1b67643f905192801ba7929131891c7d342e6922c"
"live_sast","aespa.db","249","1820","ENCX-071","confirmed","Stored XSS in admin customer detail via name in Delete onclick - POST /api/auth/register stores first_name and last_name with only length checks ","95de5ca0fb1d74c03041f92ba05129aef312e269bbb52d29c093d1ad65b59473"
"live_sast","aespa.db","249","1821","ENCX-072","confirmed","DOM XSS via unsanitized avatar_data in sidebar innerHTML - Server copies unsanitized remote Content-Type into avatar_data data URI","ee79eddf80702f493bb92167b57cd66a97dda42ea6214c122d7507012aaf8524"
"live_sast","aespa.db","249","1822","ENCX-073","confirmed","Stored XSS via unescaped transaction description on account detail - API/transfer layer persists description/payee_name/reference with no HTML saniti","7d3702b92de45db20edf0fd3a49e54030ee40d133a0836f1604c040dd99ecffc"
"live_sast","aespa.db","249","1823","ENCX-074","confirmed","Stored XSS via unescaped transaction description on dashboard - Transfer and payment APIs persist attacker-supplied description/payee/reference ","47ba36581024f5e385e0b7635abb6da15bdba6a7414062d9d033d7168ae808f4"
"live_sast","aespa.db","249","1824","ENCX-075","confirmed","Unauthenticated export dumps all users, accounts, cards, and transactions - exportAll() uses SELECT * and returns password hashes, TOTP secrets, full PAN/CV","8ad47afccf62eda738dfb6d07c06280878f964bacc04ac5dc8deee1be372f349"
"live_sast","aespa.db","249","1825","ENCX-076","confirmed","SSRF: avatar proxy fetches attacker-controlled URL and returns the body - Fetched response body is returned to the attacker as base64, turning SSRF into a","2242a48a1ea2dd0dcd5278fb6f31aabfa81c0bff5b8ec38f140ab05d3d404ecf"
"live_sast","aespa.db","249","1826","ENCX-077","confirmed","IDOR: external transfer debits any account by ID - No remaining-balance check on the external transfer path","8fa632fbbc44c4c0669ce7bd8719f733a82b438318765b5b1d2828210582fca7"
"live_sast","aespa.db","249","1827","ENCX-078","dismissed","Payments transfer API does not authenticate the source account holder - Allowlist only applies to two token names and includes hardcoded user_id 16","1b72e5e7863d0fc7ae21fbc5b2307ee7e13ab59a82a40b29d8e455a5d9ede19c"
"live_sast","aespa.db","249","1828","ENCX-079","confirmed","External transfers debit accounts with no available-balance check - transferOwn only enforces balance for account_type in [transaction, fx], allowin","e632e2afbe90df1c7ecd8826b350b6c9d474f42a4a7375d67b2aeea5baa5c85b"
"live_sast","aespa.db","249","1829","ENCX-080","confirmed","External transfers debit accounts with no available-balance check - updateBalance has no floor/constraint, so application-level checks are the only ","5d39031a1514e1e13f62307fb2e5875d23badba2f4b0fc9c8158163c5a4fff31"
"live_sast","aespa.db","249","1830","ENCX-081","confirmed","Self-service credit-card limit and loan amount have no upper bound - loan borrow_amount is validated only as decimal:2 > 0 with no maximum before upd","6620a128fdda149c3dbca2616e5e0709be6721c00b68b332a96ab3bab68682f4"
"live_sast","aespa.db","249","1831","ENCX-082","confirmed","Full PAN and CVV stored in plaintext and returned by account APIs - Account::toPublic returns full card_number, card_expiry, and card_cvv to the cli","22fdc787ac0be214062b1afa74ff9400e66f1cafaf34d5b8c8f0db1d5910f1ee"
"live_sast","aespa.db","249","1832","ENCX-083","confirmed","Card payment API accepts charges without CVV - Payment process validator does not require cvv","9d541bd6825b5e271e78ecffeaaadc7a1d966dd0e499dbcc3f0b6ec829420b37"
"live_sast","aespa.db","249","1833","WFPS-001","confirmed","Customer JWT signatures are never verified","838a453167557eef123574fca1f9dd447d4f579e049d51844387db781e5c49b0"
"live_sast","aespa.db","249","1834","WFPS-002","confirmed","Hardcoded admin JWT secret allows forging admin tokens","4c55f9069bf7c5c6b0ed30fd2d57df133c6515c5266396d211417bc77866e1f4"
"live_sast","aespa.db","249","1835","WFPS-003","confirmed","Unauthenticated /api/health leaks JWT secret and DB identity","ea28b518f7510e936bb4fd2f9e85ca3756c8050ecc7c961b5b5599542d959ef7"
"live_sast","aespa.db","249","1836","WFPS-004","confirmed","Hardcoded machine token authenticates payment APIs","01ea752ec5859503271cf5e4869f59934cdf1ec3e831211496e95e51ccda9d24"
"live_sast","aespa.db","249","1837","WFPS-005","confirmed","Unauthenticated admin export dumps all banking data","a22adb1f9abe0aa51ca6d9b452ab66e05a229bd66e8929e036b172e5af2d5f06"
"live_sast","aespa.db","249","1838","WFPS-006","confirmed","Profile update accepts attacker-controlled user_id (IDOR)","4acf8ed8a876aa277f9e1629cf3a817a536332d29b699b3c0eff3657f456b0cb"
"live_sast","aespa.db","249","1839","WFPS-007","confirmed","Transaction show has no ownership check","452d5f8ea579213a855eb32d6185ed8448e57e517ed93739b4bdf3981bc444d4"
"live_sast","aespa.db","249","1840","WFPS-008","confirmed","Hardcoded insurance SSO HMAC secret","918e2a94e57a92bd2516a6bcf12d095a5b9352fdd14838ca7c21d8d153b4e45f"
"live_sast","aespa.db","249","1841","WFPS-009","confirmed","User API responses include password_hash and totp_secret","bc727efa1cea38308fb3b9d3e639310cd1bf227a5397bd6ef0ed7ef1e1191232"
"live_sast","aespa.db","249","1842","WFPS-010","confirmed","Unauthenticated /api/health leaks JWT secret and database credentials","e755aa99b63e9521e60dc24951de38de962282ca63b44d1d9a0f6731e38dcc57"
"live_sast","aespa.db","249","1843","WFPS-011","confirmed","JWT authentication accepts unsigned/forged tokens","3d0b0746538eb388e73e59ae22a54d6cb20555fafaac7dc6145378d5929146ce"
"live_sast","aespa.db","249","1844","WFPS-012","confirmed","Profile update IDOR via user_id allows mutating other customers","b26bc003303fa2918f43789b744140495d41100c4f7e1a0505efa4b8ba490611"
"live_sast","aespa.db","249","1845","WFPS-013","confirmed","Transaction detail endpoint lacks ownership check","d543661fa869e20e263cfa6c1fe217de2837ef9bcdb585f4c306851ceda00c30"
"live_sast","aespa.db","249","1846","WFPS-014","confirmed","External transfer IDOR lets any user debit another customer's account","c70911758f165130c0e01eeae1022996aea394e7c451b2c635e1821011a029d8"
"live_sast","aespa.db","249","1847","WFPS-015","confirmed","Unauthenticated admin export dumps all users, accounts, and transactions","d336302c7c036094a27c0821d9ea00c9d65c436b6c9be87f056e5c1c0f2e9c7a"
"live_sast","aespa.db","249","1848","WFPS-016","confirmed","Auth and profile APIs return password hashes and TOTP secrets","bd798a5c4e6f9aad023be99b44efeb0913ad20469a17b88c09da3d6535e946f5"
"live_sast","aespa.db","249","1849","WFPS-017","confirmed","Login issues JWT without verifying TOTP even when 2FA is enabled","2835e06c7144d1197937c0f4fda57cdd5d75f6a472f4280859bfedd23b60d29d"
"live_sast","aespa.db","249","1850","WFPS-018","confirmed","Hardcoded machine token fallback authenticates payment APIs","4a4838a4f412db2202c9f5e51bad94b45293ae8c533817a10b44ff3497016c40"
"live_sast","aespa.db","249","1851","WFPS-019","confirmed","Unauthenticated /api/health leaks JWT secret and database credentials","31bff346d03a3da01c4bfc76b49b0d239fa221846f658aac37f4ffca3c26ff7c"
"live_sast","aespa.db","249","1852","WFPS-020","confirmed","Customer JWT signatures are never verified","6a07ca4e0d275b5b7e456f93ef67e32f0dc7f49c71ac9b8a0085ffcce6edbd9a"
"live_sast","aespa.db","249","1853","WFPS-021","confirmed","External transfers debit any source account without ownership check","127f0acb3aa8086f9a585dd4705795fd0a56671ffbe2eb567047c75976a4c478"
"live_sast","aespa.db","249","1854","WFPS-022","confirmed","External transfers skip balance checks allowing unlimited overdraft","9a06895efd02e1cba0cf16ef6eacc339408b06c5e93585578c47b9d5cdb3e586"
"live_sast","aespa.db","249","1855","WFPS-023","confirmed","TOTP step-up on external transfers can be skipped","06a8342f41eec2b7b1daa25a4d11399a8363094f95ed5a7bbd4b4a7aa3c44da5"
"live_sast","aespa.db","249","1856","WFPS-024","confirmed","GET /api/transactions/{id} returns any customer's transaction","cc47301f56a1885ecbbaaf7a4efc1953511c59bfaf689bb0d7e07a1abbaf14c6"
"live_sast","aespa.db","249","1857","WFPS-025","confirmed","Stored XSS in admin customer Delete handler via HTML-entity decoding","a40e58b17df9b57473001b8e9ccde0ca5e9fe882b1a5fa54c3fc00c7656c45f9"
"live_sast","aespa.db","249","1858","WFPS-026","confirmed","Stored XSS in admin accounts table via account_name onclick","f8a9c22ed9cf6d6ddebe004b16b43ac8839694ab9bb9b338e5c093c08831a8e9"
"live_sast","aespa.db","249","1859","WFPS-027","confirmed","Stored XSS in admin customer detail via name in Delete onclick","8b22d7feeb7eaf4bab0aa266ff9ac217b1276e7cf60dff0ea0cd5caec2e65162"
"live_sast","aespa.db","249","1860","WFPS-028","confirmed","DOM XSS via unsanitized avatar_data in sidebar innerHTML","631084ba21e1323b9b16b0d5e14acb48e8487d24944cde2f1b596654eee352f8"
"live_sast","aespa.db","249","1861","WFPS-029","confirmed","Stored XSS via unescaped transaction description on account detail","c3fa3077e5bfbf84db108328694910bda2320e5fcc5c3fc108edddc1855363b5"
"live_sast","aespa.db","249","1862","WFPS-030","confirmed","Stored XSS via unescaped transaction description on dashboard","7b98702651cd758054dbcb7092f04b458c2454f66053b598d4fe1cc1ad8b633a"
"live_sast","aespa.db","249","1863","WFPS-031","confirmed","Unauthenticated admin export dumps all users, hashes, and transactions","4d56da9b5295a07bf48cc0e97ab843ff0abb678b319d10c2a5b320f371085dc1"
"live_sast","aespa.db","249","1864","WFPS-032","confirmed","JWT decoder ignores signatures, allowing authentication bypass","c7c854985cca29af733eb8de2a72f144b9f8468e7aa04c6bf0953286e4705cdc"
"live_sast","aespa.db","249","1865","WFPS-033","confirmed","SQL injection in admin customer search","2d18308d0eba77f4b2906bfbe83553a2d666494f3ff526cf6f0b674c65e3878a"
"live_sast","aespa.db","249","1866","WFPS-034","confirmed","Unauthenticated admin export dumps all users, accounts, and transactions","7654663702e73a4bb450d8be9f92b2764baff41568afc1a7525eaf1c35c96b6e"
"live_sast","aespa.db","249","1867","WFPS-035","confirmed","SQL injection in admin customer listing fetch query","f4790e6a14548109b2a363e6da39cd98b650c4316ed56e1a6b59e0b9f2776c20"
"live_sast","aespa.db","249","1868","WFPS-036","confirmed","Unauthenticated export dumps all users, accounts, cards, and transactions","42eb854767cb5408ea0bac93407619ba22d01151e7e8ab659318c89d32419f9c"
"live_sast","aespa.db","249","1869","WFPS-037","confirmed","SSRF: avatar proxy fetches attacker-controlled URL and returns the body","df7c8a5df6e6b7c57ff0c585325aa540a8b6aec2888583f6a0e7987a152cd050"
"live_sast","aespa.db","249","1870","WFPS-038","confirmed","IDOR: profile update accepts arbitrary user_id","a5c3492fa02753aae3db8bb37bffcac055e3a0de8170dd65bdddf1c38013f0a1"
"live_sast","aespa.db","249","1871","WFPS-039","confirmed","Profile and auth responses leak password_hash and totp_secret","5071862371469556e3d9fdc79b06be51aea9dface9e9cea458bc9b3d4403faa7"
"live_sast","aespa.db","249","1872","WFPS-040","confirmed","SQL injection in admin customer search","1d1c4604757032a695eb16ec4648b85792c4ae53fe9e96a3f141a97cbf116e3f"
"live_sast","aespa.db","249","1873","WFPS-041","confirmed","SQL injection via unsanitized transaction sort column","f0d08d00dbce951c12a7998cbcb806d388832f7da9fa6a073d8a49d6d8fe0538"
"live_sast","aespa.db","249","1874","WFPS-042","confirmed","IDOR: any customer can read another user's transaction by ID","0afd199d610841970a017d4f39d9353f96f14d52156b2a4e97fa7ea817ef5830"
"live_sast","aespa.db","249","1875","WFPS-043","confirmed","IDOR: external transfer debits any account by ID","cc9e9b3183e265f18440f9340fa26ddc9c1cf988460078ee21a2fac7fa4c9cb7"
"live_sast","aespa.db","249","1876","WFPS-044","confirmed","TOTP required for external transfers can be skipped by omitting the code","1aaa0d090e9240926b1607990a82ef9c78b4d0dd058e456c6ffd81567c601346"
"live_sast","aespa.db","249","1877","WFPS-045","confirmed","Card payments skip CVV verification when the field is omitted","0f52ce2710f1e641b8937e4bf6542e952f4f3c7a6b0b97598e11ff38c55929e4"
"live_sast","aespa.db","249","1878","WFPS-046","confirmed","Unauthenticated /api/health discloses JWT secret and database credentials","8f08041b857a39707e9558183c9f53faf60a3a54fc3e8e985e8618e390f6684a"
"live_sast","aespa.db","249","1879","WFPS-047","confirmed","SQL injection via unsanitized sort parameter in transaction listing","01e7456dc2939dfffc9747355b89fdf8b47f043be60ddf30aa8746a014f7e3d7"
"live_sast","aespa.db","249","1880","WFPS-048","confirmed","BOLA: any authenticated user can read another user's transaction by ID","c9f058bcfea643a96525b4be936ea1e35ba2e09dec71201f2d0b5ef646a2939a"
"live_sast","aespa.db","249","1881","WFPS-049","confirmed","Hardcoded machine-token fallback always authenticates payment APIs","fbc36086978a60b05d4f58c232eae576ca267ac1fae0368cf90dc53aad867837"
"live_sast","aespa.db","249","1882","WFPS-050","confirmed","SQL injection via sort in unfiltered transaction query branch","433bf6bf33fa40ece51dde0d78088a4d6a134dabf23314554e0ca0ee43ba9d23"
"live_sast","aespa.db","249","1883","WFPS-051","confirmed","SQL injection via unsanitized ORDER BY sort parameter","7ca09e7925eb1932eef701a512aa9c968b6de2c83e92dc6996fc64790baade18"
"live_sast","aespa.db","249","1884","WFPS-052","confirmed","User API responses leak password hashes and TOTP secrets","45c3bae8608fc52decfd789db8d6e19e3e289fe1c0d8ae90ed47ac4d8db9a269"
"live_sast","aespa.db","249","1885","WFPS-053","confirmed","IDOR allows updating and reading another user's profile","b3b699a381cfc3ccedf7a9945b34e7fd94febaeba8b87993783e2bd920e6e0ef"
"live_sast","aespa.db","249","1886","WFPS-054","confirmed","Unsalted MD5 used for password hashing and verification","ee32aa13ccebc7a386cb9843bda2a52231731239fa40cfe0df29d7b84686d551"
"live_sast","aespa.db","249","1887","WFPS-055","confirmed","JWT decoded without signature verification enabling auth bypass","7caae675a750fd0b0ef469906f7651c915f56e3bc545ff760ecb3358b37c1ec2"
"live_sast","aespa.db","249","1888","WFPS-056","confirmed","External transfer IDOR drains any customer's source account","233b3fdd7bdfe2cdca6e181f89c805b97f86d80adb2d9cbea7b5d352c9d12706"
"live_sast","aespa.db","249","1889","WFPS-057","confirmed","External transfers skip TOTP even when 2FA is required","ad92fdd8382da7347fba586c89f325541ef0601736f4e297e84f50874d3462bb"
"live_sast","aespa.db","249","1890","WFPS-058","confirmed","External transfers have no source-balance check","963d5722279507953afd58b8291f848d76b0e4c46b91283a4a375aac9418cfa7"
"live_sast","aespa.db","249","1891","WFPS-059","confirmed","IDOR: any user can debit another customer's account via external transfer","a1814a1e9fbc8a8ad871a62467a7bccd97ec187d33179a0483e7cfbac52a0db0"
"live_sast","aespa.db","249","1892","WFPS-060","confirmed","External transfers debit accounts with no available-balance check","c185ea370b0cf3676ff8dd1f1505322c0180ab7b6427548c1a7c8f75837a0173"
"live_sast","aespa.db","249","1893","WFPS-061","confirmed","Self-service credit-card limit and loan amount have no upper bound","9ede0563edfbb4affdd552a65f080ba8382e57782078bdbc2107c68fea020a3e"
"live_sast","aespa.db","249","1894","WFPS-062","confirmed","Full PAN and CVV stored in plaintext and returned by account APIs","93df77bc325cc142d812936b1cdd3f130f653345f854973fc8f9add849dbdb27"
"live_sast","aespa.db","249","1895","WFPS-063","confirmed","Card payment API accepts charges without CVV","1fe3bbf53d96ce24e8784bdffe32a217f8202c330a2c8a458580ce6b925dce06"
"live_sast","aespa.db","249","1896","WFPS-064","confirmed","Unauthenticated /api/health leaks JWT secret and database credentials - Health route is explicitly registered with auth => false.","04c2acfd1388c29fced0ee53bccedd1536f6a61d671122b5eb579d0b236319ba"
"live_sast","aespa.db","249","1897","WFPS-065","confirmed","Customer JWT signatures are never verified - AuthMiddleware treats the unverified payload sub as the authenticated user id.","bfc4283803866c41873e7e724ff4075332b09c435d58b3b40728fbe85368e940"
"live_sast","aespa.db","249","1898","WFPS-066","confirmed","External transfers debit any source account without ownership check - Balance is then updated on that unscope-checked account id.","871cfeedb489bbddeff442fabcde3bcd07782846826d2edc304771ac72be1167"
"live_sast","aespa.db","249","1899","WFPS-067","confirmed","TOTP step-up on external transfers can be skipped - Users without TOTP enrolled are allowed to complete high-risk external transfers","1e70335225395ed811ab4b4b5ea80d3f6fe5520eea82b5ce881ca4bcb489b1ed"
"live_sast","aespa.db","249","1900","WFPS-068","confirmed","Stored XSS in admin customer Delete handler via HTML-entity decoding - Registration and profile update accept arbitrary first_name/last_name with no sa","31655842549cdb9dd82290c634238d41ccf9f2bb0dbf340e70c18b7ad3cc8a66"
"live_sast","aespa.db","249","1901","WFPS-069","confirmed","Stored XSS in admin accounts table via account_name onclick - POST /api/accounts stores account_name with only required|string|max:100 and no ","9c70c231697851008bfacdd1b67643f905192801ba7929131891c7d342e6922c"
"live_sast","aespa.db","249","1902","WFPS-070","confirmed","Stored XSS in admin customer detail via name in Delete onclick - POST /api/auth/register stores first_name and last_name with only length checks ","95de5ca0fb1d74c03041f92ba05129aef312e269bbb52d29c093d1ad65b59473"
"live_sast","aespa.db","249","1903","WFPS-071","confirmed","DOM XSS via unsanitized avatar_data in sidebar innerHTML - Server copies unsanitized remote Content-Type into avatar_data data URI","ee79eddf80702f493bb92167b57cd66a97dda42ea6214c122d7507012aaf8524"
"live_sast","aespa.db","249","1904","WFPS-072","confirmed","Stored XSS via unescaped transaction description on account detail - API/transfer layer persists description/payee_name/reference with no HTML saniti","7d3702b92de45db20edf0fd3a49e54030ee40d133a0836f1604c040dd99ecffc"
"live_sast","aespa.db","249","1905","WFPS-073","confirmed","Stored XSS via unescaped transaction description on dashboard - Transfer and payment APIs persist attacker-supplied description/payee/reference ","47ba36581024f5e385e0b7635abb6da15bdba6a7414062d9d033d7168ae808f4"
"live_sast","aespa.db","249","1906","WFPS-074","confirmed","Unauthenticated export dumps all users, accounts, cards, and transactions - exportAll() uses SELECT * and returns password hashes, TOTP secrets, full PAN/CV","8ad47afccf62eda738dfb6d07c06280878f964bacc04ac5dc8deee1be372f349"
"live_sast","aespa.db","249","1907","WFPS-075","confirmed","SSRF: avatar proxy fetches attacker-controlled URL and returns the body - Fetched response body is returned to the attacker as base64, turning SSRF into a","2242a48a1ea2dd0dcd5278fb6f31aabfa81c0bff5b8ec38f140ab05d3d404ecf"
"live_sast","aespa.db","249","1908","WFPS-076","confirmed","IDOR: external transfer debits any account by ID - No remaining-balance check on the external transfer path","8fa632fbbc44c4c0669ce7bd8719f733a82b438318765b5b1d2828210582fca7"
"live_sast","aespa.db","249","1909","WFPS-077","confirmed","External transfers debit accounts with no available-balance check - transferOwn only enforces balance for account_type in [transaction, fx], allowin","e632e2afbe90df1c7ecd8826b350b6c9d474f42a4a7375d67b2aeea5baa5c85b"
"live_sast","aespa.db","249","1910","WFPS-078","confirmed","External transfers debit accounts with no available-balance check - updateBalance has no floor/constraint, so application-level checks are the only ","5d39031a1514e1e13f62307fb2e5875d23badba2f4b0fc9c8158163c5a4fff31"
"live_sast","aespa.db","249","1911","WFPS-079","confirmed","Self-service credit-card limit and loan amount have no upper bound - loan borrow_amount is validated only as decimal:2 > 0 with no maximum before upd","6620a128fdda149c3dbca2616e5e0709be6721c00b68b332a96ab3bab68682f4"
"live_sast","aespa.db","249","1912","WFPS-080","confirmed","Full PAN and CVV stored in plaintext and returned by account APIs - Account::toPublic returns full card_number, card_expiry, and card_cvv to the cli","22fdc787ac0be214062b1afa74ff9400e66f1cafaf34d5b8c8f0db1d5910f1ee"
"live_sast","aespa.db","249","1913","WFPS-081","confirmed","Card payment API accepts charges without CVV - Payment process validator does not require cvv","9d541bd6825b5e271e78ecffeaaadc7a1d966dd0e499dbcc3f0b6ec829420b37"
"live_sast","aespa.db","256","2182","XLFD-001","confirmed","Unauthenticated /api/health endpoint discloses JWT secret and DB credentials","2052c046c708e9c06e73b84a430531e26f08e8bbdd212fca9a1bbadcc3756588"
"live_sast","aespa.db","256","2183","XLFD-002","confirmed","Unauthenticated /api/health endpoint leaks JWT secret and DB credentials","b7bfdbc2a5cb68819b24ae648d8a2fe854a09e6d46d41064888d7122c03538e7"
"live_sast","aespa.db","256","2184","XLFD-003","confirmed","Unauthenticated /api/health endpoint leaks JWT secret and DB credentials","f9e7b6fb5bfd7f628902b5fb5754acce43f99ab2088b4824706c7592294cb76e"
"live_sast","aespa.db","256","2185","XLFD-004","confirmed","Hardcoded default JWT/SSO/machine-token secrets used when env vars unset","b62b49b52533a40256763a83a9cafbe066d2899ede1b05c594702688e8f1a60a"
"live_sast","aespa.db","256","2186","XLFD-005","confirmed","CORS origin defaults to wildcard '*' allowing any origin","e5fb680449fae402090cd96b1b5d592c3adb6ac8e512d22f13df52a9737fbe9f"
"live_sast","aespa.db","256","2187","XLFD-006","confirmed","Unauthenticated admin data export exposes all users, accounts, and transactions","526b5835804ebe1850b3ce5b7efd7fcba6688f8ae2c2effdcf2d6a2c23c6326f"
"live_sast","aespa.db","256","2188","XLFD-007","confirmed","Stored XSS via unescaped transaction description in account transaction list","28071b5a47b7a5e887de61acd9ca86b83545245cc69466785fd7812a22ddcb03"
"live_sast","aespa.db","256","2189","XLFD-008","confirmed","IDOR: External transfer source account not validated against authenticated user","f49bf2876662881b67fa6e79b7d6bdae44c78eb90e27cefeb27d8ab3184dabc1"
"live_sast","aespa.db","256","2190","XLFD-009","confirmed","Weak password hashing using unsalted MD5","9a9f10c38d116b7e826189ba4da46d80d93c7ac04da2c64725027200e74e8870"
"live_sast","aespa.db","256","2191","XLFD-010","confirmed","JWT signature not verified in decodeToken - authentication bypass","1f9b9b0a1df9670a640e977f664c0151fd484d8d9ccdaf9a849e4dd82cfe247c"
"live_sast","aespa.db","256","2192","XLFD-011","confirmed","Stored XSS via unescaped transaction description in account transaction list","536db8ea64542b9681af03e8e191d6439df4963732b8b958547cb84641794e65"
"live_sast","aespa.db","256","2193","XLFD-012","confirmed","Unauthenticated /api/health endpoint leaks JWT secret and DB credentials","f228f46a2ecc936e68c584f79fcc2b30a69e0a913bddb0586e746ca72c5567e3"
"live_sast","aespa.db","256","2194","XLFD-013","confirmed","Unauthenticated full data export endpoint exposes all users, accounts, and transactions","20f10d848a5d4cf2fb1de47ef948837b04a9fd7fadbb65da7019f9ba205f7c5c"
"live_sast","aespa.db","256","2195","XLFD-014","confirmed","SQL Injection via unsanitized 'search' parameter in admin customer listing","8b26530c488db64e38a83585131fce7970a43c5dcd75136213966ebc4541504f"
"live_sast","aespa.db","256","2196","XLFD-015","confirmed","SQL Injection via unvalidated 'sort' parameter in Transaction::findByUser","00ae89f40d4f0213b093cefc3c9e341f1438f4f4fdfce053a514b29786deabc7"
"live_sast","aespa.db","256","2197","XLFD-016","confirmed","Hardcoded machine authentication token allows trusted-machine impersonation","9547e9bde2ea59805e9bf29b2a6b34b81cd4b8cb3b189c08a9f3be2377ba7f39"
"live_sast","aespa.db","256","2198","XLFD-017","confirmed","Stored XSS via unescaped transaction description in dashboard recent-transactions render","f0f2de895af6f9d16935a762010f5fe28362599dae8ee82e9e915883de9efa24"
"live_sast","aespa.db","256","2199","XLFD-018","confirmed","SSRF in avatar import endpoint via server-side file_get_contents on user-supplied URL","9fbb309dfbb0718c3be32d76c311fc12d548f1c75261355e9693a19cb673ec7e"
"live_sast","aespa.db","256","2200","XLFD-019","confirmed","Unescaped avatar source_url reflected into DOM via jQuery .html() (stored/reflected XSS)","fc026b0dfed51a5db1c2d970c8a7bca66b61370a8224076468a3d9b4c1d675c7"
"live_sast","aespa.db","256","2201","XLFD-020","confirmed","Broken Function-Level Authorization: profile update accepts arbitrary user_id to modify any user's profile","03bd7b2af8d4ed1792760a6c4f0897762713118c39074b5f596395d3afb1a93d"
"live_sast","aespa.db","256","2202","XLFD-021","confirmed","SSRF in avatar import endpoint via unrestricted file_get_contents($url)","7587506ccbc824a0b5cc1fa2ca36539b6b89b7e2c65dc97c6532d9c030a6f906"
"live_sast","aespa.db","256","2203","XLFD-022","confirmed","Stored/DOM XSS via unsanitized avatar_data (attacker-controlled Content-Type header) injected into innerHTML","05acdf98bd049eaace2160976bcfc8dd58238f1c4983b9c62eeccb2ec2c7733d"
"live_sast","aespa.db","256","2204","XLFD-023","confirmed","Broken Object Level Authorization: any authenticated user can update arbitrary user's profile via user_id parameter","4dbec377d2f8476560c6a5c190e2ec6591b5f42fbc3f00c00a4066cfe93661be"
"live_sast","aespa.db","256","2205","XLFD-024","confirmed","Hardcoded fallback secrets for JWT signing and inter-app SSO/machine tokens","114eb39711757218c9f13af6663c215dfae41fb5b489009d3a84406a1a5bc0f6"
"live_sast","aespa.db","256","2206","XLFD-025","confirmed","Hardcoded default JWT signing secrets for user and admin auth","c78f639d9dcaa245200460d75af145a2d9bea92600e88c669e379e038524b6be"
"live_sast","aespa.db","256","2207","XLFD-026","confirmed","Hardcoded default machine-to-machine token bypasses M2M authentication","9ab69c50bfb57fada49907ec92e5ada79491a0b10b8901c439abd75477e5acf9"
"live_sast","aespa.db","256","2208","XLFD-027","confirmed","Hardcoded default Insurance SSO shared secret allows forged SSO assertions","e9a3ba83e42906ef5ce541aa128d3a9f1ce750d545bb07beca1a797d6ea46824"
"live_sast","aespa.db","256","2209","XLFD-028","confirmed","Permissive CORS default (wildcard origin) via config","da5b65d70b2754fe1003378b8e10e7050d0b8d1f21626c2d141d6c4811ba82d4"
"live_sast","aespa.db","256","2210","XLFD-029","confirmed","Unauthenticated full database export endpoint (/api/admin/export/users)","5d3706244c57826154f89d9edafc491f2bc852252cca3b70ab93f638a4bcc65c"
"live_sast","aespa.db","256","2211","XLFD-030","confirmed","SQL injection via unsanitized 'search' parameter in admin customer listing","7ad8d98ca99d5326053348ee2e57217d191cf1b7de3d49bcbe458eeddfd08779"
"live_sast","aespa.db","256","2212","XLFD-031","confirmed","SSRF / local file disclosure via unrestricted avatar URL fetch","b938c9074efe7d824e7fa1ee8986778b263f0380869b1005cacfe438f4642482"
"live_sast","aespa.db","256","2213","XLFD-032","confirmed","IDOR: any authenticated user can view any user's transaction by ID","fbfe0597a3e80e09d74766a847e2c1eda2751e40043c230237200cc5a82d2eed"
"live_sast","aespa.db","256","2214","XLFD-033","confirmed","CORS misconfiguration: reflected Origin + Allow-Credentials true enables cross-origin credential theft","13d80bcfe82ee36221cb6247695592b1ba60397697c8efc7323cde0e0d8d4a0a"
"live_sast","aespa.db","256","2215","XLFD-034","confirmed","IDOR in profile update: attacker-controlled user_id lets any user modify another user's profile","961714079e773dfe08459e14a8b89fdd0a6e6cc147f906ca402a1d4f4b57f625"
"live_sast","aespa.db","256","2216","XLFD-035","confirmed","Missing source-account authorization for non-whitelisted machine tokens in payments/transfer","cf1a6545e0e7148a4e62b5fe8bb50805be096937b13da6d478c02c9808052091"
"live_sast","aespa.db","256","2217","XLFD-036","confirmed","Unauthenticated health endpoint leaks JWT signing secret and DB credentials","f154b06149bcb7524a7db2cf4a712133490507d10c55673e010f551e21bfe2ab"
"live_sast","aespa.db","258","2392","YZDM-001","confirmed","SQL Injection via unsanitized 'search' parameter in Admin customer listing","625107a38843709c5c167a32cfe5c9285691461e6e489a679f968bdc660ef028"
"live_sast","aespa.db","258","2393","YZDM-002","confirmed","Unauthenticated full data export exposes all users, accounts and transactions","51a93b66964cc1f6cb0c03df93abfc063ea73e9fae4626ef7949167b62ed1091"
"live_sast","aespa.db","258","2394","YZDM-003","confirmed","Stored XSS via SSRF-controlled avatar Content-Type header rendered into innerHTML","966fe6ea203ad3c8d047cd925e312e93fde08bdedec4bfe806cf86bbcb8d856c"
"live_sast","aespa.db","258","2395","YZDM-004","confirmed","Unauthenticated /api/health endpoint discloses JWT signing secret and DB credentials","9c1e340148d018af98b0c3cd953f31e6586ae2938faa9ecba98bd05979486433"
"live_sast","aespa.db","258","2396","YZDM-005","confirmed","Broken object-level authorization: any authenticated user can update another user's profile via 'user_id' body parameter","5562a84d1c90e27e82369337ddfd0b688cced1477e063fccb0b3741977b8b742"
"live_sast","aespa.db","258","2397","YZDM-006","confirmed","Server-Side Request Forgery in avatar proxy endpoint","49aea9b717f55a0c9c240eee9a854e31d4f8072b4b03223c9063dcd29af87c10"
"live_sast","aespa.db","258","2398","YZDM-007","confirmed","Stored XSS via unescaped transaction description on Accounts and Dashboard pages","b0f5eca3c1c32446f309bd76224cc84d788b3a63f985d8d50bdd2d1d4c1a5b44"
"live_sast","aespa.db","258","2399","YZDM-008","confirmed","User enumeration via distinct login error codes","c5ebb1a479fa0e1a495a4f7aec2720440aa2b27a2110d5acbbb86ad4c8e7d1c4"
"live_sast","aespa.db","258","2400","YZDM-009","confirmed","Weak password policy allows single-character passwords at registration","57ae0c4ade2aae0752ccae309e0d739edac6b3d9052c767492ee05817e0faef8"
"live_sast","aespa.db","258","2401","YZDM-010","confirmed","JWT signature never verified in AuthMiddleware -> complete authentication bypass","fb8489e0b9fbbca5bd6bf6aa14b7d819428793ce61390995e4a2240055d2ae2b"
"live_sast","aespa.db","258","2402","YZDM-011","confirmed","CORS misconfiguration: reflects arbitrary Origin with Allow-Credentials true","21149aa18e570eab7ee18dd0e96dcd4a43552f2729f9e00baf6e86c0d9090475"
"live_sast","aespa.db","258","2403","YZDM-012","confirmed","Hardcoded default admin JWT secret fallback in config/admin.php","8349303cf25381309283ea69f6385826e40a79666d31458571d96cc967e38f42"
"live_sast","aespa.db","258","2404","YZDM-013","confirmed","Hardcoded fallback machine token allows machine-auth bypass","e96b22ba335887507de0ed3ce0548a0594b4ea6e58499ca078b02dade05de836"
"live_sast","aespa.db","258","2405","YZDM-014","confirmed","Missing rate limiting / lockout on TOTP code verification allows brute force","c5f8ae982840da2ae7c1cdf6a578c6f8eccce53382c51ea37ab2eb0c8d35e5bf"
"live_sast","aespa.db","258","2406","YZDM-015","confirmed","Open redirect / SSO token leakage via admin-configurable insurance_app_url","a27a0b6a93fbafda812f01e2ea517786c329bde352dd4f51cefe1f3d031fdaaa"
"live_sast","aespa.db","258","2407","YZDM-016","confirmed","Payments machine_token secret exposed in admin settings response","f86f9b1024482e988af49e67cda417fe53e59fff520e3c7b280e3bcd4037a8fb"
"live_sast","aespa.db","258","2408","YZDM-017","confirmed","IDOR/BOLA: any authenticated user can view any other user's transaction by ID","3fd9d01d5196e5ead5f5deee17fd3d27e9b43cc4f59e555e5235f99966a9fcb9"
"live_sast","aespa.db","258","2409","YZDM-018","confirmed","Unbounded self-service credit limit and loan amount allow unlimited free funds","49c18217e81d5d15fd163a0e684056d0fb87e35a11523b6a12681bc8f900176c"
"live_sast","aespa.db","258","2410","YZDM-019","confirmed","Full card number and CVV stored in plaintext and returned via API responses","25c3b050c935e245a2b9cb157ac1acc103bbee2738ad3d76d065f6b1c2098c5f"
"live_sast","aespa.db","258","2411","YZDM-020","confirmed","Critical authentication bypass: JWT signature never verified for customer sessions","f40a5ddd9e6c02979bebcda1eb82b22844d415ddb10e781d307a58cafd8ae56a"
"live_sast","aespa.db","258","2412","YZDM-021","confirmed","JWT signing secret disclosed via unauthenticated /api/health endpoint","621ca08f5fadab687542574327784d7e197764eebc2521864daebca680bdd691"
"live_sast","aespa.db","258","2413","YZDM-022","confirmed","Unauthenticated /api/health endpoint leaks JWT secret and DB credentials","b2644c2b2b7ee74eb6d9eea9a46b7865c2124f267002a2b36c6adf3c6177500e"
"live_sast","aespa.db","258","2414","YZDM-023","confirmed","Admin balance override has no audit trail or transaction record","0c0a21fe39ed387781ab4e6097afe6664d9d35b8a9a0b563044adc208ff99839"
"live_sast","aespa.db","258","2415","YZDM-024","confirmed","Admin login endpoint has no brute-force rate limiting or lockout","39bca3151cdff19c348abb142ab3aaaed44fedb140dc093cb69f42abd5636877"
"live_sast","aespa.db","258","2416","YZDM-025","confirmed","SQL Injection via unsanitized 'sort' GET parameter in transaction listing","5549d89bde80cac015985b3c49a1691128e25334589f65cb2fed2c28b1426b5c"
"live_sast","aespa.db","258","2417","YZDM-026","confirmed","Broken Object Level Authorization: TransactionController::show() returns any transaction by ID with no ownership check","c76f45eabbbb368a22ff491ac6d6c6bcbb04151e17b310e864e520516e7fb99f"
"live_sast","aespa.db","258","2418","YZDM-027","confirmed","Permissive CORS: arbitrary Origin reflected with Access-Control-Allow-Credentials: true","46b23b792926013f05cd689ef66c52e8b966f2fa4d894e40298954b9bb3c7e3c"
"live_sast","aespa.db","258","2419","YZDM-028","confirmed","Verbose error responses leak file paths, line numbers, and stack traces to API clients","981e999fbff7d0e5c0dbe975045aa4aa558a208bf4123151ead5f782b2df0cc9"
"live_sast","aespa.db","258","2420","YZDM-029","confirmed","Unauthenticated full data export endpoint leaks all users, accounts (card/CVV), and transactions","080f4ca455300cdfc6d122dbb60fdf8c57ae3cd5d0d290e0ea53f628249ac6da"
"live_sast","aespa.db","258","2421","YZDM-030","confirmed","SQL injection via unsanitized search parameter in admin customer list","862cffea52a85521dbe06736932c3a51966ff0e9d5b204d3f826025912b9825b"
"live_sast","aespa.db","258","2422","YZDM-031","confirmed","IDOR in external transfer allows draining any user's account (no source-account ownership check)","8ffe84215759c0c7747770297bb5203d4d53315bf0768e4df6552a6b9086a68b"
"live_sast","aespa.db","258","2423","YZDM-032","confirmed","Missing balance/overdraft check on external transfers permits unlimited negative balances","c3fbd719bb89c6642c3dd2b66c03ad2d522664951722e8ca126638878266fca0"
"live_sast","aespa.db","258","2424","YZDM-033","confirmed","Two-factor authentication bypass on external transfers when TOTP code is omitted or not configured","b67efc0a3098e4f53b32258303b2cf957a4179978d88cb719354cf0480a8f1fc"
"live_sast","aespa.db","258","2425","YZDM-034","confirmed","Hardcoded fallback secret for cross-app Insurance SSO JWT signing (CWE-798)","d850feb65b482b5cab59d574048bb5af1c611ff341ed055e9d75e651c6aef939"
"live_sast","aespa.db","258","2426","YZDM-035","confirmed","Insecure default database credentials (root/empty password) as config fallback","d81f0778c83a7fe3e60e3bd489891cfac266bab6551531c8a276c26d0ec321cf"
"live_sast","aespa.db","258","2427","YZDM-036","confirmed","Password hash and TOTP secret leaked in login/register API responses","c89fae342bdc8ae43f0ae900cd6a564a4135766ded56a772fc1c0a5463db1256"
"live_sast","aespa.db","258","2428","YZDM-037","confirmed","Sensitive field disclosure: password_hash and totp_secret returned in profile API responses","f646288c43b0ecb6031b5aea4f89dafaa7819a2766014045a8781d2b5d3349a9"
"live_sast","aespa.db","258","2429","YZDM-038","confirmed","SSRF / local file disclosure in ProfileController::avatarProxy via unrestricted file_get_contents on user-supplied URL","f43f278ffe42b307d312e5a8df0e776824dc65c4dac13d041e4180b25fa3bff1"
"live_sast","aespa.db","258","2430","YZDM-039","confirmed","Stored XSS: unsanitized payment reference/payee_name flows into transaction description, rendered unescaped in banking SPA","f266c1f06ff2e5bd6518a955fedf5702529b46626a1fd652244486014e81781c"
"live_sast","aespa.db","258","2431","YZDM-040","dismissed","Fail-open machine-token authorization check in PaymentController::transfer source-account binding","f54d9fd9f8435af64558cf5271ed578176fbddf119858fdbac0f37723b31c48c"
"live_sast","aespa.db","258","2432","YZDM-041","confirmed","Hardcoded default cryptographic secrets (SSO/JWT/machine token) shipped in source, used as fallback when env vars unset","c165ca6dbbef844c74fe24d8cb72f4e45cc832040ebfe41c55d8934e6e6398ea"
"live_sast","aespa.db","258","2433","YZDM-042","confirmed","Missing rate limiting on TOTP verify/disable endpoints permits MFA code brute-forcing","b8ae256460c0cbc37fda12e769e134f926a0e6f3c2fc395b61eda90e227e9818"
"live_sast","aespa.db","258","2434","YZDM-043","confirmed","2FA bypass on external transfers when TOTP not enabled or code omitted","362ffacf59ebeb42a46c1c21dec0746a2575467f04cd15b8b5238a298a2713e7"
"live_sast","aespa.db","258","2435","YZDM-044","confirmed","Full credit card number and CVV exposed in account API responses","fc1aa2706f7fc0a83f8c801ab19bfea3d0a2191ce6f9d72c0c300520a5ca9e86"
"live_sast","aespa.db","258","2436","YZDM-045","confirmed","Two-factor authentication bypass on external transfers (TOTP enforcement logic flaw)","918fded985c9d422843b3cd0b3f1264605156a721bcd094dd91102206ff0ddc1"
"live_sast","aespa.db","258","2437","YZDM-046","confirmed","Weak unsalted MD5 password hashing in AuthService","1ea819979c161f0633c148abf9d82777fc723639fa9743a032de76927b2a78c0"
"live_sast","aespa.db","258","2438","YZDM-047","confirmed","Sensitive fields (password_hash, totp_secret) leaked in User::toPublic() API responses","32dca53de4ec42a37a445bdd49a597c7107207ad4324bd26240a61b4f1f44b48"
"live_sast","aespa.db","258","2439","YZDM-048","confirmed","Password hash and TOTP secret leaked to clients via User::toPublic() in register/login responses","5096bae34851d9e6695915b547003e3f96f049178a835b83e50b15f9f323fcb4"
"live_sast","aespa.db","258","2440","YZDM-049","confirmed","No rate limiting/lockout on TOTP verify/disable allows online brute-force of 6-digit code","2ac4e6d977e90db235c3fd50fdf6ab7069b4e4a5f437eeb4d682b4e54e74dabd"
"live_sast","aespa.db","258","2441","YZDM-050","dismissed","Unescaped bsb/account_number rendered via innerHTML in admin Accounts table","7356092b688ff7f14bb3783796f7962c3a065fd8362c70448b8909cfa8997d3a"
"live_sast","aespa.db","258","2442","YZDM-051","confirmed","SSRF / local file read via unrestricted URL fetch in avatar import feature","9e6b4a07b59f10f421080701d302b12e28223e2fafb8486aebe6233dd8f7f7ec"
"live_sast","aespa.db","258","2443","YZDM-052","confirmed","Self-XSS via unescaped avatar source_url / Content-Type header injection into innerHTML","653180658e046566c2b000f06633de7edf72f0b3cf811e62109c0ae902287a71"
"live_sast","aespa.db","258","2444","YZDM-053","confirmed","Stored XSS via unescaped transaction description rendered in account transaction table","6c6da363973d580c634d91241e429926c619fe19e50e8be82fcdc38e24a30080"
"live_sast","aespa.db","258","2445","YZDM-054","confirmed","Stored XSS via unescaped transaction description on dashboard (and account) transaction lists","63d5cedaa72449f7387a74de90e78e75f8680b0a6839d1622032ef528355ddd8"
"live_sast","aespa.db","259","2446","SGBH-001","confirmed","SQL injection through transaction sort parameter","a976333db529f2787989c7613775aaa6e59d11daf9f00c89c60347e497d2243d"
"live_sast","aespa.db","259","2447","SGBH-002","confirmed","Transaction details are exposed by ID","601c3568409a2382605848df4dd5b45f9b2fd101db8dfa0aae8152ad9ed0b229"
"live_sast","aespa.db","259","2448","SGBH-003","confirmed","External transfer can debit another user's account","c399dcd36e4d05013fe71ad1c354ee04b55dce0a604bf8275ba2fd47a8ffb046"
"live_sast","aespa.db","259","2449","SGBH-004","confirmed","External transfers have no source balance check","b93e6cb90b59636b2187f78b84b406f1637633ce84fd06a071c6b92c036a48d7"
"live_sast","aespa.db","259","2450","SGBH-005","confirmed","Forged bearer tokens bypass customer authentication","42ef38d22d6d6b95bcd794a1ccb8c0621212079e7b5343b6ccc2f71ed461de3b"
"live_sast","aespa.db","259","2451","SGBH-006","confirmed","Customer-controlled loans create cash without underwriting","9c054e49bee2104bb13e1b03a9b08bb7c70828a5754097fab5079756100ed0d2"
"live_sast","aespa.db","259","2452","SGBH-007","confirmed","Users can set an unlimited credit-card limit and spend it","21f8ef43ad52e124c44ecfbec865e19a2524e52145646e5a0fd018a816c495e8"
"live_sast","aespa.db","259","2453","SGBH-008","confirmed","Admin login uses a published default password","2dfd589828004a11bc75100ff8e92f5f713461d990f060c20a3720eb55c2f0aa"
"live_sast","aespa.db","259","2454","SGBH-009","confirmed","Admin login has no online attempt limit","b931375660cf537267fbd6611bf5c27c14798fc1df9e15ccb8ded01df7b34937"
"live_sast","aespa.db","259","2455","SGBH-010","confirmed","Known fallback secret allows admin JWT forgery","307bf48ee5fd99a35734d29070eb219fba90e73e2d583a6506dcff0d4ce355bb"
"live_sast","aespa.db","259","2456","SGBH-011","confirmed","Required TOTP can be skipped for external transfers","0f5c7d14ced0d30fea46dd28a8c245265bf5f5ef05a74808b8c57e63520ab841"
"live_sast","aespa.db","259","2457","SGBH-012","confirmed","Account responses expose stored card CVVs","ce12b3414e92f92a7b4fbc3b620c9edad29ca02b8611034067d4b32d5f83ee9a"
"live_sast","aespa.db","259","2458","SGBH-013","confirmed","Malformed FX account input reveals server error details","d5dee7e0809a5ba812bde687336b7f62b5568c458c5f9b9db6c57f05739fb69f"
"live_sast","aespa.db","259","2459","SGBH-014","confirmed","Admin balance and FX changes have no audit trail","1bbf43ac78e4299af9d7db0cc87163ef74ce90edeea1e4a12b0363435bc4ef5c"
"live_sast","aespa.db","259","2460","SGBH-015","confirmed","Unauthenticated export exposes all customer and account records","bc7db8a15d4891310b176d9084ed7bdb2eb91f6c46d2fd95be8cf01927bf0f83"
"live_sast","aespa.db","259","2461","SGBH-016","dismissed","Concurrent own transfers can spend the same balance twice","e1cfc1298c12e8caf6445ac24cfea98256021e2fb6a8168a05f72d49babf6a91"
"live_sast","aespa.db","259","2462","SGBH-017","confirmed","Public health endpoint leaks database and signing secrets","e4209ddf21c40e30a9c82724e39f97a2bb860f19c4b3e3918f2915ce5fa264c5"
"live_sast","aespa.db","259","2463","SGBH-018","dismissed","API errors expose exception details and stack traces","2fd14cff8dc1d82c524e7d9f65d52344644158e5a4c950925effe29473b4180f"
"live_sast","aespa.db","259","2464","SGBH-019","confirmed","Admin customer search is vulnerable to SQL injection","8bd02e357ec86845dad58991d01c2c6299b69e92cc165fcf9d65c100e83d6436"
"live_sast","aespa.db","259","2465","SGBH-020","dismissed","Transaction sort parameter is interpolated into SQL","057063ba167409731afec4d02780616fa707b1068443562f582ecf1f35b3f431"
"live_sast","aespa.db","259","2466","SGBH-021","confirmed","Profile update lets a user change another customer's data","d4c376c7b48a0e7856c393c9e59e001b9611b1fed576695bc24dcb3e2028dac8"
"live_sast","aespa.db","259","2467","SGBH-022","dismissed","Transaction detail endpoint exposes other users' transfers","6ff1a735ee70ba8a1fa87796140a02b363fc15fdbe9b4e5963529783638d4e13"
"live_sast","aespa.db","259","2468","SGBH-023","dismissed","Customer JWTs are accepted without signature verification","b0a251df0548157201e6aae234fb7c84f8a0db22fa425dbe2bf498c0cd61da91"
"live_sast","aespa.db","259","2469","SGBH-024","dismissed","External transfer can debit another customer's account","1dd55fd3970276974f98579b2438493909cdfd379c7b3ed6e2518a022212be05"
"live_sast","aespa.db","259","2470","SGBH-025","dismissed","External transfers allow unlimited overdrafts","bc62436ec219f6191ddfbbc377f2125f1549a66376c5ffffdc7878a4af6e44e1"
"live_sast","aespa.db","259","2471","SGBH-026","dismissed","Bearer JWTs are accepted without signature verification","0ae2b364eb53c5c2e2045612335863283e4cdaa7dcddbe0b1c2fe0c8f1a39f41"
"live_sast","aespa.db","259","2472","SGBH-027","dismissed","Public health endpoint exposes signing and database configuration","83a423217cf5501cf6cf1881d9e2a4fb6e9beea16cd96a4d14ca97c48d677b51"
"live_sast","aespa.db","259","2473","SGBH-028","dismissed","Profile update lets a user read and change another user's profile","05b24179a0f4841133b5b2783fb5d109e23089d5548fe875681c5ac37a2fab16"
"live_sast","aespa.db","259","2474","SGBH-029","dismissed","External transfer skips TOTP when the code is omitted","a4fa2e9ebe7aca0c092c867f665d9fda68db02249d5541b33081c4f63b9a4789"
"live_sast","aespa.db","259","2475","SGBH-030","dismissed","Global API error handler returns stack traces to callers","e0b8f1aaa275f0fc9e5b8cfe578be38990918111d5ae510c87c5a20da610c5f7"
"live_sast","aespa.db","259","2476","SGBH-031","confirmed","Avatar proxy can fetch internal URLs and local files","d535872f06fd8d42580636114c5e6262c26c47364ef3dabb715403ea9ef13796"
"live_sast","aespa.db","259","2477","SGBH-032","dismissed","Avatar proxy can read local files and reach internal services","5a6d427d4360b01b9b397dcff7266342d9608b6c524bf459e0c1dbf30bbe50ba"
"live_sast","aespa.db","259","2478","SGBH-033","dismissed","Public fallback key allows forged admin JWTs","2dea691cb9d41611b9cb7eb2d4b6165af527fb6186599f4c240ed3a8c6fdeb4c"
"live_sast","aespa.db","259","2479","SGBH-034","dismissed","Profile update lets customers target other users","d82a2549d0a6d8eb7982ecad327b8f59c013258a950331def8b36a76bdb07d11"
"live_sast","aespa.db","259","2480","SGBH-035","confirmed","Public auth endpoints reveal registered email addresses","4b10deb30e344f87cde53ea81cc7c145592207f60c5ac75d6caa8f07aa40ee18"
"live_sast","aespa.db","259","2481","SGBH-036","dismissed","Transaction detail lookup does not check account ownership","c8977a5663a868581384b1b0a58d6b2c57a219808c1ac298e8dd4188e054ebc6"
"live_sast","aespa.db","259","2482","SGBH-037","dismissed","Customer bearer tokens are accepted without signature verification","26f798a4a3ed38f86594c64ef58858080140079341c3866edd6f9d1cb85e83ad"
"live_sast","aespa.db","259","2483","SGBH-038","confirmed","Payment API accepts a machine token published in source","3fb203f9106017fecee9d194a2b3f45d8b563e56d37726dcfd0e881960169a3e"
"live_sast","aespa.db","259","2484","SGBH-039","dismissed","External transfers can debit another customer's account","6df8acf4eeb52af44c09a8c78504ffa423f3f56b0858005a957cc7fc930e49cc"
"live_sast","aespa.db","259","2485","SGBH-040","confirmed","Public machine token can debit the FACE Insurance account","9bc6c525a54af18af055f69018dffa94c7975391cd4ed80bf5a66b57c3682178"
"live_sast","aespa.db","259","2486","SGBH-041","dismissed","API exceptions disclose server paths and stack traces","afb77f89980e093d0240898f2ec03deda1d40bc7dea1e0fe86a9ab9651b17cb8"
"live_sast","aespa.db","259","2487","SGBH-042","dismissed","External transfers can overdraw the source account","f33f26228b70d1da015ab77c86fc769ca00d64561c4b3b75988b03515dd3447b"
"live_sast","aespa.db","259","2488","SGBH-043","confirmed","Payment processing skips CVV verification when CVV is omitted","a828e3215fe6bbc35cadf6f81592718db2580413d7acfcfa0007fc8ee0fc2986"
"live_sast","aespa.db","259","2489","SGBH-044","dismissed","External transfer TOTP requirement is bypassable","9997151938adcdc773fca75f28192057e00f7a3bad95376d413432e6704ab972"
"live_sast","aespa.db","259","2490","SGBH-045","dismissed","Seeded default admin password grants privileged access","00273eadd0251b3561c293b9ad5719b253b15d4040616f26c77e3c41f20a37e8"
"live_sast","aespa.db","259","2491","SGBH-046","confirmed","Concurrent payment requests can spend the same balance twice","cb5ec8e2a0ed05d5234818a1e47f7af2c897d7a87880866fbeb89e7d490bc577"
"live_sast","aespa.db","259","2492","SGBH-047","dismissed","Avatar proxy reads arbitrary URLs and returns their contents","5a40e7546f8fdd2387aa141d345cec785a843e318e757ac10ea846b5dd089c4d"
"live_sast","aespa.db","259","2493","SGBH-048","confirmed","Login ignores the enabled TOTP factor","95874ca43773c41fa43f873b0b37c1c2625b7fe5966578bb26ad5f0f8aa34263"
"live_sast","aespa.db","259","2494","SGBH-049","dismissed","Unhandled API errors expose file paths and stack traces","89bf4953e4dcbcdbb42395f6032fdb7b8564253db3ffa7c4b51346648f08524c"
"live_sast","aespa.db","259","2495","SGBH-050","dismissed","Administrator uses a fixed default password","0ef22f8b932f58c9af96e55149ae624a8c0fbc2eb5fa8704d27db8c5182b074e"
"live_sast","aespa.db","259","2496","SGBH-051","confirmed","Stored XSS through transaction descriptions","37b2a424a28816f0bb1345a207209cef8e37a13e20a059192978d94586892bc3"
"live_sast","aespa.db","259","2497","SGBH-052","confirmed","New customer passwords are stored as unsalted MD5","82127754495d85aa4a8d9fab80e75bf12532a881549f7b126fd1b9530b7e03e8"
"live_sast","aespa.db","259","2498","SGBH-053","dismissed","Insurance SSO uses a published fallback signing secret","293813771a46879d4ec96e87a215667335a889de239c58772c5301d3b562e067"
"live_sast","aespa.db","259","2499","SGBH-054","confirmed","Stored XSS in customer detail delete handler","d7e1a4c708ff1e5b59ac5835fc21d5b16312be06bb3eb0889b57b0bcc51cf07d"
"live_sast","aespa.db","259","2500","SGBH-055","dismissed","Admin balance changes have no audit trail","c9b6f51f1fff33be031ec1983205f3ba1645563a2f5e825ea8daf0cd72a66330"
"live_sast","aespa.db","259","2501","SGBH-056","confirmed","HTML injection through avatar response headers","703559785db723664ff76c64c18ea09c02cdb4ae3ded4ec8cf217270cd76005a"
"live_sast","aespa.db","259","2502","SGBH-057","dismissed","Login responses reveal whether a customer email exists","3640c0d2649d5c83b2d64b946a7af3b964926ff87e69c3633aaa12f622d54cc6"
"live_sast","aespa.db","259","2503","SGBH-058","dismissed","Known fallback key can forge insurance SSO assertions","c9df084bb67a722beefd59d117aa6be8afc4529d7c54ddd6074cb42a3e91c6e3"
"live_sast","aespa.db","259","2504","SGBH-059","confirmed","Login endpoints have no application-level attempt limits","5d72ea7f883990f3e3158f2365cac4c24d26b0755cb13d1308d0aefbe836fd3e"
"live_sast","aespa.db","259","2505","SGBH-060","dismissed","Known fallback JWT secret permits forged admin sessions","d1396751c439daf009a2d2d5eeb118ced5ee07bf8ded48a7898a55790de68c19"
"live_sast","aespa.db","259","2506","SGBH-061","dismissed","Customer login has no application-level rate limit","b5e379dffe208e23cb34c1f4c78a58e4d34446d24fe6d9a6822fff4f6d2f3dba"
"live_sast","aespa.db","259","2507","SGBH-062","dismissed","Unrestricted URL fetch in avatar import","0e2930c71cea5d8e716e9c8e8b5dc4764bff0ffc14d3c9ce970f4758f14c8c42"
"live_sast","aespa.db","259","2508","SGBH-063","dismissed","Profile update accepts another user's ID","c4ed8f714a47585eb1aca9e2d021cc7d42ca227430a1f92338bf34e54d5bf178"
"live_sast","aespa.db","259","2509","SGBH-064","dismissed","Profile update accepts another user's ID","4cf1e0ce95ac8a6496a3c6b83984c1dbaf6b0f5545a7563b8aab690bffe4f5ad"
"live_sast","aespa.db","259","2510","SGBH-065","dismissed","External transfers can debit another user's account","e099afb431dbc5dc8c84110d5c0ed1bde6b57297a666a39daf43f89c359dc2ab"
"live_sast","aespa.db","259","2511","SGBH-066","dismissed","Required TOTP can be omitted from external transfers","f827b054af7be104a3560ef18d0a9a68a3d5831e2c7b73baeed2374c6978c09b"
"live_sast","aespa.db","259","2512","SGBH-067","dismissed","Admin login has no online attempt limit","f3a3d8e078d0e8c584d6aef44991be44daa1a2466ff99f8176409b1b865b058b"
"live_sast","aespa.db","259","2513","SGBH-068","dismissed","Sensitive admin changes have no audit trail","7632338b81542e10d4b89a56d92c8ec284d14c62736846efa668233b91baaf0f"
"live_sast","aespa.db","259","2514","SGBH-069","confirmed","Account opening allows unbounded credit issuance","f1eb7e16f4a29fcb87fa4327566c22ac7203f3e92eaac98c673e304c81c5a6c6"
"live_sast","aespa.db","259","2515","SGBH-070","confirmed","Administrative balance changes are not audited","1ce3135af5ad4b5be559f149d6dc6ba70e698855019530d01d12c57c6e28d360"
"live_sast","aespa.db","259","2516","SGBH-071","dismissed","Login responses disclose registered emails","8b64f27b96ca1dad4b07efc68853004ba4a508d16c6592b77fca058f8721a4e3"
"live_sast","aespa.db","259","2517","SGBH-072","dismissed","Login attempts are not rate limited","5440efa6fb5820199d533f79f9c489d442541f5f232208ed389221678065012e"
"live_sast","aespa.db","259","2518","SGBH-073","dismissed","Main API accepts JWTs without signature verification","dc949c02d5267f7c046c4cf42be25ee7e0af996cc637db062b11e0c65d24776e"
"live_sast","aespa.db","259","2519","SGBH-074","dismissed","Malformed login requests expose stack traces","63654c1c00f9a335f051d5165063761918d0a618e86aaca9c6c11412ff8a242c"
"live_sast","aespa.db","259","2520","SGBH-075","confirmed","Registration allows one-character passwords","01012ff56664245b0ce3913b5c21575b051fd5fd743da55b9b8dd88032dbafd0"
"live_sast","aespa.db","259","2521","SGBH-076","dismissed","New customer passwords use unsalted MD5","43b384caadc2bdd4b3436a02ef425ab13a1666e8cf61cbc289103a0300ff4403"
"live_sast","aespa.db","259","2522","SGBH-077","dismissed","Customers can self-approve unlimited loan disbursements","c601d2c5851cf3017a5c0360252bb7f6dcc2a5a71714a777b4accc652e6ed810"
"live_sast","aespa.db","259","2523","SGBH-078","dismissed","Customers can create and transfer against an uncapped credit line","ace9f4c5aa7c97ccd3bcf87285ce0c853be7b84960cbe0ba9da7553b1ed2b685"
"live_sast","aespa.db","259","2524","SGBH-079","dismissed","Unsigned JWT payloads bypass API authentication","01b1581fab7771db54dad935f17c1dc08e8ceaf2f82b2304ecce37fb1730fd22"
"live_sast","aespa.db","259","2525","SGBH-080","dismissed","New customer passwords are stored as fast MD5 hashes","7fc46355de6b288443ca17efdf004c63273ccd16f5490f651bbee4c11414c964"
"live_sast","aespa.db","259","2526","SGBH-081","dismissed","API errors disclose stack traces and file paths","2f6ca1483c332e1e01afdc942d19f12c59b369c5ff2ffc347f29c7ae2b7d728b"
"live_sast","aespa.db","259","2527","SGBH-082","dismissed","Authentication responses reveal registered email addresses","e0d6b00203fb3e2d0f79fc6f43dac8557ca9e2e87f8b7a9e39fde25bbdaf63e7"
"live_sast","aespa.db","259","2528","SGBH-083","dismissed","Unhandled API errors expose server paths and stack traces","2a8833315c198f946df38cd047528a1d8d51e2d27166e76f4bb3716d7a59a3e3"
"live_sast","aespa.db","259","2529","SGBH-084","confirmed","Sensitive admin actions have no audit trail","1704f0268f62ea9d6a623067d7a22eaaed54c51e4e06d058a6f462a9992e53ea"
"live_sast","aespa.db","259","2530","SGBH-085","dismissed","Registration accepts one-character passwords","12f4aad19766fc6f81b101ca2d1b6235d5d5281b1f810c9bbd67dc59d167617d"
"live_sast","aespa.db","259","2531","SGBH-086","confirmed","Published machine token can transfer settlement funds","a16bc22daba9beb6a39a84b79ec7276372ec7cafde47c0fc7d953afc39a0f1e6"
"live_sast","aespa.db","259","2532","SGBH-087","confirmed","Stored XSS through admin account-name handler","6d1030a41c03ae433fd025a8f9e5de2576a3d73b822d6c5f0a78c904027dcd2c"
"live_sast","aespa.db","259","2533","SGBH-088","dismissed","Card payment accepts an omitted CVV","d20aed23f1da9db412bd3f5e9f485ff32f5a8e51a5862c750b6300b8510af681"
"live_sast","aespa.db","259","2534","SGBH-089","dismissed","Profile update lets users change another customer's record","9e8707f1e3e39442898a84b2e25929858eaed6e91e746349f1b32180fe4937e5"
"live_sast","aespa.db","259","2535","SGBH-090","dismissed","Avatar proxy can read local files and internal URLs","6893c7ea316c6c1e91d5067c3bbee1b6c3dc7a44260e9246b841f4e3507d61a9"
"live_sast","aespa.db","259","2536","SGBH-091","dismissed","Customer login ignores enabled TOTP","13c410eb55f66df660c4cb492d25beec91723b46d22812ed395e580ec25ed14c"
"live_sast","aespa.db","259","2537","SGBH-092","dismissed","External transfers can debit another user's account","3bbf455e84273455153646f9177eee9d4b6ec5cac8a9dab1fee55f313b8dd6bb"
"live_sast","aespa.db","259","2538","SGBH-093","dismissed","External transfers bypass required TOTP when the code is omitted","9d5efef2729a0a2373db2e866ea6a1893e1b97f6cd464d575bff0e6657d58b8b"
"live_sast","aespa.db","259","2539","SGBH-094","dismissed","Shipped machine token authorizes payment API calls","bc86394706cf64ff00d8b49fc3fe0ee12fafe69c6c23675b90af95b937e7a822"
"live_sast","aespa.db","259","2540","SGBH-095","dismissed","Public exception handler returns stack traces","9bc8fde1d570744982ee0df8a67b3c2c0f539628ea4a649fb5e3d76f1a34dfa2"
"live_sast","aespa.db","259","2541","SGBH-096","confirmed","TOTP codes can be brute-forced to disable the second factor","b9971f116c03a6f73cf13f831226513fc9f4838f2c7dc35d9b92a14fdddfbe7c"
"live_sast","aespa.db","259","2542","SGBH-097","dismissed","JWT authentication accepts forged tokens","67e7a06e43f2378236b385402fcbcda2018364487e4068986f68aab40946649d"
"live_sast","aespa.db","259","2543","SGBH-098","dismissed","Address book nickname breaks the inline delete handler","6db5697029c4746d89dc376dde60329f1377187328be74f2b94d537c7e5dff47"
"live_sast","aespa.db","259","2544","SGBH-099","dismissed","Stored XSS in customer delete control","5fece6b1f0c7788ab389c8261926c0a4656755bd9f4211cab82218c0ee5e92bb"
"live_sast","aespa.db","259","2545","SGBH-100","dismissed","Bearer tokens are accepted without signature validation","c0f1fd3c710a7e91018a106a2879af0c03ee27397cebac2c355cf34a6564e9dd"
"live_sast","aespa.db","259","2546","SGBH-101","dismissed","Known fallback secret lets attackers forge admin JWTs","dd40e81e657a0dbd7f1e1d6da41518e8669200c76ba466e5818ba140c82deacb"
"live_sast","aespa.db","259","2547","SGBH-102","dismissed","Default admin password is installed and publicly documented","c4a1daf260af4f1ca9624fd493d8d16d280d8d31cd8dbd48cb96b480ee7660e4"
"live_sast","aespa.db","259","2548","SGBH-103","confirmed","Balance update response includes card credentials","2f0a9fadbdcefbe3760bc5db1b505d64fb9c8953dd55734bfad19254e75c8e3c"
"live_sast","aespa.db","259","2549","SGBH-104","dismissed","Unauthenticated route exports all customer banking data","32edcfd78ba65640fa50cec81e936ec746eadd5a692b2c0b718340f1d54e3c0f"
"live_sast","aespa.db","259","2550","SGBH-105","dismissed","Public health endpoint returns JWT secret","41e8395137fd36c1c4d7ede0a7066ffbff2218ab89fcca22e5ee95b40f67f8ce"
"live_sast","aespa.db","259","2551","SGBH-106","dismissed","Unsigned JWTs authenticate as arbitrary customers","3aa59f196b498d81c9393f5decfbc8ab00351fa59b910209c2ba63e59c9e04ff"
"live_sast","aespa.db","259","2552","SGBH-107","dismissed","Transaction details can be read across accounts","d1d7d4170f4544e90d6cbdbec3a5355fd5f48ec287c89d57bec0e2a6279aa5d8"
"live_sast","aespa.db","259","2553","SGBH-108","dismissed","Admin login has no brute-force protection","5cf43ca1d05c37edf4ff1de02223f9d1d5661de2db63717ea3e602180c964eb3"
"live_sast","aespa.db","259","2554","SGBH-109","dismissed","Avatar import accepts arbitrary URLs and can read local files","1b4dc52d5f21d0f3a96f2fc2b9f907ca5c53f0259ec66f9769231039d212d538"
"live_sast","aespa.db","259","2555","SGBH-110","dismissed","Passwords are stored as unsalted MD5 hashes","fd42fa15a605122620586253ef47a1ff6d21f1388c5167baccd86b12f47c5e93"
"live_sast","aespa.db","259","2556","SGBH-111","dismissed","Admin balance and password changes are not audited","cf9416541dd8659251ce74d04d67e21433bc8f02cdf705745e6f0a9d790225f6"
"live_sast","aespa.db","259","2557","SGBH-112","confirmed","User response serializer exposes stored credentials","ef010ac05e4743f2371c6dd6a83ef0dffe99b05f459d489147f7437a12ac5651"
"live_sast","aespa.db","259","2558","SGBH-113","dismissed","External transfer errors expose PHP paths and stack traces","0d5b09a689c61df9f765acecf3733c0b7469b423205c5600508979ee81b66d57"
"live_sast","aespa.db","259","2559","SGBH-114","dismissed","New passwords are stored as unsalted MD5","79af59d03f00c5bf26913b3512c25fc6c0169fd1fccabafa48f3482a61a61c4c"
"live_sast","aespa.db","259","2560","SGBH-115","dismissed","SSRF through avatar import","254206642d63c96d4bbbbb7d6917e49f330cc72e89dede192d2998e92f42298a"
"live_sast","aespa.db","259","2561","SGBH-116","dismissed","Bearer token signature is never verified","8152cffd0cb1ea680ded66c97e6d61580bbbdbb665c438c34fdf8f3911dca445"
"live_sast","aespa.db","259","2562","SGBH-117","dismissed","External transfers bypass required TOTP when code is omitted","9e8a05df9209fe611857de137790ef8b3954f278513f6c44eb63fda3274c3363"
"live_sast","aespa.db","259","2563","SGBH-118","dismissed","Profile update accepts another user's ID","3ce7a833669cfbbb3a7f9cce1f0082cf0f2afe5aab532346c5c53ea0dd789d13"
"live_sast","aespa.db","259","2564","SGBH-119","dismissed","Public export endpoint returns all customer data","06c15bc0b7933b99dcb4b236af9360a913fe1027f836a8a688b06a18d55c701d"
"live_sast","aespa.db","259","2565","SGBH-120","dismissed","Public user serializer returns TOTP secrets and password hashes","284c1fd26c061c099f43142e54e8d7ddc52590dfd5a40bfa9b16b06931afb1fb"
"live_sast","aespa.db","259","2566","SGBH-121","dismissed","Public health endpoint leaks JWT and database configuration","35e3677a22ec54e6680c08ac99f5e4840f8485f79dea76ee34e0b224fd9da787"
"live_sast","aespa.db","259","2567","SGBH-122","dismissed","TOTP disable has no failed-attempt limit","b5edd7e547c0ec4ea97995bc2216bc01458e155e69567cb5104b5f92c93d2583"
"live_sast","aespa.db","259","2568","SGBH-123","dismissed","User API accepts forged unsigned JWTs","1c66a2a74e6eb41ef678167e1172025ca26f2fab108ae9d88e7b7b10298d661b"
"live_sast","aespa.db","259","2569","SGBH-124","dismissed","Login errors reveal registered email addresses","48c0a5a32af103fc29b3a33478dff9ff667241832a750df4a1239cd3a8e7dbc7"
"live_sast","aespa.db","259","2570","SGBH-125","dismissed","Public login has no failed-attempt throttling","71f55207033f88b90973ce566466ac56b2cad623eb44ce526d2ceda6b630a63c"
"live_sast","aespa.db","259","2571","SGBH-126","confirmed","Stored XSS in FX rate name rendered in inline handler","f1b51ec59a145a29e61bbab7ab8fd7e5598bbbbd31ae29ad8158ca879e1bab91"
"live_sast","aespa.db","259","2572","SGBH-127","dismissed","Avatar proxy fetches attacker-selected URLs","895217ddd8a470d7d92067e1f085801cb664373b6e323986a6275e3f71f22791"
"live_sast","aespa.db","259","2573","SGBH-128","dismissed","New account passwords are stored as MD5 hashes","65a90a0021667d4602e42f3d723267e62afca25e446bb590b976628c7b742d43"
"live_sast","aespa.db","259","2574","SGBH-129","dismissed","Login responses reveal whether an email is registered","f9f8b21a746a823ee551ba7789bb17ec999c60af637ea814812c5e7b64e2dcbf"
"live_sast","aespa.db","259","2575","SGBH-130","dismissed","Public login has no application-level attempt limit","18b0176f701ebd329f5a3ead8bcdeecc4c0b16fdca72582ef045ab87d4c73ae9"
"live_sast","aespa.db","259","2576","SGBH-131","dismissed","Stored customer name can inject script into admin page","1e46f538c332240e952d5cd9fd6803dc9f224fbdb11ffc057dcd77bade8127c5"
"live_sast","aespa.db","259","2577","SGBH-132","dismissed","Admin customer search interpolates input into SQL","0c7f4d6fe130c8004e2deb1ecbad8459f4d2dc27d551cbe8c612e3ea56a57236"
"live_sast","aespa.db","259","2578","SGBH-133","dismissed","Profile update lets users target another user's record","904b981c73c3f9225da4909ff6de3db46ce0be427a925dddaf07b25cb677fbe5"
"live_sast","aespa.db","259","2579","SGBH-134","dismissed","Bearer tokens are accepted without signature verification","5e856c593feced00bf63dff323f6b0588ffd247028e300557abba5e5c6f97ad6"
"live_sast","aespa.db","259","2580","SGBH-135","dismissed","Default admin JWT secret permits forged administrator tokens","85250a527f3b5fd07c178a50bb44bee6041aec9503d25aad66b21bddda633c7a"
"live_sast","aespa.db","259","2581","SGBH-136","dismissed","Profile update accepts another user's ID and returns their secrets","ee6b974935cc38a253c18bb9e7cc784c4686a87f2a83d22acf3b82e0b5cf94a1"
"live_sast","aespa.db","259","2582","SGBH-137","dismissed","Malformed JSON exposes API stack traces","df37410864786f91b15234283d4694789430526d4914d3aee5b90ad8488af2a9"
"live_sast","aespa.db","259","2583","SGBH-138","dismissed","Login responses disclose registered email addresses","4a74760bc0d984ab1a2d7c3ab7ac514700dd8a1481fbe06af7c9e90afba36ff3"
"live_sast","aespa.db","259","2584","SGBH-139","confirmed","Database reset has no audit trail","e28a0d728572c7d6d1f9fb5cc07ef1dbd0f47167edf43c42d5217c5c2854b39e"
"live_sast","aespa.db","259","2585","SGBH-140","dismissed","Fresh installs use public default admin credentials","9549309841bcf32153301f0deab3c829dbcb5a7fb6ef375966f199e6ba8b01ce"
"live_sast","aespa.db","261","2586","ILTJ-001","confirmed","JWT authentication accepts unsigned forged tokens","f9304f28c1585903c8d2e157b0670c2e61538875cab76bf8d33e0cad192c5ef7"
"live_sast","aespa.db","261","2587","ILTJ-002","confirmed","CORS reflects any Origin with credentials enabled","799baac46fc76dbf5b4b8ddb11fd3a211841ecc825a6014ab6092152103c0416"
"live_sast","aespa.db","261","2588","ILTJ-003","confirmed","Hardcoded machine Bearer token authenticates payment APIs","68031efe4c3ba136dbdec1d3edab9390987506b0fac4d6e3f844429a0182fb10"
"live_sast","aespa.db","261","2589","ILTJ-004","confirmed","Admin JWT verified with well-known default HMAC secret","1b96a4c3b9bb23a5803c86cdc90f9bb4635de7988d137513319206964ecae077"
"live_sast","aespa.db","261","2590","ILTJ-005","confirmed","SQL injection via unsanitized transaction sort parameter","8e85f78c5bd19bbdee5b6c53d33f3db90c6d2ca86abbb473a6d7ab39c1b6482b"
"live_sast","aespa.db","261","2591","ILTJ-006","confirmed","BOLA: any authenticated user can read any transaction by ID","edd8ba129034f2a2e483ec50670d19beca413923f4d0290fe3a4e8cd0612f29c"
"live_sast","aespa.db","261","2592","ILTJ-007","confirmed","IDOR: external transfer debits any source account without ownership check","2f93dfa689216f3d3de3eb62210cd5d9aef763e359549ffd267d3549640bbc61"
"live_sast","aespa.db","261","2593","ILTJ-008","confirmed","TOTP 2FA bypass on external transfers","21dc3d95f14c2a1bf123c643601bc0991d1f187e5c2371e616790654fbd4040b"
"live_sast","aespa.db","261","2594","ILTJ-009","confirmed","External transfers skip balance and credit-limit checks","a7b1a10dc21350e56fea287d440ae8770a16aa4763cfa2cea2af77d884a61f32"
"live_sast","aespa.db","261","2595","ILTJ-010","confirmed","Own-account transfers ignore credit-card credit_limit","268f2b17addbb640067c244bd8c521a157bdb38b6391febc19be4186d020ebc6"
"live_sast","aespa.db","261","2596","ILTJ-011","confirmed","IDOR: profile update accepts arbitrary user_id","c3561b09d94c44261b1b0e6a2e1a84783b7d6dd14b844a1d3dd0a5852eb91ebd"
"live_sast","aespa.db","261","2597","ILTJ-012","confirmed","SSRF via profile avatar URL fetch","762297b7ada4a6b7aa628a15a05e5b17174c63bea8faf8ddf2656d8497a4986e"
"live_sast","aespa.db","261","2598","ILTJ-013","confirmed","Profile API leaks password_hash and totp_secret","db5b0a4a123b5ca5b433b8f77bcb47f7e76c28060810d3f757d862591211ae6d"
"live_sast","aespa.db","261","2599","ILTJ-014","confirmed","SQL injection in admin customer search","cf80362f89b256e7359537b6873a6cdb29c6e56acaa50b8fcc521b77ffb82532"
"live_sast","aespa.db","261","2600","ILTJ-015","confirmed","Unauthenticated export of all users, accounts, and transactions","5d5aa8707dee08691ddeb02491f92dc12460c4a2d8443b0105892233541020b7"
"live_sast","aespa.db","261","2601","ILTJ-016","confirmed","New customer passwords stored as unsalted MD5","cd5aba092e4362c753a3f69d6d745f161a4f92b87a460c0938968cbe37e9d137"
"live_sast","aespa.db","261","2602","ILTJ-017","dismissed","Login and register responses include password_hash and totp_secret","361b5d5c0fdd53966729f2f234658778b3e091ac91d176cc7c2502641ffb7021"
"live_sast","aespa.db","261","2603","ILTJ-018","confirmed","Admin settings response returns payment machine token in plaintext","4a25c19d3ef0678c92deefa8e09f73d32915685efcfca329cf9f9010c771b732"
"live_sast","aespa.db","261","2604","ILTJ-019","confirmed","Login distinguishes missing user from wrong password","6959cbcf8d3d47d2c0aa207e581af8542147c6ccc2d364cb6ae06226e9ea3d9e"
"live_sast","aespa.db","261","2605","ILTJ-020","confirmed","Registration allows one-character passwords","a4f6017a13ddafaf071b323e3f43dee437ea2f2590583d46104c6bb025bdea30"
"live_sast","aespa.db","261","2606","ILTJ-021","dismissed","No rate limiting on login or registration","6b8407b5ba77caa83d748324501a269311efb91b3d3ef657a9acfa732bd53347"
"live_sast","aespa.db","261","2607","ILTJ-022","confirmed","Unauthenticated /api/health discloses JWT secret and database credentials","6d4cb54e38922ee12d17c2cf7f1a0393a9ff7e7280bf0cf572f99af10980cdc7"
"live_sast","aespa.db","261","2608","ILTJ-023","dismissed","Hardcoded default admin JWT secret allows forging admin sessions","2499adc6ac9c0205fc67947e97360e84e0f3aef5085578fd8952bf6a73ef02f5"
"live_sast","aespa.db","261","2609","ILTJ-024","confirmed","Hardcoded insurance SSO HMAC secret allows forging customer assertions","e1a17f105998040b995f04aba4eeaafc515e854d6b9a47261074a30d6a144e27"
"live_sast","aespa.db","261","2610","ILTJ-025","confirmed","Admin password reset does not revoke existing customer JWTs","498f546353d0b32bf691a53116a653d5afd3b42b7a565f255eb8aa40389426e6"
"live_sast","aespa.db","261","2611","ILTJ-026","confirmed","Database reset returns raw PDO exception text","361f4bb73f80852ed5945870f8e8ca91cf1e5d4783063f59647063182d89d98a"
"live_sast","aespa.db","261","2612","ILTJ-027","dismissed","Admin login signs JWTs with the well-known default HMAC secret","e65fecc94d111f187174fb120b4745b5193472c05f9c67c4a21d5f5befd36388"
"live_sast","aespa.db","261","2613","ILTJ-028","dismissed","AdminAuthMiddleware verifies tokens with the hardcoded default secret","e7a26e5e5a2f6222704d5ce729f48da9179a97f1719c799a080436a3e981b37b"
"live_sast","aespa.db","261","2614","ILTJ-029","dismissed","Insurance SSO JWT encode uses hardcoded shared secret","fc5851800f3fb16407ddb2198fc64bfcea616f919c719973ac795d0613fe5533"
"live_sast","aespa.db","261","2615","ILTJ-030","confirmed","Customer JWT encode uses hardcoded default HMAC secret","1e293f4e33cfe7ac3baa43be306d8697230c188bd5eba2ff7ae54c208d382ead"
"live_sast","aespa.db","261","2616","ILTJ-031","confirmed","Transfer endpoints have no rate limiting or audit logging","44b4170259d2a64028282be50c976b41ebae3c3a16caba77e5301edde8fd1076"
"live_sast","aespa.db","261","2617","ILTJ-032","dismissed","Unauthenticated health endpoint leaks database host","7ca84acbdeb29e047767e902810d87477b764d18f36eb16f327e1e86bc3ed0fb"
"live_sast","aespa.db","261","2618","ILTJ-033","dismissed","cors_origin config is dead and CORS stays wide open","11fad9b3e107eb2ec0ab9d3a33933d9f6512d24a6624f9a822b6a96a5d7a94fb"
"live_sast","aespa.db","261","2619","ILTJ-034","dismissed","Authenticated user can update any other user's profile via user_id","f25f2ebe28ae49775a5e8a72d8b47a811491f49a88a0eb4317ad2bd378d6c534"
"live_sast","aespa.db","261","2620","ILTJ-035","dismissed","User::toPublic leaks password hashes and TOTP secrets","e0b0ce169f9773d1677fac40f25743c2dc93a1efe3817b99cfd17338c1b7fba3"
"live_sast","aespa.db","261","2621","ILTJ-036","confirmed","Card payments skip CVV verification when CVV is omitted","a3af78a9a8b20b1e1d26834ae88d0bbc2fae0d3307204fc34266b6d2337bccae"
"live_sast","aespa.db","261","2622","ILTJ-037","dismissed","Profile, login, and register responses leak password_hash and totp_secret","13360db9e64a8b3ab26b6e941b68f97da71a8bd7e1a2b98d04e8a8052254ba14"
"live_sast","aespa.db","261","2623","ILTJ-038","confirmed","Account API returns full PAN, expiry, and CVV","69c8eaca8060823da5389bcdf72632a7e960f178c3745fb059179de628a0b744"
"live_sast","aespa.db","261","2624","ILTJ-039","confirmed","Login issues JWT without verifying TOTP even when 2FA is enabled","8c20fa58522e2db070970b311439cd733344aa74b84382119c3c02f3999767a6"
"live_sast","aespa.db","261","2625","ILTJ-040","dismissed","Machine payment transfer authorization only applies to two token names","ba153483695e673834cbd943a52cbfbfe03759871334fb160fdaea03ec064b03"
"live_sast","aespa.db","261","2626","ILTJ-041","dismissed","Admin settings endpoint returns the live machine_token secret","658a96d78692ac3d270ec904aa99dc3982a899389008a52e11afc7274aed3590"
"live_sast","aespa.db","261","2627","ILTJ-042","confirmed","Unhandled exceptions return file path, line, and stack trace","d1de582e4e244e87b7957f51ed261f167510cfbe18d74a70ce3e0f96ff530418"
"live_sast","aespa.db","261","2628","ILTJ-043","confirmed","Insurance SSO token is placed in a URL query string","49de74daa9ee3b469e4046c3ac370cf33fc4a60418af0db79c364c1e51a46216"
"live_sast","aespa.db","261","2629","ILTJ-044","confirmed","Admin balance changes, password resets, and DB reset have no audit log","0d8be3ffcdd4875e423d34667ce4ddf411f7a1f62d0feb5ddad1cc344fccb9b0"
"live_sast","aespa.db","261","2630","ILTJ-045","confirmed","Admin login has no rate limiting or lockout","4327fcf8a2db233485c2fcc389f48cc3219c0d6c1ecfda96fb7c64fcf6b61db9"
"live_sast","aespa.db","261","2631","ILTJ-046","dismissed","Public health endpoint discloses APP_ENV","91d4f8143648a909e7785879563170bf856447d68f1bfd7314d7c4ce85cd7b01"
"live_sast","aespa.db","261","2632","ILTJ-047","confirmed","DOM XSS in profile avatar preview and source URL HTML","1e16c06ae736e86efa16c3e8ed527d00ffa69ea8ab3e0285a0158eb1b2495597"
"live_sast","aespa.db","261","2633","ILTJ-048","dismissed","User::toPublic leaks password_hash and totp_secret to the SPA","c3a172acf546a1127d758ba2f1a3e820f8ea5ceb9b237924afdd80ac46c94038"
"live_sast","aespa.db","261","2634","ILTJ-049","confirmed","DOM XSS via unsanitized avatar_data in sidebar innerHTML","0204c14cb4c93a51ea6491fa970cdf16cb92bf4559701650c4f8e50b5eac9050"
"live_sast","aespa.db","261","2635","ILTJ-050","dismissed","External transfers skip balance checks allowing unlimited overdraft","67996d80203124365bf52f16cb49ef20ea199118448c415b6e7aac91461e62e3"
"live_sast","aespa.db","261","2636","ILTJ-051","dismissed","User API responses leak password hashes and TOTP secrets","9d6c8612a5d8878f75a6a9caacf2f09a88f79e3ecb226e58c02fe8cd5cddf570"
"live_sast","aespa.db","261","2637","ILTJ-052","confirmed","Self-service credit cards accept arbitrary credit_limit as spendable balance","3577da17d51a961739cd7fdeddd5471a3c653349d3a15d4a564a6958fd0be55f"
"live_sast","aespa.db","261","2638","ILTJ-053","dismissed","Loan opening disburses unlimited funds with no underwriting","1d51f4b0e189e1bf2ba92a8c2a246bdc6f8716f89e0f17d4f78d7e311dcaadf9"
"live_sast","aespa.db","261","2639","ILTJ-054","dismissed","Admin settings endpoint returns the payments machine token","85b72e9ce2411cf597372d8cf4b4a755cbcb7e4b3a9216f464c4c56229c3e2a6"
"live_sast","aespa.db","261","2640","ILTJ-055","confirmed","Payment balance checks are TOCTOU and can overdraw accounts","022b60b1969800a32c205dd825ed070b9242593467da4fb8f709f9a466c9aeeb"
"live_sast","aespa.db","261","2641","ILTJ-056","confirmed","TOTP enable/disable has no rate limit or lockout","03dc74e6342328f79b6537e0f02b5f8bee91440e10f9a75442ac56da121c7509"
"live_sast","aespa.db","261","2642","ILTJ-057","dismissed","Insurance SSO JWT uses a hardcoded shared secret","9bea90f1b3aa550aef144df45383c0defe2a1a2d4548e952153f51d745b1648b"
"live_sast","aespa.db","261","2643","ILTJ-058","confirmed","Stored XSS in admin customer detail delete button","f9d9bdcbc32fe3d39b5461279a9f0ae061bbd695ef6ae3ec5f34bb6119fdfff2"
"live_sast","aespa.db","261","2644","ILTJ-059","confirmed","Stored XSS in admin accounts Edit Balance button","26ef745cd60a676ec9d08780161285c759700a9f4ba1963eb84ef11f76c2d32a"
"live_sast","aespa.db","261","2645","ILTJ-060","dismissed","Unbounded self-service loan and credit-card issuance","dac3a401618d5fb580452c1a42db45bb0fe10a3dbbc3ca2edc4c82718276d5b6"
"live_sast","aespa.db","261","2646","ILTJ-061","dismissed","Hardcoded default admin JWT secret allows token forgery","c752bf13839ef80dc73e60b59cacd2cad9ffe5221a565bd9499a31dbc60a39ee"
"live_sast","aespa.db","261","2647","ILTJ-062","confirmed","Admin setBalance mutates ledger with no audit trail","1385727396b50bca8e328d33f1ef008626bf1f2382d0e901be7fd5e07fd4e896"
"live_sast","aespa.db","261","2648","ILTJ-063","confirmed","Admin setBalance response leaks full PAN and CVV","6445efbe9bdb4470a469cb8e370bb6efecb5dd181da29e263c3887864066c624"
"live_sast","aespa.db","261","2649","ILTJ-064","dismissed","Payments transfer authorization is fail-open for other machine tokens","a5914603e51cbc9a8c4b6420a2f3bd9a6db9b625d0e0bf4bb7459c1025a36932"
"live_sast","aespa.db","261","2650","ILTJ-065","confirmed","Payment transfer has the same unlocked balance TOCTOU","a6476d05dea8dfc87d2b88c48cecd8f0f955c43a88a7b493cb7a3892a3e0ef8d"
"live_sast","aespa.db","261","2651","ILTJ-066","dismissed","TOTP disable also lacks brute-force protection","c8ef9dc357f8f96b47957e02c6f8f09a2fe8083b25be7bbea0625a5dd7291ade"
"live_sast","aespa.db","261","2652","ILTJ-067","dismissed","Account opening handler allows unrestricted loan and credit issuance","3ebd64f6e732d71b7893d667bb85e9707baa2cb1cd93c8282e5a8984fff9b2c2"
"live_sast","aespa.db","261","2653","ILTJ-068","dismissed","Admin account handler overwrites balances without an audit log","26b58c35ce9dfbeb0f32965f2bad242017765f96fdfca250c637608d172a35fc"
"live_sast","aespa.db","261","2654","ILTJ-069","dismissed","Admin account handler returns full card secrets after balance update","9a9b0b28e6103b1208983544b52cf730058b853bc57e1b7ce45a5be4e754cc09"
"live_sast","aespa.db","261","2655","ILTJ-070","dismissed","Profile update response discloses victim secrets","5c9bd4525c7c1ef8cb4a6a73ae48ae39779c233d6f363ca8a9507d01577a71f7"
"live_sast","aespa.db","261","2656","ILTJ-071","dismissed","Own-account transfers check balance outside the DB transaction","776f6defcf1ea3a9694c16b04b93d5849cf67f313a784bb5325c4b7b1bf15d1c"
"live_sast","aespa.db","261","2657","ILTJ-072","confirmed","Stored XSS via unescaped transfer description in account UI","f23b0b0bdedd4885c04cf89761e9e1da248aefa851956a76178bfaae68c183df"
"live_sast","aespa.db","261","2658","ILTJ-073","confirmed","Stored XSS via unescaped transaction description on dashboard","51c4969a97ea4c2d2890bc38a40a40f9943e744632ea38716f1b54e470e984bf"
"live_sast","aespa.db","261","2659","ILTJ-074","dismissed","Profile handlers allow user_id override and unaudited TOTP/profile changes","65216b5cf52124585d02d1eff1269e250c29ffaae23fe78e2f56e277a2adc25a"
"live_sast","aespa.db","261","2660","ILTJ-075","dismissed","Login and registration responses leak password hashes and TOTP secrets","22ac0f0b5e01f229de0bb09b9bdc1a5b8203891919c303239c0b9b4d2fa055c5"
"live_sast","aespa.db","261","2661","ILTJ-076","dismissed","Admin JWT secret has a hardcoded production fallback","fa0609d80cea2924db536f0a1c1d5d4fd9887a2bb8f9b4e9dc81d89d78939184"
"live_sast","aespa.db","261","2662","ILTJ-077","confirmed","Default admin credentials shipped in schema","26b63c92354a09ffb5e26037c4e4b0d38f4bfeda4f22f2c15f6750e101f0f603"
"live_sast","aespa.db","261","2663","ILTJ-078","dismissed","External transfers skip balance checks allowing unlimited overdraft","cbcc470e88ebe6226e1d48e02f072a57762635dac4263e4d66b35337de3f6c89"
"live_sast","aespa.db","261","2664","ILTJ-079","dismissed","Credit-card PAN, expiry, and CVV returned in account API responses","ea70337df6b02418bd88f85d377322964c4985781c93db9b40afd67844aecd27"
"live_sast","aespa.db","261","2665","ILTJ-080","dismissed","Unhandled exceptions dump stack traces and file paths to clients","64e4f691cb7b6bc5f755ad5c2c2179cc4b9d32f71f9c9c6dfb19f127922dbd4c"
"live_sast","aespa.db","261","2666","ILTJ-081","dismissed","Registration response includes User::toPublic password_hash and totp_secret","120a001e8b1d3c9363bcb36e252b94a7385ff7ae222964b9fb16b140fb2653a2"
"live_sast","aespa.db","261","2667","ILTJ-082","dismissed","Login response includes User::toPublic password_hash and totp_secret","a2590113dd6003671bb83904d5fd6812bfdb4c7e125c4cfd7a0f96426dbc2e1b"
"live_sast","aespa.db","261","2668","ILTJ-083","dismissed","User::toPublic leaks password_hash and totp_secret in API responses","0326a43ff6f94ed7f9369dc8561e873076c58dbf4afdff7b3e2790cf3f1cf130"
"live_sast","aespa.db","261","2669","ILTJ-084","dismissed","Login distinguishes missing user from wrong password","15e61247c1026dd23399ec9d984ea10eb0174e1710fae0b104d7a2d810b56da7"
"live_sast","aespa.db","261","2670","ILTJ-085","dismissed","Authentication endpoints have no rate limiting or lockout","52d6ea7780d08dfa64c45e14533d4284c6c98f5cadfa01f8d93c4b6fcff971db"
"live_sast","aespa.db","261","2671","ILTJ-086","confirmed","Stored XSS in admin FX rates table via currency_name in onclick","8d37177bcce5a87fd2e8f927e43c699e2c2d3cbb8663713d130a050f533879f5"
"live_sast","aespa.db","261","2672","ILTJ-087","dismissed","IDOR: external transfer debit any source account","73a36f48111ff1b88adc912123c3fcdf7bdf6ddcbaa716cad7f217df2095b9d0"
"live_sast","aespa.db","261","2673","ILTJ-088","confirmed","DOM XSS in address-book delete handler via HTML-escaped nickname in JS string","6e52d038c83a51fc7e7e48ff4c35e5ebbabfb4aaa76c6a7e55aeac7972eea8d6"
"live_sast","aespa.db","261","2674","ILTJ-089","dismissed","Admin balance change is not audit-logged","11abe120d68aa678ee501d65baa62f055d310555bf1e8760ab10f1f4e6c20d67"
"live_sast","aespa.db","262","2675","EOIJ-001","confirmed","JWT signature verification bypassed in AuthService::decodeToken – full authentication bypass","677c2e3f26b6e3b017a6aec4d7d5257cab77f84c8e9e96d3ea06a4fee63a1d27"
"live_sast","aespa.db","262","2676","EOIJ-002","confirmed","Unauthenticated /api/health endpoint discloses jwt_secret and DB credentials","bb11d9b57d6b937ab178a8ff3c5315457b65dd6d2d51e52a136ea4980c782806"
"live_sast","aespa.db","262","2677","EOIJ-003","confirmed","SQL Injection via unsanitized search parameter in admin customer listing","8846063487637b89fcfd7a9cdbe3ea6f0d716f3c9a032d098cd3d56adc90a179"
"live_sast","aespa.db","262","2678","EOIJ-004","dismissed","Hardcoded default secrets (JWT, insurance SSO, machine token) ship in source","83777861298a9c3b0cf0e21dec4f04130b82ebf88206db509dc8dab93f57bde5"
"live_sast","aespa.db","262","2679","EOIJ-005","confirmed","Weak password hashing (unsalted MD5) for new user registrations","559b68810daa70b4a81cbdab444b766f47eca9f078222bcbe7e3c6274914a952"
"live_sast","aespa.db","262","2680","EOIJ-006","confirmed","Unauthenticated full database export of all users, accounts, and transactions","d89047cbd5ec5319d651658dfa22ad6033dde0ee5fd964ab2572aa60f7b34b97"
"live_sast","aespa.db","262","2681","EOIJ-007","confirmed","Stored XSS via unsanitized avatar_data (attacker-controlled MIME header) rendered with innerHTML","fd8bb2901fc52aac9fc91d22f1641b67d529313dd3c6a6a05591c79c7357a8c1"
"live_sast","aespa.db","262","2682","EOIJ-008","confirmed","SQL injection via unvalidated `sort` parameter in transaction history ORDER BY clause","c47b421dc4c957f87fa2c91ff9af607c7428b29ceca8f30d87e110f1964642a0"
"live_sast","aespa.db","262","2683","EOIJ-009","confirmed","User enumeration via distinct login error codes and no login rate limiting","eb567f1c280c03d44cfa748456d16cf3dd6dbb5e96682954d940229af051a807"
"live_sast","aespa.db","262","2684","EOIJ-010","confirmed","Sensitive machine-to-machine payment token exposed in admin settings response","7ac98d19671f7f305a27bed33f56500fab7a4974d1e344ca972f116c9bdcde12"
"live_sast","aespa.db","262","2685","EOIJ-011","confirmed","Broken Object Level Authorization (BOLA) - any user can read any transaction by ID","a55a368dd83324968ae899e842338f39ce7519e7d2b6f987ff014dfaff84c0f7"
"live_sast","aespa.db","262","2686","EOIJ-012","confirmed","Overly permissive CORS policy: arbitrary Origin reflected with Allow-Credentials: true","d4a433957bbc2357a70d1bc0219eeaa85422644c71fac31b81bdd29ed80ca574"
"live_sast","aespa.db","262","2687","EOIJ-013","confirmed","Unrestricted business logic allows unlimited self-service loans and credit limits","6da7d682c46a09f6796bd61eade3ec23bd03e269a534b092ab870d2a568369ff"
"live_sast","aespa.db","262","2688","EOIJ-014","confirmed","BOLA in external transfer - source account ownership never verified, enabling theft from arbitrary accounts","8f6a96ee16f607df7d71a8fff0b82a941538e87b4a89c642162467747a4bdc12"
"live_sast","aespa.db","262","2689","EOIJ-015","confirmed","Hardcoded default admin JWT secret enables token forgery if ADMIN_JWT_SECRET is unset","22cca62fe9c94509e3bf7390f2bd33ac108d62ed99442c658f2fe491ac418697"
"live_sast","aespa.db","262","2690","EOIJ-016","confirmed","Hardcoded fallback machine token grants trusted machine access","f817f45eee586375913c8da9ed6fd4b66a0947f5ce25a53df8c92c7634396b18"
"live_sast","aespa.db","262","2691","EOIJ-017","confirmed","No rate limiting / lockout on admin login enables credential brute-forcing","759210047e79f1e49b19b6fa0107ae65f7ecb7fe9c2a4379a11de53539834443"
"live_sast","aespa.db","262","2692","EOIJ-018","confirmed","Server-Side Request Forgery via avatar URL fetch proxy","ccfc13b8722acf9627329c898964be5a3fb6af15a1d571c8b68a8f03446b486d"
"live_sast","aespa.db","262","2693","EOIJ-019","dismissed","Hardcoded fallback secret in config/admin.php test2","efd2e9dacb6f819c01fb05dba1045ed8d864a7e8b7544b8344c40a93cf1f0459"
"live_sast","aespa.db","262","2694","EOIJ-020","confirmed","TOTP/2FA bypass on external transfers - fails open when TOTP is unconfigured or code omitted","3a0ccf1f3700ab808f33fb2ec3da87c432bad186e311536f7157fb9b58d6e551"
"live_sast","aespa.db","262","2695","EOIJ-021","confirmed","Full card number and CVV persisted and returned in account API responses","91a182ada8ad8ddfbe8a360d5fd9a5b282e1cb55c7e5a0e8d207b6c5381986b3"
"live_sast","aespa.db","262","2696","EOIJ-022","confirmed","IDOR via client-supplied user_id in profile update discloses/modifies any user's data (incl. password_hash, totp_secret)","80d6f53ab97cb587ba94cbf580ef819c48cf6a93979e5d53cc1c96855f688ef3"
"live_sast","aespa.db","262","2697","EOIJ-023","confirmed","Missing sufficient-funds check on external transfers allows unlimited overdraft","c4ec89348be40dee3d289a92ae78e9b491b99208cd578755731265c715651943"
"live_sast","aespa.db","262","2698","EOIJ-024","dismissed","Full card number and CVV returned after account creation","49c5d5b52a6bdb5f379c08f0f5e5448f003fa5ae80a5594e131d2f1388355a6f"
"live_sast","aespa.db","262","2699","EOIJ-025","dismissed","Full card number and CVV returned in account detail response","bc299eac45877cbd73fbe7319a1fd47eff09620f944bb3a8e5957ab60213f99f"
"live_sast","aespa.db","262","2700","EOIJ-026","confirmed","Password hash and TOTP secret leaked to client in login/register responses","0e9b06640a2b8a748f6cf555d74e3ef306c23d57e53c950c61dc5078c7aabe0b"
"live_sast","aespa.db","262","2701","EOIJ-027","dismissed","cors_origin allow-list is defined but unused; CorsMiddleware reflects arbitrary Origin with credentials","070bc52b7019c09b5bf23d6aed74dcd3a3e0868257aa55ec1f367264f46acdcd"
"live_sast","aespa.db","262","2702","EOIJ-028","confirmed","Verbose error responses leak stack traces and file paths on unhandled exceptions","b151c4a400e1daffe63672f90272e4ac3a428bcedba60d222cd17cd5d9eb610f"
"live_sast","aespa.db","262","2703","EOIJ-029","confirmed","Sensitive admin balance override has no audit logging","f561a88df3685755cf959a16fd1a6b4721bfc59fb250d00da877386cd495a420"
"live_sast","aespa.db","262","2704","EOIJ-030","confirmed","Weak default database credentials (root / blank password) fall back in config","0acc19c0478aa2a9b1a5a345e17b0b26214bd93a7dacd0cb50d523ddde70b7cc"
"live_sast","aespa.db","262","2705","EOIJ-031","confirmed","SSO redirect target lacks host allow-list, enabling token leakage if insurance_app_url setting is altered","f24c3e679de00dad8ec523698b7fb1e380212037aba4eead9a19e51e76b0ee74"
"live_sast","aespa.db","262","2706","EOIJ-032","dismissed","Password hash and TOTP secret leaked in profile API responses","66ea28855ebd4bc68f8806ccdc4f86ac5296025dca5fc6b21621d577a5d569c2"
"live_sast","aespa.db","262","2707","EOIJ-033","confirmed","Broken per-machine authorization allows non-FACE machine tokens unrestricted source-account access","0cd130fed270fd2ac18cef8d23b88630574af52302b2731ca558bf3d63b2f56b"
"live_sast","aespa.db","262","2708","EOIJ-034","confirmed","Hard-coded default SSO signing secret allows forging FACE Insurance SSO tokens","7cb508d2930405b7a11c52154fd5eac03e99508e09c2950933de549e5d481a2d"
"live_sast","aespa.db","262","2709","EOIJ-035","confirmed","Two-factor authentication (TOTP) is never enforced during login","c29a6e98c0b772d8eef76337878ee7f32361fa455c264a008c2fc9cfd2a6a2bc"
"live_sast","aespa.db","262","2710","EOIJ-036","dismissed","Full card number and CVV returned in account detail response (array field)","6c148c315e54b1001f50dd11839e2723d0c453f7585839412ac54d7ba06f4369"
"live_sast","aespa.db","262","2711","EOIJ-037","confirmed","Stored XSS via unescaped transaction description in account detail view","1c9c4bf1804e505e1293f68ccd8ec76911af9811f1599bbace50288cd53719b9"
"live_sast","aespa.db","262","2712","EOIJ-038","dismissed","Login/registration/profile responses leak password hash and TOTP secret to the client","8fadcaa896635f52528d9811faf037f313024b9a136120ebe6a360ae361a9343"
"live_sast","aespa.db","262","2713","EOIJ-039","dismissed","Admin JWT signed with hardcoded default secret if ADMIN_JWT_SECRET is unset","db2f2dce7b9a6c1fccc4ff819c37dc8aafc3a45e617bc0c1b0549b9f0d82be0e"
"live_sast","aespa.db","262","2714","EOIJ-040","dismissed","Plaintext credit-card CVV stored and returned via account API responses","0f305fcff192a26bfea762bb51ac37f2378f25065479456775c1d27b6e70c88d"
"live_sast","aespa.db","262","2715","EOIJ-041","dismissed","SQL injection via unsanitized 'sort' parameter in transaction listing","3c78935d95c33f0890eafc5b88503b9a6ceab77f27c15597e75d5a14b24ff43c"
"live_sast","aespa.db","262","2716","EOIJ-042","dismissed","Sensitive credential exposure: password_hash and totp_secret returned in API responses","9712e362686a50a2fe0ea3b9a6197c9524e03dd2c6f2f71142ceaa78c194c131"
"live_sast","aespa.db","262","2717","EOIJ-043","dismissed","Weak password verification: legacy MD5 acceptance with non-constant-time comparison","55dc693b9edb75cc723861252bedbb8062fc68cc591b74cbf3f433f8645d79d6"
"live_sast","aespa.db","262","2718","EOIJ-044","dismissed","Weak password verification: legacy MD5 comparison (duplicate of EOIJ-005)","ca9f81f97081bd9e69db187adc2b8f083e3180854652bbd96c1d20b013820528"
"live_sast","aespa.db","262","2719","EOIJ-045","dismissed","Registration response leaks password hash and TOTP secret to the client","cb0573a4c1c75107dda3b18bcfb20a619a49c630428ca6d0d123416f2c46667d"
"live_sast","aespa.db","262","2720","EOIJ-046","dismissed","Hardcoded default JWT signing secret shipped in source","a3f693ec8136464ebfc540682fac980825cbf2641c65fd5c5d14c6bc3c4a8ea9"
"live_sast","aespa.db","262","2721","EOIJ-047","dismissed","Downstream effect of missing JWT signature verification: revocation check operates on forged jti","7b132104fb2eedf88c0ccc831f5ec65573580d08ba66e71a0e1d6c14af244d7f"
"live_sast","aespa.db","262","2722","EOIJ-048","dismissed","Hardcoded default secret for insurance SSO JWT signing","652084cc130f69bd83cbc9981afcc400a4a5bea368108daea5146bccee35d4f3"
"live_sast","aespa.db","265","2723","NMMU-001","confirmed","SQL injection via transaction history sort parameter","db4cb62dadc0f741343ea747e6db4654ca83955d387388420cb6fc87be2f06e1"
"live_sast","aespa.db","265","2724","NMMU-002","confirmed","IDOR exposes any transaction by numeric id","9e3c215922443b7e4bb3670f6997643ec29659a769fb9b4e61137fa5b0371ad5"
"live_sast","aespa.db","265","2725","NMMU-003","confirmed","External transfer debits any account (IDOR) and returns its balance","eb7ed98549e6e9788d21259c37ad5b2f9baaa8c1ab55865f158b7ec5b62657e7"
"live_sast","aespa.db","265","2726","NMMU-004","confirmed","External transfers have no balance check and can mint funds","8c0029bb763dbf3338a86e4633ac29ddaf42821047697a0097f592b1dd329e45"
"live_sast","aespa.db","265","2727","NMMU-005","confirmed","Required TOTP is not enforced on external transfers","39f69d605cbd78aa859bffca03f19d24921e7932dc72ed129da67db380cefe07"
"live_sast","aespa.db","265","2728","NMMU-006","confirmed","Credit-card transfers ignore credit limit and can create funds","0291596e4246d2d67057ac525883ebdce6fd9e7409be9b4ad7a4fca23c8484ff"
"live_sast","aespa.db","265","2729","NMMU-007","confirmed","Own-account balance check races with the debit","57fe840c47b50ae12d387f79f8cc52ee1c3ffa79ddb290ce85b49cc5e37aeb83"
"live_sast","aespa.db","265","2730","NMMU-008","confirmed","API exception handler returns SQL errors and stack traces","c60e8256c238f2bb8b85e87767d61b68a03ee51049ed22087c313da56ba96201"
"live_sast","aespa.db","265","2731","NMMU-009","confirmed","No rate limit on fund transfers or TOTP attempts","1c883db6445bdf484bd6c2cd879064e1dd840a6d17821ab33766543e1a3d2eb0"
"live_sast","aespa.db","265","2732","NMMU-010","confirmed","Successful and failed transfers are not security-audited","aff715e12a4fab9d955f4dfb8f0b1815327080d6e46e365d6d017fc8326cc5e6"
"live_sast","aespa.db","265","2733","NMMU-011","confirmed","Customer JWT accepted without signature verification","4232c1f5eb4e816c871f8fb8bae7f7cdb3019ebf622a95ba7efb8a8b0e628a04"
"live_sast","aespa.db","265","2734","NMMU-012","confirmed","Hardcoded machine token authorizes payment APIs","351adca9006cb7d4b228b82ee83c51e9b1127d633f5b15b6b3db31ad0feb4acb"
"live_sast","aespa.db","265","2735","NMMU-013","confirmed","Admin JWT verified with a publicly known default secret","3c404d210d09b989d62d2b5b5d65095a0eaa4f7b3ee237c423ae286ba4bfbd97"
"live_sast","aespa.db","265","2736","NMMU-014","dismissed","CORS reflects any Origin and allows credentials","5cce71660a62d90269a0e640cb2e0e46655dd6111a2b57ae67361da91aab1c6c"
"live_sast","aespa.db","265","2737","NMMU-015","confirmed","Unauthenticated admin export dumps users, cards, and transactions","5b1b6a08335a95dc3f669f13c94503703af2edfa302455ded26b54b61ba543fe"
"live_sast","aespa.db","265","2738","NMMU-016","confirmed","Unauthenticated health endpoint returns the JWT signing secret","3ce360ec681f22235bd1820c2341998d620f74de550e70ee594c753d35b84498"
"live_sast","aespa.db","265","2739","NMMU-017","confirmed","Authentication decisions are not audited","224c3a3036d5969b626fcfefd562a7813731a2570722022f6a39a761b2838422"
"live_sast","aespa.db","265","2740","NMMU-018","confirmed","SQL injection in admin customer search","7985406094913b10b7b1bb2e157115f7776c053307f1eeff3eb12d8889a9a893"
"live_sast","aespa.db","265","2741","NMMU-019","confirmed","Registration stores passwords as unsalted MD5","fc3bb8ecb3f5fd25837b98bc659ae9ac5753bd9c391770fc09de183236701bf6"
"live_sast","aespa.db","265","2742","NMMU-020","confirmed","Hardcoded insurance SSO HMAC key forges customer assertions","3a50bbc9fd94e1cd5976efcab03ec5024e1d85ef311ca52ab39b97fe3c098f05"
"live_sast","aespa.db","265","2743","NMMU-021","confirmed","Application database defaults to root with an empty password","0e95b767acb76a1b111490e2098feb9e79dc59c0c79662a7260a5806aec5732e"
"live_sast","aespa.db","265","2744","NMMU-022","confirmed","Profile update IDOR via user_id","dbeecf81d77536cda01c059b7d414a6f42fb2d5ab772480ba37a3679727bb489"
"live_sast","aespa.db","265","2745","NMMU-023","confirmed","Profile API returns password hash and TOTP secret","49fdac50f5bddf9b3dca6ccc4d6dff430343531fdd9afb77f9d5675ee7c2a0f4"
"live_sast","aespa.db","265","2746","NMMU-024","confirmed","Avatar proxy SSRF and local file read","4d3de9a29d2051bbf103216e7f727145e0a529746de03fa2634c6d56d7509ed5"
"live_sast","aespa.db","265","2747","NMMU-025","confirmed","Login errors reveal whether an email is registered","9f1c886925c8af6c5016624af87bce41bab5e676bad1df83dca32805b3de2b4a"
"live_sast","aespa.db","265","2748","NMMU-026","confirmed","Registration accepts single-character passwords","8dcf0f46ba398a02b1eaf5252eb98ef14ee734aa5284ce6cbb1963376b41d104"
"live_sast","aespa.db","265","2749","NMMU-027","confirmed","No rate limit on customer login or registration","b4281be49981e740038d13a343007f75a7eb4eb56f4b02ed6a77d2acde4a6af6"
"live_sast","aespa.db","265","2750","NMMU-028","confirmed","Admin password reset leaves existing customer sessions valid","232d38a2f8ccd433bd907dfe26067bed2610acf2a03f4e51394d95b5abb56bce"
"live_sast","aespa.db","265","2751","NMMU-029","confirmed","Database reset errors return raw PDO exception text","9be552f3945ecd40130ea3d459b44b958165e0243e992368c481996a5e435bcd"
"live_sast","aespa.db","265","2752","NMMU-030","confirmed","Admin settings response discloses the payments machine token","35959dd65cebd5829397233b4977cba7428bcc9b968b20e56622f248c8b39281"
"live_sast","aespa.db","265","2753","NMMU-031","confirmed","Card payment succeeds when CVV is omitted","f8f17c6eecb6c9aa24307dc9c198020e590e253c2642fb851032b667af0ea86e"
"live_sast","aespa.db","265","2754","NMMU-032","dismissed","Payment transfer authorization fails open for other machine tokens","d28aef250c6084db55fc84c3a9ba6f8d685a0d821b698d30621e243eacafc2d2"
"live_sast","aespa.db","265","2755","NMMU-033","confirmed","Card payment balance check is outside the transaction","e7614b2028de9f9afa3dbaa0cc2c7796cd0f8612e20c9ceded5ed4178e0d468b"
"live_sast","aespa.db","265","2756","NMMU-034","confirmed","Transfer balance check is outside the transaction","9b4c993e4791e8d550636478f89c7e532b061c43cb36a668afb17118506cf105"
"live_sast","aespa.db","265","2757","NMMU-035","confirmed","Seeded admin account uses the password admin123","ccad00135677be857043db61b3155a319ae7b709594b78ad6eb5186a9e563b94"
"live_sast","aespa.db","265","2758","NMMU-036","dismissed","Admin can point customer SSO redirects at an arbitrary host","4da8c8892af371c42967bbd16d16a0e37e1212de55dda81da0c7d583cc65eaa5"
"live_sast","aespa.db","265","2759","NMMU-037","confirmed","Database reset is not audit logged","1e3650e1a1483d658d163753922b00c06f9d4a24cb6d05ca055fd7d73133076a"
"live_sast","aespa.db","265","2760","NMMU-038","confirmed","Customer deletion is not audit logged","028eb79c3ece7bd95916de0f37478e30040a76a1861146ce55ce4501ec9349e8"
"live_sast","aespa.db","265","2761","NMMU-039","confirmed","Customer login successes and failures are not audit logged","7b7cdc87bcdbb4f663c9dde2d7fcab72217f8a3c536e77b38ecf263dd2a2eef7"
"live_sast","aespa.db","265","2762","NMMU-040","dismissed","TOTP verify and disable have no attempt limit","0a8576b2ec0da6150a404a3efc7e4254eebbd370424a995328f822ebdc91478f"
"live_sast","aespa.db","265","2763","NMMU-041","confirmed","Profile email update reveals whether an address is registered","af273afe554184c0ad194bb57df626559d5c98e1cce5bbc227c2cc84726f82e5"
"live_sast","aespa.db","265","2764","NMMU-042","dismissed","Stored XSS via unescaped transaction descriptions on account detail","8252362def0f4bcc33a4f26983f29183efe64d307b38f813e2e8ddff9d7c5809"
"live_sast","aespa.db","265","2765","NMMU-043","confirmed","Stored XSS via unescaped transaction descriptions on the dashboard","61e7f0ec7e51482db5d266401aef7cd0c16244ea21b11b25ec3c4a4450c066b9"
"live_sast","aespa.db","265","2766","NMMU-044","confirmed","DOM XSS in sidebar avatar from unsanitized data-URI Content-Type","d3801ca62024a6665ebf6ed1102fd9de52345030a77af4b4096474a8d2e71b3a"
"live_sast","aespa.db","265","2767","NMMU-045","confirmed","Profile avatar preview and source URL reflected into HTML","fbdcc6542bdb4c6657ae00969333e4f3b2ef712e61798958119f3f40f6278bae"
"live_sast","aespa.db","265","2768","NMMU-046","dismissed","CORS logic trusts any Origin with credentials","c503bfdac2c596b6c396f6e6764980f4722efeb2ab96f7a0e8179b5dac01ac96"
"live_sast","aespa.db","265","2769","NMMU-047","dismissed","SQL injection in admin customer search","36569cb17d5651406cc63ca766be5aa959a3a7cabddac45224c9b8878df21829"
"live_sast","aespa.db","265","2770","NMMU-048","dismissed","exportAll returns the full customer database without checking auth","5bf74356f1f0aa684442fa6f940581755908510c9af576991642c43f57033b44"
"live_sast","aespa.db","265","2771","NMMU-049","confirmed","Unlimited instant loan disbursement into the caller's account","c6b43e46f7df43f72af0d7da57e6e49a21b9f1f038fec4a546b1b63d139c49ec"
"live_sast","aespa.db","265","2772","NMMU-050","dismissed","Caller-chosen credit limit is booked as available card balance","97ce4907864c1526c5e761bec6f3a6566268f701c45f2ff063b3e8ab403f4415"
"live_sast","aespa.db","265","2773","NMMU-051","dismissed","Seeded admin password admin/admin123 is reapplied on install","270da2bd0ca1d94a313f8c7ab7a0a3614ead54a829ddc9fc22c97ed4be70a892"
"live_sast","aespa.db","265","2774","NMMU-052","dismissed","Admin JWT secret falls back to a value committed in the repo","5299b6bce99743c9640a07e1d6efda340d403544a89a480f4c69c110dcfa817f"
"live_sast","aespa.db","265","2775","NMMU-053","dismissed","Loan opening credits an arbitrary amount to the customer","f8f61240b6575525d6eafceaea8ac219fa24e16d7e0ead0b5e149a20051d88af"
"live_sast","aespa.db","265","2776","NMMU-054","dismissed","Customer can set an arbitrary credit-card limit and opening balance","48485acaa87a607d7f73b1bbb1dd3327c7ea69c09e728f4bfaf3d685ec44adce"
"live_sast","aespa.db","265","2777","NMMU-055","dismissed","External transfers ignore available balance","a0ae43d4e5f1cc25f6a11de030e9148d192fb7330f8117701a5fa18998d90a83"
"live_sast","aespa.db","265","2778","NMMU-056","dismissed","External transfer debits any account without ownership check","e5c76d6665c71b2462f446a683356106decbf0f78846d0f568e5a4eb5f511e43"
"live_sast","aespa.db","265","2779","NMMU-057","dismissed","Login errors distinguish unknown email from wrong password","1f1539b6f5f9734d4dcaabe08b2301020d1ba30f34747063d70e2362ca03bc6f"
"live_sast","aespa.db","265","2780","NMMU-058","confirmed","Insurance SSO window.open allows the partner page to navigate the bank tab","bb838ebcd19fa23643d848bb78d34e14ffd720e88fb3553cb29a56b8071c4187"
"live_sast","aespa.db","265","2781","NMMU-059","dismissed","Admin user handler search query is injectable","94ff0fcd59fc415f515d344d0ea9b64d71da9bfd8c9086a882f9680c1525d2ed"
"live_sast","aespa.db","265","2782","NMMU-060","dismissed","Admin API accepts JWTs signed with the hardcoded default secret","db4c1234f3b7e8bd75fde39ab3993c1470d799a6d2fce0d842f6f08d22050d11"
"live_sast","aespa.db","265","2783","NMMU-061","confirmed","Stored XSS in account name runs in the admin console","e72e811a7f2e19029052e3e2810f1508907b93ea3d1592b451d36ad0f2ce7b49"
"live_sast","aespa.db","265","2784","NMMU-062","confirmed","Admin balance update response includes PAN, expiry, and CVV","8c94ef0017ab819f79f5a74af5d1609af5701e53a2de1c8495fd9f663e3da291"
"live_sast","aespa.db","265","2785","NMMU-063","confirmed","Admin balance changes skip the ledger and any audit record","189c23cbef06b8cba34c6b5d622307f08d2e990d0063a4e0a1ad65165eb11525"
"live_sast","aespa.db","265","2786","NMMU-064","confirmed","Admin login has no rate limit, lockout, or failure log","eed81a8de56976947481c963db2b1cf303898a736312b656f6a456011823a6b4"
"live_sast","aespa.db","265","2787","NMMU-065","confirmed","Credit-card CVV is stored and returned on account APIs","2342765f3c404b5a323e58308472b08b9a14dfc6f1d00396087eaa95ccc6ea0f"
"live_sast","aespa.db","265","2788","NMMU-066","dismissed","Profile update response returns password hash and TOTP secret","e811aac81dc865c6abec4e4d0b46fcd2e339196d64a52cbdffd679d758a6b78d"
"live_sast","aespa.db","265","2789","NMMU-067","dismissed","Avatar proxy returns fetched internal content to the caller","d45d4a9bf5ce0a36b2b21033e2136bde90a544cd7237d896b755185ba576983d"
"live_sast","aespa.db","265","2790","NMMU-068","confirmed","Sensitive admin mutations are not audit logged","e9f0cb61ca0d2f45af4e08cdd999a7f9fd6425e419979c92c78a0f60d90ffcca"
"live_sast","aespa.db","265","2791","NMMU-069","dismissed","Card payments succeed when CVV is omitted","28b3bd23b92b5f01114e3fc09a8f6c2756ba57ed2b7a1f73d45ee0074f791b29"
"live_sast","aespa.db","265","2792","NMMU-070","dismissed","Credit-card API responses include PAN and CVV","23728a91f10b686698f26efbb2ad43fbc0434f16d4b084d169ba103f1310ff01"
"live_sast","aespa.db","265","2793","NMMU-071","confirmed","Money-moving payment APIs are not audit logged","1a8cacf17dfca14291a7cba21a4b1429a4e5f85a7bcf3cee36717a4658bd1364"
"live_sast","aespa.db","265","2794","NMMU-072","confirmed","Stored XSS in admin customer detail via name in onclick","0072584101f72ecf4d0af73f2c770ae539a14af068cf2bda6b1d2d3e5118316c"
"live_sast","aespa.db","265","2795","NMMU-073","confirmed","Stored XSS in admin FX rates table via currency name","3b2a7832dfb46b2b67a1082b4c6d31c6530e0ed9d0fb99b2ee140683bc435488"
"live_sast","aespa.db","265","2796","NMMU-074","confirmed","Machine auth secret embedded in public admin HTML","e8508fab900cae122b0c504f9f23273d58421cf94334791882525a69712a544b"
"live_sast","aespa.db","265","2797","NMMU-075","dismissed","No audit trail for destructive admin actions","699ed7190e396a823315648bea755707d01b33359e181e8b666d3362ddd316c4"
"live_sast","aespa.db","265","2798","NMMU-076","dismissed","Health response discloses APP_ENV","74c849a9155bc0f2771c1a2fae56d1dc35f44ba004811343d601522838d6d6cb"
"live_sast","aespa.db","265","2799","NMMU-077","confirmed","Customer transfers and payments are not audit logged","fa79e504cc22cef6114554fdb2f5aafc9e2d98a1599a16803f1d2dce984f26a3"
"live_sast","aespa.db","265","2800","NMMU-078","confirmed","Address-book nickname breaks out of the delete onclick handler","16b3eddcc317858d145078fa2a4fee7ff4f4b7bf4701acefdac0039c0b8c5ed8"
"live_sast","aespa.db","265","2801","NMMU-079","confirmed","Admin FX rates have no sanity bound and are not audited","4afa02611e3071574e314bb442b9ba418973e8983d40c508a530be24b0644adb"
"live_sast","aespa.db","265","2802","NMMU-080","confirmed","FX rate updates accept unbounded values with no audit trail","68639828f495947582436c35f102e60edf17b429b359532731f7021c3fd9ad14"
"live_sast","aespa.db","265","2803","NMMU-081","dismissed","Public machine token can move the settlement account","9475b84aeebb552972d675fa2edc07875e2c07548eecdbe514fe318bdf06f2ad"
"live_sast","aespa.db","265","2804","NMMU-082","dismissed","Customers can open a credit card with an arbitrary spendable balance","4c86329449f1122722e4baf866db5f72844723dd67bbbb3e76187fb022c69ae2"
"live_sast","aespa.db","265","2805","NMMU-083","dismissed","Self-service loans disburse any requested amount","39654e55afb65850ef90eb81ab593cf14567379c4a253700dd4412fc6cdbaeac"
"live_sast","aespa.db","265","2806","NMMU-084","dismissed","Health response discloses the web server banner","f1808cce1481d7090a6a816490d28bc1badd5cf7b09a0e46efd8a95abd093cc2"
"live_sast","aespa.db","265","2807","NMMU-085","dismissed","Login does not enforce enabled TOTP","79dbe870e80da34e7358a1fc429ff5c73ce283d74cfa8a28e17d0447eff0f19d"
"live_sast","aespa.db","265","2808","NMMU-086","dismissed","Admin DB password falls back to empty for the passwordless root account","8de01f8b687ac57e3b7a445b8da4bb18e367519b615b8097fc32028f97578d90"
"live_sast","aespa.db","265","2809","NMMU-087","confirmed","Admin customer profile updates are not audit logged","ad2de01f9e99fcaf8a4abc692e25f5bdbbc6e6da7f678e1d51e9bf97b4e8e30e"
"live_sast","aespa.db","265","2810","NMMU-088","dismissed","Admin password resets are not audit logged","ff9b417edbddfff5ac0407cf94c8043dc7162edeb8b29b2e569c1c4dc2a40dc0"
"live_sast","aespa.db","265","2811","NMMU-089","dismissed","Stored XSS in customer name runs on the admin customers page","bad6b66c91a9948087f32f8d6600239a2af8406d7c4c189a0a4f9ac0eaf0a4ae"
"live_sast","aespa.db","265","2812","NMMU-090","dismissed","Avatar proxy follows redirects and has no size limit","fa6308b25e15115c799bfa162a0d7d343edd11143c3514ad2774a916aa49ea85"
"live_sast","aespa.db","265","2813","NMMU-091","confirmed","Customer JWT secret falls back to a committed development value","68bb8913f66b10480587e78acf5fdc138acc0d61b127ba0f3bae16811a41d160"
"live_sast","aespa.db","267","2814","SCOE-001","confirmed","SQL injection in transaction sort parameter","4586be1a3fd0ac90edde352a8b55dd8fc272c8652e49a0ae0aa5b800c886d42b"
"live_sast","aespa.db","267","2815","SCOE-002","confirmed","External transfers bypass balance limits","05b027e5a0e208f0b6d721d12006bf5c2a1edc894a18cdd48cb01cd062d2d936"
"live_sast","aespa.db","267","2816","SCOE-003","confirmed","External transfer can debit another user's account","b7433e15305c8aa0cbb23b55008b681fbb2882c684aebd1d224066f1d5ec3b8d"
"live_sast","aespa.db","267","2817","SCOE-004","confirmed","External transfer proceeds without required TOTP","23d447c58a5f11f6d2289ac6f3d67b84e61cf2e892de6298c93102db0d25e211"
"live_sast","aespa.db","267","2818","SCOE-005","confirmed","Transaction detail endpoint lacks ownership check","77adcbc710d3fcd772afff0aadd4f79824b727af3097f23f07b0beaed9a960ed"
"live_sast","aespa.db","267","2819","SCOE-006","confirmed","Transaction errors disclose stack traces","c252093ddfbb186549089bcfd5a1d8b4e58e8a3c053e06957a1e5c33e14746d6"
"live_sast","aespa.db","267","2820","SCOE-007","confirmed","SQL injection in admin customer search","35b82e2d0f7459b31130653867bd3d8f3a29bec97a5071b2a4e665b000467ad4"
"live_sast","aespa.db","267","2821","SCOE-008","confirmed","Unauthenticated admin export exposes customer and payment data","496b22c9f003b0bd72cac5026b0131eaf5cf16f2d404da1a2d421b662f62f91c"
"live_sast","aespa.db","267","2822","SCOE-009","confirmed","New account passwords are stored as unsalted MD5 hashes","1accf25c1dfb7228f99edbc2d5ef449dfcbf93589374ddab5e842ca8450f2453"
"live_sast","aespa.db","267","2823","SCOE-010","confirmed","Customer API accepts unsigned JWT payloads","6eb1f8146af0f2ba6edee61f0a3e9aa6f7b0dc53d4d118cdd4bed1b98c63594c"
"live_sast","aespa.db","267","2824","SCOE-011","confirmed","Customers can create unlimited loan balances","e2be46fceb7fafb1be5bc745cdc460258882df9b12681f0b8461749534be4c79"
"live_sast","aespa.db","267","2825","SCOE-012","confirmed","Customer account responses include stored card CVVs","01fd6a16a2f5637e25ef7e1a27adb23a3e1f1f77667998eed78eaceff0c43741"
"live_sast","aespa.db","267","2826","SCOE-013","confirmed","A known default key allows forged admin JWTs","78d60641358a04f4eecc4bec814d8ca9dda45e3d3e91ff62b91592021a330233"
"live_sast","aespa.db","267","2827","SCOE-014","confirmed","Admin balance response returns full card details","5a54647f4cabf71259bc5b2a4503106974f977d9a872630b146215ad8821e99b"
"live_sast","aespa.db","267","2828","SCOE-015","confirmed","Admin login has no attempt throttling","8548f6dfcb98f39e864ab085192c60fb224ef0772aabfa82c75252ce351ec5e1"
"live_sast","aespa.db","267","2829","SCOE-016","confirmed","Admin balance changes are not audit logged","41ab098de0426dc9e501579e54d2f4a1c7bbce2a8610e32be5ad5d1655e1b2e0"
"live_sast","aespa.db","267","2830","SCOE-017","confirmed","Login responses reveal whether an email is registered","92c4ef5498c3c15ac269cf2470a3e8b7f81c74dec7fbddc5f9ceb419440390a7"
"live_sast","aespa.db","267","2831","SCOE-018","confirmed","Customer login has no rate limit","fb3b6acbc37932abd6c7fe6e982d3e62d1a8d2191b73024d3c38a6931031c12b"
"live_sast","aespa.db","267","2832","SCOE-019","dismissed","Admin database resets are not recorded in an audit log","b80b85aba43d84b303bebede487810246de7ade723adba59793538b5691fdc63"
"live_sast","aespa.db","267","2833","SCOE-020","confirmed","Shipped machine token can transfer FACE Insurance funds","db6c893bfabe9b5b3c355b7c6c1976202a44880364295e05579c8509172bf6fd"
"live_sast","aespa.db","267","2834","SCOE-021","dismissed","Default admin JWT key allows forged administrator tokens","12a4fa647273c4ddca767d572fe73446be7a044e953c5fa97791365eea4b12b4"
"live_sast","aespa.db","267","2835","SCOE-022","confirmed","Public health endpoint discloses signing key and database settings","9a0cd0b1a5984e929e7b95835f01f207255d467434b88910fc1d4bd850c289f8"
"live_sast","aespa.db","267","2836","SCOE-023","confirmed","Profile responses expose password hashes and TOTP secrets","931200e6d3908c9a9d5c3b2a3ccdfb1de7143fef38a9c459f201ad07f684c801"
"live_sast","aespa.db","267","2837","SCOE-024","dismissed","JWT signature is never verified","96c0f7bc460d08d3e4aaa0600186fe5316173eede753c02964e2a21c70c75fc7"
"live_sast","aespa.db","267","2838","SCOE-025","confirmed","Avatar proxy can read local files and access internal services","d89103dbca4863fea0843da31ad36670166e2210d5ef5ee13c3eddaf5b74adad"
"live_sast","aespa.db","267","2839","SCOE-026","confirmed","Profile update accepts another user's ID","e7d2aacca030a5d2c23e9b1b7d7e3005fd984ffcbcdb53bb2e4d690c644eaa80"
"live_sast","aespa.db","267","2840","SCOE-027","confirmed","Payment processing skips CVV validation when the field is omitted","6e6120be7593bd5d73d05093228b706f301d9398de5f42973a83e4a3ac953b8f"
"live_sast","aespa.db","267","2841","SCOE-028","dismissed","Payment API uses a publicly known machine token by default","052eba240bb08114e0442e52c7a84c2274e7a5cf8b1385fae2e3cfe62c840f7e"
"live_sast","aespa.db","267","2842","SCOE-029","dismissed","User API responses expose password hashes and TOTP secrets","296e1c00d2893bf612d320e3795b6618ac530a653450e1593966776d106a3b63"
"live_sast","aespa.db","267","2843","SCOE-030","inconclusive","Default SSO signing key can forge insurance assertions","71df3df34bdedd78f08964cfcd982c0970e3fb4c1c4a3e48c47d7236b9e53e73"
"live_sast","aespa.db","267","2844","SCOE-031","dismissed","Customer JWT signatures are not verified","d3f8d4b467d79b579e3f183463f187feeb752db28a4594e3b4070409147b33be"
"live_sast","aespa.db","267","2845","SCOE-032","dismissed","Default admin credentials remain active in the shipped image","a8a78d5f23fa5791b738beb6f51645db0c88fabf8a7aa77c05abd5b61137f1be"
"live_sast","aespa.db","267","2846","SCOE-033","dismissed","Admin JWTs use a published default signing secret","4b561ad1e086287b3bda324d7850e27e3dc08129f2e6013f1c7a1d18a7716862"
"live_sast","aespa.db","267","2847","SCOE-034","confirmed","Registration accepts one-character passwords","21cef4e66e46b4b7a1a2c5e2009db4e859bb84e2848273c37a680fbe33f63b0c"
"live_sast","aespa.db","267","2848","SCOE-035","dismissed","Customer JWT signatures are not verified","bed1df9ca733409ed197488bd891fecf3a6cb17ea0c0606d9efe2ece45eac54c"
"live_sast","aespa.db","267","2849","SCOE-036","dismissed","Admin JWTs use a public default signing key","57d64a6c4d75213b7c647088cce30135f7494ed2ec98931b88cf9f12e252ad96"
"live_sast","aespa.db","267","2850","SCOE-037","dismissed","Admin export endpoint exposes full banking records without authentication","35125f457f288a121542a5fcb99e5d4bdb008d340644c2e59f5bbf81345c74e2"
"live_sast","aespa.db","267","2851","SCOE-038","dismissed","Payment API accepts a published machine token","7f88f490337f90c0335e04b8e4c7b1df8ce9fee7f24aa90700b6dea70662a020"
"live_sast","aespa.db","267","2852","SCOE-039","dismissed","Admin installation creates a documented default password","9e6fcaf927a1b4dd1c281bed436ba1f93f94ef8824c79e46f13936e7b1622f54"
"live_sast","aespa.db","265","2853","NMMU-092","dismissed","Account API returns full PAN, expiry, and CVV","ff4cb11e22612935a5af6cf23895f0a54db4e4db2496fc85163612c9a1b35924"
"live_sast","aespa.db","265","2854","NMMU-093","dismissed","Login errors distinguish unknown email from wrong password","662b6a5506ef8fe306fa1f2fb30f9337fe8ad65f77ff20bf99982afc850a7029"
"live_sast","aespa.db","265","2855","NMMU-094","dismissed","Default admin JWT secret allows forged admin sessions","c86ba7b9089e29ba34b647e4d65ec66da16869deceb0d83a4f0cadaf03cbb68b"
"live_sast","aespa.db","267","2856","SCOE-040","confirmed","Concurrent card payments can exceed the available balance","7c96b710f3209eb472b35d46dcb75daff86e4761927f8d2bc8d69408189dcda6"
"live_sast","aespa.db","265","2857","NMMU-095","confirmed","Stored XSS via transfer description on recipient account page","d29256171325a81a3e4184e5c7472e456866c313fc29ef825fd1090edbb989df"
"live_sast","aespa.db","265","2858","NMMU-096","dismissed","Stored XSS in address-book delete handler via HTML-escaped nickname","b0e03b006160ff2bee470deb22ba08cd36422123d3b9d60aff0bde5f3dda39a1"
"live_sast","aespa.db","267","2859","SCOE-041","dismissed","Protected API accepts forged bearer tokens","5e0b487969a18e353413c55492f82b16a4454a95c5a016d149baad3974b5dce7"
"live_sast","aespa.db","267","2860","SCOE-042","confirmed","Concurrent machine transfers can overdraw the source account","bf9bf5e6ca11618e3fd2ba95dd91e359e423ccfa2d60504aac9dbc019fc5bef9"
"live_sast","aespa.db","267","2861","SCOE-043","confirmed","Stored XSS through customer names in the admin detail view","f504c4764aa1b3eb304cb49fb8e3bcbb6099f3275032c1d708e2ef777432c1f1"
"live_sast","aespa.db","267","2862","SCOE-044","dismissed","Known default JWT key lets callers forge admin tokens","dcf180c7a23bf3b1b31cef7298ee82058ad076d1713526b53ad5a148f1e34d4e"
"live_sast","aespa.db","267","2863","SCOE-045","dismissed","Fresh Docker deployments use the published admin password","0efb4b98ff6eb313520522c32ef7060eaeb3d030ec6bb49e2f4d551b4edafc14"
"live_sast","aespa.db","267","2864","SCOE-046","dismissed","Unhandled API errors disclose stack traces","98300ae28ce13958033de782149015a60b8c953616d161f32c15d955bab10413"
"live_sast","aespa.db","267","2865","SCOE-047","dismissed","Sensitive admin changes are not audited","2533892ca2a150a0d63f0c40b5174d5e8e9ce4682bab04bd661cc43607f08a09"
"live_sast","aespa.db","267","2866","SCOE-048","dismissed","Customer bearer tokens are accepted without signature verification","a557574dc2543e53c8faef06ca6940e2d947ce46e83e10ee59770bf3de27e472"
"live_sast","aespa.db","265","2867","NMMU-097","dismissed","Admin JWTs are signed with a publicly known default secret","090d01905f5e24aa89fc558acda8c25575a4d62e4995f8c0f88e59c970826a2a"
"live_sast","aespa.db","265","2868","NMMU-098","dismissed","Customer JWTs are not signature-checked, so TOTP secrets can be reset","8a7ce92df8ce92b3fe77ea75f2cd7afbca32f824cdb68dbc7908927d065c3369"
"live_sast","aespa.db","267","2869","SCOE-049","confirmed","Transfer descriptions cause stored XSS in account history","f0434f2a3093a5cdd5ebea915c942979f2f4c067c6f9e40e800a405e3b390b69"
"live_sast","aespa.db","267","2870","SCOE-050","dismissed","Seeded admin account uses a known default password","82e1d6f02a01910b8ecfe0fa1abd2fd77ea58355c9f42cd2533ebef63e55ad9d"
"live_sast","aespa.db","267","2871","SCOE-051","dismissed","Seeded machine token is a fixed public credential","120c0e51844f673884746a69ed1a7e35ae2e10a17ca3f64261641679109e1211"
"live_sast","aespa.db","267","2872","SCOE-052","dismissed","Admin customer password resets are not audit logged","434193cea9200f35f3762945e8f78e3825a586392a7aba0e44175ef7c3126c75"
"live_sast","aespa.db","267","2873","SCOE-053","dismissed","Card payments do not require a CVV","fb198bcec1d03cc457b76a00645f14c91f6f20a8d9f275d5457398789c1a5969"
"live_sast","aespa.db","267","2874","SCOE-054","dismissed","Admin export is public and returns the full database","fe3cb1f1c34ebc68f928091e4042fd2bce7cc301d7b8cc7d1fca11ee995d2b28"
"live_sast","aespa.db","267","2875","SCOE-055","confirmed","Public login endpoints have no request throttling","93029e8ca34a78977253fe9f270908dd80ac237da67e08ef472e3fc8e45ac82c"
"live_sast","aespa.db","267","2876","SCOE-056","dismissed","TOTP verification has no attempt limit","3598ea92f8baca525003700ce85eb4773365440ee68a3546061eac44862b702f"
"live_sast","aespa.db","265","2877","NMMU-099","dismissed","API exceptions return SQL errors and stack traces","4d5e545ce897a702084b588ca114d73a01f5a49b5ee9787aad0e8f8a511959b1"
"live_sast","aespa.db","265","2878","NMMU-100","dismissed","Admin password resets and customer deletions are not audit logged","7fcf9f2e67441dc3246b16e9bd50f113cb34a0d9dc7d7ec444845b9f79213805"
"live_sast","aespa.db","265","2879","NMMU-101","dismissed","Login has no rate limit or failed-attempt audit log","b7b19ef27d4e5eba351c48b229658cc24f002dae289ecc9961abdfb30ade78d5"
"live_sast","aespa.db","267","2880","SCOE-057","confirmed","Avatar response header can inject markup into the sidebar","11555a0a753f65e32bf0d9d54e216575bdc35aaef3cd9683c5ec5c1e503854d9"
"live_sast","aespa.db","267","2881","SCOE-058","dismissed","Transaction sort parameter is injectable into SQL","91f59d250a784223d4034bbac08b3c94e950a73b29bdf0cddf694cf1be796077"
"live_sast","aespa.db","265","2882","NMMU-102","dismissed","Unsigned customer JWT can confirm TOTP enrollment","370bf23f3872d25a7a09110782fa04f7ce01e416afda0686a508fb36d5e5d959"
"live_sast","aespa.db","265","2883","NMMU-103","dismissed","Unsigned customer JWT can disable TOTP","71d21bdda189c81424f075dd0d96bbf31cb7b8432f987ac36999f166febecf5d"
"live_sast","aespa.db","265","2884","NMMU-104","dismissed","Insurance SSO redirect follows an admin-set URL and leaks the token","08399bb63fa12c3c77f5a125440ce7661176fd365681be61b60279be718f74be"
"live_sast","aespa.db","267","2885","SCOE-059","dismissed","Concurrent machine transfers can overdraw a source account","09a0d3c2d96b1d4397ee1584ac78327c0ff34649050a956240cfe526238efdcf"
"live_sast","aespa.db","265","2886","NMMU-105","dismissed","Registration response includes the new password hash","8378ae13eb7e3f203b5565c11e1e9b255bd2dccbe978fa57d7b63610bcb1b067"
"live_sast","aespa.db","267","2887","SCOE-060","dismissed","Bearer tokens are accepted without checking their signature","2fc02a6c61adb478d628c599d17cbb349a85a7a4eac1a1e541bc46bb1d0b14e6"
"live_sast","aespa.db","267","2888","SCOE-061","dismissed","Default administrator password is seeded","2cbe27982aafb3734834afe62dcbca4f3d7c9ad7a35e6da636d0101b354522e8"
"live_sast","aespa.db","267","2889","SCOE-062","dismissed","Admin JWTs use a known fallback signing key","35b3f8481a91de16bd80a919957f302e7d6544930d3e86fc8c75aefa1924b263"
"live_sast","aespa.db","267","2890","SCOE-063","confirmed","Stored XSS in dashboard transaction list","36070f70fe97684ebd2922df308b8cbd895b7b8616382adfe17d9e99761693d7"
"live_sast","aespa.db","267","2891","SCOE-064","confirmed","Stored XSS through address-book nickname","f2f9054a72290d68021c6606198fee191f6c565c43e2e29eab14a78872e3a2dc"
"live_sast","aespa.db","267","2892","SCOE-065","confirmed","Stored XSS in admin account table","5a7acd8d6c48ae181ca620f0133156b8bb2278af0f074e6bc7ffd27d50ca1305"
"live_sast","aespa.db","267","2893","SCOE-066","confirmed","Stored XSS in admin FX-rate table","9c4212c23111f4c5a4b432393d9892eb1f668ca91d4e26a57905173cfd807788"
"live_sast","aespa.db","267","2894","SCOE-067","dismissed","Uncaught API errors return server trace details","b2e045671d949544391a8b901c5e0678e4186ef2ba71cfab427f39258c749334"
"live_sast","aespa.db","267","2895","SCOE-068","dismissed","Known default admin JWT key allows token forgery","3673e0354a956d5adf4308833edee5a6964c06fca540e24f22da100d9f93b1d4"
"live_sast","aespa.db","267","2896","SCOE-069","dismissed","Known fallback machine token authenticates payment endpoints","b0b91d50d1f63e888e7a439f9c434086b7c7bb09bb05cda3f259526128e9b458"
"export_dast","docs/results/BankOfEd/boe-luna-6-dast-quick-2026-09-27.md","","1","","confirmed","Public health endpoint exposes the JWT secret","fe97c061b745a2ce7ee6680a9595582d2c9fe2ac31b9f1d996a8a23ccb22ad68"
"export_dast","docs/results/BankOfEd/boe-luna-6-dast-quick-2026-09-27.md","","2","","confirmed","External transfer action bypasses TOTP and balance checks","a6e5d5f4ce4b485ae21c7b115ce680918ed2b9cb956aca184e08610dc63bcf60"
"export_dast","docs/results/BankOfEd/boe-luna-6-dast-quick-2026-09-27.md","","3","","confirmed","New customers can set a $1 million credit limit","2705351e3e6d36065f4780846ef6f2e6e38824a3ec2306f5c2c36c36c261789e"
"export_dast","docs/results/BankOfEd/boe-luna-6-dast-quick-2026-09-27.md","","4","","confirmed","Profile API accepts JWTs with invalid signatures","57e0bb7c3877da8ef529c45870c3f6544a397710644eeb0e8b8124b6bf619c7d"
"export_dast","docs/results/BankOfEd/boe-luna-6-dast-quick-2026-09-27.md","","5","","confirmed","Unauthenticated health endpoint exposes JWT signing secret","ef4d1d646e7eed9f3f26815c5b0e0e3682c37773ff7b459ad01d323d5aeb6c88"
"export_dast","docs/results/BankOfEd/boe-luna-6-dast-quick-2026-09-27.md","","6","","confirmed","Weak admin credentials accepted","1a1c834e3644de95c56b3f57db9aab54bce0972d629df9e36f9558265cfc0986"
"export_dast","docs/results/BankOfEd/boe-luna-6-dast-quick-2026-09-27.md","","7","","confirmed","Admin login does not throttle repeated failures","02599504f9d157313b7e295c2df54b6ceb9a624cc5b4a5f4bb785c9a53c08f6a"
"export_dast","docs/results/BankOfEd/boe-luna-6-dast-quick-2026-09-27.md","","8","","confirmed","Avatar import fetches user-supplied URLs","9a71463ce443e0b73298560668b9a5e1cd381ae6aac97bd5e6d7fcb6a0e553ba"
"export_dast","docs/results/BankOfEd/boe-luna-6-dast-quick-2026-09-27.md","","9","","confirmed","Login accepts repeated password failures without throttling","d8910af03b12cb4dbc1b11d1ae43ac6127b89650a4ed3add06e61da66ffcebe0"
"export_dast","docs/results/BankOfEd/boe-luna-6-dast-quick-2026-09-27.md","","10","","confirmed","Manual transfers bypass the required TOTP check","c8ea8038b90b85d0ea980c53b3257a4af9fab6252c93e1d651cf21cfcec49262"
"export_dast","docs/results/BankOfEd/boe-luna-6-dast-quick-2026-09-27.md","","11","","confirmed","Profile endpoint exposes the password hash","6b0a586393ac8556bc5e8386e3d5943780766c87108ec589195164c8c53356f4"
"export_dast","docs/results/BankOfEd/boe-luna-6-dast-quick-2026-09-27.md","","12","","confirmed","Profile endpoint exposes the password hash","67e2e38b8979bee00b8315e3186ea94dda93b6d617971445fc877572af5417cb"
"export_dast","docs/results/BankOfEd/boe-luna-6-dast-quick-2026-09-27.md","","13","","confirmed","Registration accepts one-character passwords","c5c96b5987d0a9b362107ea66a091ab9324777adeef6c9ced1870af55eca0dc0"
"export_dast","docs/results/BankOfEd/boe-luna-6-dast-quick-2026-09-27.md","","14","","confirmed","TOTP setup verification has no observed throttling","3b7f6c6e3fd5d8a362d29fae0c2ee90a9e03afaf5df2ec5bfebe6530f88f430c"
"export_dast","docs/results/BankOfEd/boe-luna-6-dast-quick-2026-09-27.md","","15","","confirmed","Transaction details are accessible across accounts","d6a42b49ff2afb8a7bbd4a44933d88899f8bad10b838bdb6cbd0f1a5816f1cfb"
"export_dast","docs/results/BankOfEd/boe-luna-6-dast-quick-2026-09-27.md","","16","","unconfirmed","Registration returns an MD5 password hash","4607d1730e5c5a6b918c012a0244965362afe67dbcb65f03cc36e073d227d048"
"export_dast","docs/results/BankOfEd/boe-luna-6-dast-quick-2026-09-27.md","","17","","confirmed","Login errors reveal whether an email has an account","9981e3212037857b6b8226aaf0b30fe4bb40a6536a048852181aa083451178d7"
"export_dast","docs/results/BankOfEd/boe-luna-6-dast-quick-2026-09-27.md","","18","","confirmed","Missing browser security headers on the admin page","8db7b6b7b69ef1453ff4fd1428bf464e535002505dbf2dafbee7059174efec46"
"export_dast","docs/results/BankOfEd/boe-luna-6-dast-quick-2026-09-27.md","","19","","confirmed","Missing browser security headers on the banking page","e9be2c0b3bd1402b9dff93f57822506d99a4ac6ba0a23d6983d49b2172fe61f6"
"export_dast","docs/results/BankOfEd/boe-luna-6-dast-quick-2026-09-27.md","","20","","confirmed","SQL injection in admin customer search","3a1ba75bf835692f4c961123a72c1f4a0b3f560b6814e42c26fcd2e8c97a795e"
"export_dast","docs/results/BankOfEd/boe-luna-6-dast-quick-2026-09-27.md","","21","","confirmed","SQL injection in admin customer search","9b60657a1f4d7127a7ce8e683d88264c0a9220acc889470fafa4e8e03ff34e54"
"export_dast","docs/results/BankOfEd/boe-luna-6-dast-quick-2026-09-27.md","","22","","false_positive","Admin API reflects untrusted origins with credentialed CORS","d68547bc79421e8095afd87f3b4a9483d046dde582054c7babd66ec9c4ced138"
"export_dast","docs/results/BankOfEd/boe-luna-6-dast-quick-2026-09-27.md","","23","","skipped","Server software versions disclosed","be3a75f6bc7b4839588424b654c97a2e0c40378028fc4fbb93de7fb13dd885fe"
"export_dast","docs/results/BankOfEd/boe-luna-6-dast-quick-2026-09-27.md","","24","","skipped","Server software versions disclosed","47fa9f9d376c932a18b7fcb33ef8cb3364419bc1bf9fbca1a3702a022e213405"
"export_dast","docs/results/BankOfEd/boe-luna-dast-deep-2026-09-27.md","","1","","confirmed","External transfers permit unauthorized account debits and unbounded overdrafts","ec362c5903d53d7650b8eaf13901db548ff1a27e3fcc3f47872228c2a9f22240"
"export_dast","docs/results/BankOfEd/boe-luna-dast-deep-2026-09-27.md","","2","","confirmed","Unauthenticated access to administrative user export","711d70878e2f82187227a9b29b77f2923438084d2b693aa8f6e355d914d82420"
"export_dast","docs/results/BankOfEd/boe-luna-dast-deep-2026-09-27.md","","3","","confirmed","Unauthenticated health endpoint exposes JWT secret and database configuration","f3000d49b93ef9584b15212933568bb374cfcb6527710afdc6db97d3339ea845"
"export_dast","docs/results/BankOfEd/boe-luna-dast-deep-2026-09-27.md","","4","","confirmed","Admin account accepts the common password `password`","71926b15cbe5f2ce4a7d669c05e2155cf075eb8b9e95bed869574148410a1dc2"
"export_dast","docs/results/BankOfEd/boe-luna-dast-deep-2026-09-27.md","","5","","confirmed","Authenticated avatar import performs server-side requests to arbitrary URLs","3f43cee86aa56e2ea65bb9e24f0549d075213567a455f6fd212f80e5b52616ac"
"export_dast","docs/results/BankOfEd/boe-luna-dast-deep-2026-09-27.md","","6","","confirmed","Bearer token stored in script-readable localStorage","c157aba7af847551b2975b3a69449cab28bd493ae3d89628ae3214f1058f768a"
"export_dast","docs/results/BankOfEd/boe-luna-dast-deep-2026-09-27.md","","7","","confirmed","Cleartext HTTP used across the banking application and APIs","1d61fe0e186bf02a96d7cc7eeed978ef735c162d3b2bb97288a4a090392429ee"
"export_dast","docs/results/BankOfEd/boe-luna-dast-deep-2026-09-27.md","","8","","confirmed","Unauthenticated access to banking account data","cdbfe09ce87945b226153e81dfbd643455064c2332716c44b5134a7ecd9b5f98"
"export_dast","docs/results/BankOfEd/boe-luna-dast-deep-2026-09-27.md","","9","","confirmed","Weak registration password policy issues live session tokens","80e37644c95b7e5869616d4316f609a303af442b4b8edf4c57baf2a66e84f4c8"
"export_dast","docs/results/BankOfEd/boe-luna-dast-deep-2026-09-27.md","","10","","false_positive","JWT signature validation bypass","2ee6ecec1e710c025320d70cce387caaafcf5b010e3a044e3f43d3d42fedbdd9"
"export_dast","docs/results/BankOfEd/boe-luna-dast-deep-2026-09-27.md","","11","","confirmed","Authentication responses expose password hashes and session tokens","a61adc18624a03221a737208700d42fbe17cba99f596e4636bf09e769664c5bb"
"export_dast","docs/results/BankOfEd/boe-luna-dast-deep-2026-09-27.md","","12","","confirmed","Customer updates accept stale If-Match values","04b48f897415317b388082484823101665af71c7aaf1f1e9d0c9c25008fb23d6"
"export_dast","docs/results/BankOfEd/boe-luna-dast-deep-2026-09-27.md","","13","","confirmed","Login endpoint lacks visible throttling after repeated failures","6bf6b6af2b5449bc431a2f5028f8818d6dd2639e0c2f20763ee22717081ea799"
"export_dast","docs/results/BankOfEd/boe-luna-dast-deep-2026-09-27.md","","14","","confirmed","Outdated and unpinned third-party JavaScript on the banking page","f428b7871deaa3d7a248f97ce19d2407e85ba1521f3b02c39899ba2402c748e0"
"export_dast","docs/results/BankOfEd/boe-luna-dast-deep-2026-09-27.md","","15","","unconfirmed","Address-book nickname can inject JavaScript into the delete handler","046ae133e8bc70787093bed02ccd4d37570b7810d519d3ef2cadced8496b4331"
"export_dast","docs/results/BankOfEd/boe-luna-dast-deep-2026-09-27.md","","16","","confirmed","Apache server version disclosed in error responses","39e7a3d4f36fe5453923f4fb4f6841f63aeb3d0c1154f79e00557fceccf3062c"
"export_dast","docs/results/BankOfEd/boe-luna-dast-deep-2026-09-27.md","","17","","confirmed","Authenticated transfer check exposes stack traces and server paths","e89a2a94a685f4c865790c40b4801e67bc4cbf7f9764f94f4cc36058140b9b0e"
"export_dast","docs/results/BankOfEd/boe-luna-dast-deep-2026-09-27.md","","18","","confirmed","Credentialed CORS reflects arbitrary origins","292bc600ae4da1d194032d143e85d0e33d94497ce7e0cb715bbe2897df6498d8"
"export_dast","docs/results/BankOfEd/boe-luna-dast-deep-2026-09-27.md","","19","","confirmed","Login endpoint enables email account enumeration","05b75a63e0d29a670cf9244d03d3f8f786424eef68aa57153f4586981ac5161d"
"export_dast","docs/results/BankOfEd/boe-luna-dast-deep-2026-09-27.md","","20","","confirmed","Missing browser security headers on banking HTML shell","8e80e828d500b51a0cb2c40d5d274cc43f638187b554d01432502063c6b0d075"
"export_dast","docs/results/BankOfEd/boe-luna-dast-deep-2026-09-27.md","","21","","confirmed","Verbose authentication errors disclose stack traces and server paths","9a85ea97cb8b9152767091da3960eba58b2af62e2c69da486780e138d527c276"
"export_dast","docs/results/BankOfEd/boe-luna-dast-deep-2026-09-27.md","","22","","false_positive","No observable rate limiting on transfer checks","61bd177cd6503445a1adc5c44d4edda4524789a36531eeaf7e8f62945375a50e"
"export_dast","docs/results/BankOfEd/boe-luna-dast-deep-2026-09-27.md","","23","","false_positive","TRACE method enabled on admin accounts route","bb6fa601b8c837491ab9dd054fe08dfbd0caff574359a39101a46437df434cd3"
"export_dast","docs/results/BankOfEd/boe-luna-dast-deep-2026-09-27.md","","24","","false_positive","Unauthenticated access to admin SPA shell and assets","5fc449fa8f9fd4dc4cb32a2211c40ccf74598ec1fa4e38ad343a47a96fadb37d"
"export_dast","docs/results/BankOfEd/boe-minimax-m3-dast-2026-07-14.md","","1","","confirmed","JWT signature verification bypass - AuthService::decodeToken accepts any well-formed token","8477ee86799c4f25fc1bfbde36cf22e0f830ba8a7cc4b8fa1986757433e233b1"
"export_dast","docs/results/BankOfEd/boe-minimax-m3-dast-2026-07-14.md","","2","","confirmed","Missing balance validation on external transfers allows arbitrary negative account balances","bc2ecaaccc2abeeebe35e4c8bff868c5957cd227c2b60070ddb8f70f3fe915ff"
"export_dast","docs/results/BankOfEd/boe-minimax-m3-dast-2026-07-14.md","","3","","confirmed","Pre-authentication admin JWT forgery via leaked signing secret enables arbitrary balance manipulation","6e89494b84f4a3e7581a4ab08d3b62ca573ec62f58d709eb357b66b9a122ed61"
"export_dast","docs/results/BankOfEd/boe-minimax-m3-dast-2026-07-14.md","","4","","confirmed","Pre-authentication admin JWT forgery via SSRF leak of signing secret","06039672967e0fffcb89a2fab11c12667beff583da06f4c8b177d8376a80afc0"
"export_dast","docs/results/BankOfEd/boe-minimax-m3-dast-2026-07-14.md","","5","","confirmed","Reflected SSRF in /api/profile/avatar allows arbitrary URL fetching and full response disclosure","588bdc96f3495cace9b6a9e4d95484d545deb0b974f007ce15fa9d4f210879bb"
"export_dast","docs/results/BankOfEd/boe-minimax-m3-dast-2026-07-14.md","","6","","confirmed","SQL injection in /api/admin/customers via unsanitized `search` query parameter","7dc94b7f2e38eb8ed299c004eb8d7ba22e6c0606e1d062e4dc346be31585f4ce"
"export_dast","docs/results/BankOfEd/boe-minimax-m3-dast-2026-07-14.md","","7","","confirmed","Unauthenticated disclosure of JWT signing secret and database credentials via /api/health","fcf1269918b2075553923a56237479796d4ed12bd7b08c2be0b09db13ae036cc"
"export_dast","docs/results/BankOfEd/boe-minimax-m3-dast-2026-07-14.md","","8","","unconfirmed","IDOR in POST /api/transfers/external allows any authenticated customer to debit arbitrary accounts","1614cd45326b12993c47ab7d47c020b5e6ba315b62d61f51f69c72927bf5b075"
"export_dast","docs/results/BankOfEd/boe-minimax-m3-dast-2026-07-14.md","","9","","unconfirmed","Mass-assignment IDOR in PUT /api/profile allows any authenticated user to modify other users' profiles","fc91b367e1dc8d0cbb9094bdb88580b15d15e17a4a1755ebc7aa633ffa628724"
"export_dast","docs/results/BankOfEd/boe-minimax-m3-dast-2026-07-14.md","","10","","unconfirmed","Unauthenticated full database export via /api/admin/export/users","87ec1ab899dbaf2aac624d19bbf1e4f74ac7c768c063958e67b201e23c9a84fd"
"export_dast","docs/results/BankOfEd/boe-minimax-m3-dast-2026-07-14.md","","11","","confirmed","Sensitive data exposure - password_hash and totp_secret leaked in user payloads","2a5f48b148f2447c268f30e4f09193c8ea38d5911d33f0679efc52907259b84f"
"export_dast","docs/results/BankOfEd/boe-minimax-m3-dast-2026-07-14.md","","12","","confirmed","SQL injection in /api/transactions ORDER BY clause via unsanitized `sort` query parameter","062c911be65e8ed8ff48afaff326eea7a0a9d6939a18968bb59226b49e4e4b9a"
"export_dast","docs/results/BankOfEd/boe-minimax-m3-dast-2026-07-14.md","","13","","confirmed","Stored cross-site scripting via transaction description rendered with innerHTML","94a82f6bfc9bf3334608ebca3817072a885f7ec46b02e3f765ca2be5aab33487"
"export_dast","docs/results/BankOfEd/boe-minimax-m3-dast-2026-07-14.md","","14","","confirmed","TOTP 2FA bypass on external transfers - server completes transfers without verifying second factor","3a36a5de6ee8e2933a479912575dacb780637d10e1812779e6cdab7ee5ebf55d"
"export_dast","docs/results/BankOfEd/boe-minimax-m3-dast-2026-07-14.md","","15","","confirmed","Weak Password Hashing (Unsalted MD5) for Customer Credentials","114536120df98ba5935719ef99102fe92762094c14fb42886e8a06f00da31e64"
"export_dast","docs/results/BankOfEd/boe-minimax-m3-dast-2026-07-14.md","","16","","confirmed","Weak password policy with unsalted MD5 hashing enables trivial credential compromise","9e4097997ec33f596af3e0c041d7e2b42b87c499eb3548182420232169260ee6"
"export_dast","docs/results/BankOfEd/boe-minimax-m3-dast-2026-07-14.md","","17","","unconfirmed","IDOR on GET /api/accounts/{id} allows any authenticated user to retrieve any account by numeric ID","49a216d501d7dc5a13f45657b9d6decdc46a32f04f11a8e1e00c689894def538"
"export_dast","docs/results/BankOfEd/boe-minimax-m3-dast-2026-07-14.md","","18","","unconfirmed","IDOR on GET /api/transactions/{id} allows any authenticated user to retrieve any transaction by numeric ID","dc75ead7254bdb5e3c9060488a920fdc09cbc6a1a85b3a964d387cbf5b040e77"
"export_dast","docs/results/BankOfEd/boe-minimax-m3-dast-2026-07-14.md","","19","","unconfirmed","IDOR: GET /api/accounts returns every account in the bank instead of only the caller's","44f1382f6359027774f2073f31dd84e34e2218fcb5193df7ba46402345ebe317"
"export_dast","docs/results/BankOfEd/boe-minimax-m3-dast-2026-07-14.md","","20","","confirmed","Sensitive data exposed in API response","b989b69124efab420cb46d51a4f2633da3f365e43b6172edbb7a770332430322"
"export_dast","docs/results/BankOfEd/boe-minimax-m3-dast-2026-07-14.md","","21","","confirmed","Sensitive data exposed in API response","06f4bf46df7e15e34eb52728055ea7e37c78b89391ae82479d5f3e8fd2aeec0d"
"export_dast","docs/results/BankOfEd/boe-minimax-m3-dast-2026-07-14.md","","22","","confirmed","Sensitive data exposed in API response","8261aac260691080e9ecea3b3c14fa3fa2ab8afca63c5fbcf61f0d5999628fae"
"export_dast","docs/results/BankOfEd/boe-minimax-m3-dast-2026-07-14.md","","23","","confirmed","Sensitive data exposed in API response","27fef0b14e9a58099b8470b21bfc50d269ff78dd42944a4c504f554c2d0e9cc3"
"export_dast","docs/results/BankOfEd/boe-minimax-m3-dast-2026-07-14.md","","24","","confirmed","Sensitive data exposed in API response","462c9896fbff3ed808b2e51ff7e455e42bd7c06749c7f52c3e93a43948b6702b"
"export_dast","docs/results/BankOfEd/boe-minimax-m3-dast-2026-07-14.md","","25","","confirmed","Sensitive data exposed in API response","91fe763ef26d4be3d6ba655c1b965bc90534c1bab294d570d9e2c33c8284d859"
"export_dast","docs/results/BankOfEd/boe-minimax-m3-dast-2026-07-14.md","","26","","confirmed","Vulnerable & outdated client-side libraries - jQuery 3.3.1 (CVE-2019-11358, CVE-2020-11022/11023) and moment.js 2.29.1 (CVE-2022-24785, CVE-2022-31129)","6bbe9e07b94ae27ef9681cfd1508cbfe4c3825591dfe1cf3808596a1525eb12a"
"export_dast","docs/results/BankOfEd/boe-minimax-m3-dast-2026-07-14.md","","27","","confirmed","Vulnerable client-side libraries - jQuery 3.3.1 and moment.js 2.29.1","347db0b5c25e04f10aad71f5ee457ae86b462f3175f0cf3938a579cbd464758b"
"export_dast","docs/results/BankOfEd/boe-minimax-m3-dast-2026-07-14.md","","28","","confirmed","Missing rate-limiting and account lockout on /api/auth/login","37889dbc52df6ebfceff5a7a57ad82ec7ae2fb220c4c2831d408d1ad3919aba3"
"export_dast","docs/results/BankOfEd/boe-minimax-m3-dast-2026-07-14.md","","29","","confirmed","Overly permissive CORS - arbitrary Origin reflection with credentials","1dd232411fcc79a1a185fda5a020f4febbdb4e8d3d73a963023b83d3a433ce68"
"export_dast","docs/results/BankOfEd/boe-minimax-m3-dast-2026-07-14.md","","30","","confirmed","Overly permissive CORS - arbitrary Origin reflection with credentials","3ee063dab7f15cf20a7649c7caa61a10068466e81314e21ba15be1fffb40debb"
"export_dast","docs/results/BankOfEd/boe-minimax-m3-dast-2026-07-14.md","","31","","confirmed","User enumeration via distinct login error responses","63919af842bf83c2575e293287bbc4172832bc842ff28c780e0cb756aaf0d946"
"export_dast","docs/results/BankOfEd/boe-minimax-m3-dast-2026-07-14.md","","32","","confirmed","Verbose error disclosure: stack traces, absolute file paths, and source-line leakage in 500 responses","507e91c372a62ebf96a97d1ce28c97cdd4e9c13a354726baa59d08b400037201"
"export_dast","docs/results/BankOfEd/boe-minimax-m3-dast-2026-07-14.md","","33","","skipped","Web server version disclosed in Server response header","e7501b2d3a23a838a62e1256095f8c12774b70ac5a380530e0a5c71d6e88d722"
"export_dast","docs/results/BankOfEd/boe-minimax-m3-dast-2026-07-14.md","","34","","skipped","Web server version disclosed in Server response header","368a43afabda7a1d82dcc5fd3f0ef1403626e2e55b22327110b403224a17faed"
"export_dast","docs/results/BankOfEd/boe-opus-4-8-dast-quick-2026-07-14.md","","1","","confirmed","Default admin credentials accepted","74adde5f3ff5f72b63bcbd0e3aa94ca0e4f7140b3f1ee70435eacf342250f9ef"
"export_dast","docs/results/BankOfEd/boe-opus-4-8-dast-quick-2026-07-14.md","","2","","confirmed","Full-Read Server-Side Request Forgery (SSRF) in Avatar URL Fetch with Private-IP Filter Bypass","ff8759a51aa297845305dd9a99e886991001393785017781e5238b2de1a43c40"
"export_dast","docs/results/BankOfEd/boe-opus-4-8-dast-quick-2026-07-14.md","","3","","confirmed","JWT Signature Not Verified - Forged Token Enables Full Account Impersonation","85c321b26f7306578cdb8ee562abdc1988ecc6fc898904d3bb3847f642881056"
"export_dast","docs/results/BankOfEd/boe-opus-4-8-dast-quick-2026-07-14.md","","4","","confirmed","Unauthenticated /api/health endpoint discloses JWT signing secret and database configuration","e5d1ab8c21ab18d798a9bed0b27d80e8b5eba16fd927d39f52ce671e12dffd09"
"export_dast","docs/results/BankOfEd/boe-opus-4-8-dast-quick-2026-07-14.md","","5","","validating","Unauthenticated Admin User Export Exposes Password Hashes, TOTP Secrets, and PII","eb6fc8e5b2b023f1ef9d6f19d3230f2f23af16fc7f18de84e10840eada2ea3e1"
"export_dast","docs/results/BankOfEd/boe-opus-4-8-dast-quick-2026-07-14.md","","6","","unconfirmed","IDOR: External Transfer Debits Any Customer's Account (from_account_id Not Ownership-Checked)","42f357df81e3cbf7340e90d7d71b1413430b1b5c995885abebad63c054f065bc"
"export_dast","docs/results/BankOfEd/boe-opus-4-8-dast-quick-2026-07-14.md","","7","","confirmed","External Transfer Missing Balance Validation Allows Unlimited Overdraft","3e70b1ecbeda33cb5b5366e35c54fbcbd6e8b98cd35b2859b773dd87efbffdda"
"export_dast","docs/results/BankOfEd/boe-opus-4-8-dast-quick-2026-07-14.md","","8","","confirmed","Server-Side TOTP Step-Up Enforcement Bypassed on External Transfers","500169e6e827fd57e5a21c37a7abfbfab5fd98cd50d4850dee3028391b4d8229"
"export_dast","docs/results/BankOfEd/boe-opus-4-8-dast-quick-2026-07-14.md","","9","","confirmed","SQL Injection in Admin Customer Search Parameter (/api/admin/customers)","5967cbbd32db870e522dd8f6ec0d835cd4feb0ab40345d3629a0415785a4c7ee"
"export_dast","docs/results/BankOfEd/boe-opus-4-8-dast-quick-2026-07-14.md","","10","","confirmed","SQL Injection via ORDER BY sort parameter in /api/transactions","ea804ff4bd21915961ef9e256330d1e37f937fa6fe230079581a3900547dc730"
"export_dast","docs/results/BankOfEd/boe-opus-4-8-dast-quick-2026-07-14.md","","11","","false_positive","Broken Object Level Authorization in PUT /api/profile Allows Modification of Arbitrary User Profiles","53d824cde63ae8daefc1687feeb4478bff6963eeed786c49f4ab3702841904ef"
"export_dast","docs/results/BankOfEd/boe-opus-4-8-dast-quick-2026-07-14.md","","12","","confirmed","Passwords Stored as Unsalted MD5 and Disclosed in API Responses","ee71959ab7ccbcf3e43050c069965ba906daa485976aee55bdd0f535854b0695"
"export_dast","docs/results/BankOfEd/boe-opus-4-8-dast-quick-2026-07-14.md","","13","","confirmed","Sensitive credential material (password hash and TOTP secret) exposed in /api/profile response","4e8d36d2070fcf1ea4d12752f1be6e639940e0c78f47fc415864daa825e1a81c"
"export_dast","docs/results/BankOfEd/boe-opus-4-8-dast-quick-2026-07-14.md","","14","","confirmed","Stored Cross-Site Scripting via Transfer Description Field","16e1fc19c8d0880294d83774d6bb056fb4baff737ead02ab9f1409d09c47a206"
"export_dast","docs/results/BankOfEd/boe-opus-4-8-dast-quick-2026-07-14.md","","15","","confirmed","Weak Password Policy: Single-Character Passwords Accepted at Registration","a95a452fcfa4ec16821049998007c11bab5dcab6bff3f7c3f375eda6bcea886c"
"export_dast","docs/results/BankOfEd/boe-opus-4-8-dast-quick-2026-07-14.md","","16","","false_positive","Broken Object Level Authorization in GET /api/transactions/{id} Exposes Other Customers' Transaction Details","8afd8922af4489b0965dafa7fc9dbece1f7c2d0903ff514cd19ed94c5e60f3fe"
"export_dast","docs/results/BankOfEd/boe-opus-4-8-dast-quick-2026-07-14.md","","17","","confirmed","Missing Rate-Limiting and Account Lockout on Login Endpoint","197fd8fc1cfd31b6ab78e8b0628b46900d9ea0109df1113d340edc6d099a2b01"
"export_dast","docs/results/BankOfEd/boe-opus-4-8-dast-quick-2026-07-14.md","","18","","confirmed","Permissive CORS: Arbitrary Origin Reflected with Credentials on Authenticated Profile API","62dca47af4d28c084ef8ef56f01bb2ebc65137d44bf1de17a6b1542134e4810c"
"export_dast","docs/results/BankOfEd/boe-opus-4-8-dast-quick-2026-07-14.md","","19","","confirmed","Verbose Error Handling Discloses Stack Traces and Filesystem Paths","838d9378db3c889a0a09de1ed0948455586da86cfa860149917b26c5be578161"
"export_dast","docs/results/BankOfEd/boe-sol-5-6-tac-dast-quick-2026-09-27.md","","1","","confirmed","External transfer API permits unauthorized debits from other customers' accounts","1c54915768d769017d3fc7a6f99150b3951b1504ebc36ad7be0364529cdb0193"
"export_dast","docs/results/BankOfEd/boe-sol-5-6-tac-dast-quick-2026-09-27.md","","2","","confirmed","Invalidly signed customer token accepted","8a03b03b11365bca76e5bd333f0f364429760fcffd830a00f93cd8b7765e47d7"
"export_dast","docs/results/BankOfEd/boe-sol-5-6-tac-dast-quick-2026-09-27.md","","3","","confirmed","Multiple customer accounts use the default password ""password""","fe300a7657d06f49f495c067c0de670dfa119a29d75ef3a1eb916c5c2295210b"
"export_dast","docs/results/BankOfEd/boe-sol-5-6-tac-dast-quick-2026-09-27.md","","4","","confirmed","Predictable credentials allow administrator access","696b8161a22888a59ac249dc2c4d786ff33adf9590aa36f634c64e597b47de4c"
"export_dast","docs/results/BankOfEd/boe-sol-5-6-tac-dast-quick-2026-09-27.md","","5","","confirmed","Public health endpoint exposes JWT signing secret and enables token forgery","2747d26eeba500399f3d3c2a0c4823371f96ade1c4d0a74390a0ba510b4e54ab"
"export_dast","docs/results/BankOfEd/boe-sol-5-6-tac-dast-quick-2026-09-27.md","","6","","confirmed","Accounts API exposes full payment card details","c02f7f8a9d3381c286f3315cb54c26c7c2c8316c803b676f1837413aa2d6211e"
"export_dast","docs/results/BankOfEd/boe-sol-5-6-tac-dast-quick-2026-09-27.md","","7","","confirmed","Admin settings API exposes insurance machine token in plaintext","af2363cf3010e9fce90de1f2d6352521ffde2d71d4faa646e2cefd75582307e7"
"export_dast","docs/results/BankOfEd/boe-sol-5-6-tac-dast-quick-2026-09-27.md","","8","","confirmed","Administrator credentials and bearer tokens transmitted over HTTP","6786544cd4268af4cb2792c1d9e085abf434a24a56fefabc65f031a6d705a49d"
"export_dast","docs/results/BankOfEd/boe-sol-5-6-tac-dast-quick-2026-09-27.md","","9","","confirmed","Authenticated SQL injection in customer search enables database extraction and local file reads","104a2113a18ce20598ae6f3c64cc5febdcfc2a2c37a4b91445e3e9cd99310275"
"export_dast","docs/results/BankOfEd/boe-sol-5-6-tac-dast-quick-2026-09-27.md","","10","","confirmed","Authenticated SSRF in profile avatar import","18350f0d7ce54dc620228e8a0248ea72a87944261feb3fb413067ab339fce7c4"
"export_dast","docs/results/BankOfEd/boe-sol-5-6-tac-dast-quick-2026-09-27.md","","11","","confirmed","Customer credentials and bearer tokens transmitted over HTTP","f1b685d1923ce24be94ac2542cad3bcd72688fc43652d3d03d561acde40f305a"
"export_dast","docs/results/BankOfEd/boe-sol-5-6-tac-dast-quick-2026-09-27.md","","12","","confirmed","Customer credentials and bearer tokens transmitted over HTTP","4dd6549bca06c24d068a5262633b9f435f5c135534fad5775bd2096156064a5e"
"export_dast","docs/results/BankOfEd/boe-sol-5-6-tac-dast-quick-2026-09-27.md","","13","","confirmed","Customer credentials and bearer tokens transmitted over HTTP","d5858c394ddc315dfff0c844dabd4d85cb8d3c14a48d1577ea551407ee78180f"
"export_dast","docs/results/BankOfEd/boe-sol-5-6-tac-dast-quick-2026-09-27.md","","14","","confirmed","External transfers bypass required TOTP verification","616070ca7e8a48347937a5bd9f248b599b44c1113923c043a2d5bb611ed98026"
"export_dast","docs/results/BankOfEd/boe-sol-5-6-tac-dast-quick-2026-09-27.md","","15","","confirmed","Passwords stored using unsalted MD5","8f6752faef6aadffe2e23eba2ee49fd9108d54ddc8c19e784ac8bf901d9b8834"
"export_dast","docs/results/BankOfEd/boe-sol-5-6-tac-dast-quick-2026-09-27.md","","16","","confirmed","SQL injection in authenticated customer search","4dc9fbc9bd6013ab1c0cc490bf6259863dffa322623126dbc43c72c04586a0c9"
"export_dast","docs/results/BankOfEd/boe-sol-5-6-tac-dast-quick-2026-09-27.md","","17","","confirmed","SQL injection in authenticated customer search","3965100654eb4053d735e97c6ca007526e23c3ca5538231db12b33c778822328"
"export_dast","docs/results/BankOfEd/boe-sol-5-6-tac-dast-quick-2026-09-27.md","","18","","confirmed","SQL injection in authenticated customer search","f38ccbfd85d9875373d539e4fd22390cb2aeff35ad9aeb798a8e1e2ca2397c57"
"export_dast","docs/results/BankOfEd/boe-sol-5-6-tac-dast-quick-2026-09-27.md","","19","","confirmed","SQL injection in customer search allows database extraction and local file reads","22d31b747a78fb0235374ffbb9b6d897d5a272adfb53be1cbc3b088c360098a7"
"export_dast","docs/results/BankOfEd/boe-sol-5-6-tac-dast-quick-2026-09-27.md","","20","","confirmed","Stored cross-site scripting through avatar URL","4512b8bb7823f8a227e2c570497caac9e23111ce945d472efffc6096c7445a3c"
"export_dast","docs/results/BankOfEd/boe-sol-5-6-tac-dast-quick-2026-09-27.md","","21","","confirmed","Transaction details accessible across customer accounts","c41bf8290aef71d7b8c01365b380f84dbee0ca31ae0d12539a781294529ec3bd"
"export_dast","docs/results/BankOfEd/boe-sol-5-6-tac-dast-quick-2026-09-27.md","","22","","confirmed","Unverified users can self-issue credit cards with a $25,000 limit","cca1cfa80944eb4842103c1c32b012ff358d4d9c5704dc4e5cd8a76685471669"
"export_dast","docs/results/BankOfEd/boe-sol-5-6-tac-dast-quick-2026-09-27.md","","23","","unconfirmed","Exposed machine token bypasses payment transfer authentication","8972ff58886882651f4cb3daf07022f87be8713b774850874f257bab29b9958f"
"export_dast","docs/results/BankOfEd/boe-sol-5-6-tac-dast-quick-2026-09-27.md","","24","","false_positive","Exposed machine token grants access to payment processing API","1c46935b4849b27dddc0138c08370dd1d4335fa5c561b6f487e0a0484ffa9078"
"export_dast","docs/results/BankOfEd/boe-sol-5-6-tac-dast-quick-2026-09-27.md","","25","","false_positive","Unverified customer can create and disburse a loan","2c0ebff49f8626357c466af7159765cb451139325ebf4a7b0cf603d4d23a0c96"
"export_dast","docs/results/BankOfEd/boe-sol-5-6-tac-dast-quick-2026-09-27.md","","26","","confirmed","Accounts API exposes full payment card details","b883cfdb715b7b9bf45199b31370c5f07639e41ccc1fe0da651ec045f1042c4d"
"export_dast","docs/results/BankOfEd/boe-sol-5-6-tac-dast-quick-2026-09-27.md","","27","","confirmed","Administrator login does not throttle repeated failed attempts","d12469145e97c646fa8941882ec8bb9f60a5908bd50ac3c42371f1ea9cf21489"
"export_dast","docs/results/BankOfEd/boe-sol-5-6-tac-dast-quick-2026-09-27.md","","28","","confirmed","Banking interface loads third-party scripts without integrity checks","9226120bf71cb040478d2b61a354165761e1699a11239a583e385013ad39bd19"
"export_dast","docs/results/BankOfEd/boe-sol-5-6-tac-dast-quick-2026-09-27.md","","29","","confirmed","Credit card issued without an approval workflow","200d7c91849991b6b960abeb952654dba294afd7bd13269febe2ba4cbc35a37d"
"export_dast","docs/results/BankOfEd/boe-sol-5-6-tac-dast-quick-2026-09-27.md","","30","","confirmed","Loan issuance without approval or affordability checks","46dc04d33c4bb8fffde0d652e65b58d4f16b62829be0fbf79dec9d3c6060f035"
"export_dast","docs/results/BankOfEd/boe-sol-5-6-tac-dast-quick-2026-09-27.md","","31","","confirmed","Login response exposes internal authentication fields","19ed22b19f0904087fdc94641157eabae0506d358c801d3fa26ddbd141245d48"
"export_dast","docs/results/BankOfEd/boe-sol-5-6-tac-dast-quick-2026-09-27.md","","32","","confirmed","Profile API exposes password hash and TOTP secret field","f1bc0d0458805c7cdb2572fc8736d2efa5a03c2704d9b22a06f22cbadd6d6715"
"export_dast","docs/results/BankOfEd/boe-sol-5-6-tac-dast-quick-2026-09-27.md","","33","","confirmed","Profile API exposes password hash and TOTP secret field","a4cde753fa1eb854d8d98ef8ef663e988bcea82ed4a36089ff35f9c587c27e24"
"export_dast","docs/results/BankOfEd/boe-sol-5-6-tac-dast-quick-2026-09-27.md","","34","","confirmed","TOTP verification lacks attempt throttling and lockout","91529a316c07137d8460d8fd58cbd315b77cef358bed646c69f6d580e99eedab"
"export_dast","docs/results/BankOfEd/boe-sol-5-6-tac-dast-quick-2026-09-27.md","","35","","false_positive","Admin token accepted by customer authentication boundary","ac8f878579928893d6e8a49a9a14cba6d8c11d5a3b0474fdce06335a598c31d4"
"export_dast","docs/results/BankOfEd/boe-sol-5-6-tac-dast-quick-2026-09-27.md","","36","","false_positive","Administrator credentials and bearer tokens transmitted over HTTP","712840f2bb62363626e204d0b01ee61701a729387e56ce934bca5a63728a98c6"
"export_dast","docs/results/BankOfEd/boe-sol-5-6-tac-dast-quick-2026-09-27.md","","37","","false_positive","Bearer SSO token placed in a URL query parameter","dc8c59d7840773a611e42ad7abf7e1e859f3fec8f72fb03cf3b02f68658ffe47"
"export_dast","docs/results/BankOfEd/boe-sol-5-6-tac-dast-quick-2026-09-27.md","","38","","false_positive","Server accepts one-character passwords during registration","e18cb76c82e06617837c4c437b62c687ca413b2cb48ae0f2ba78af1e582a3a34"
"export_dast","docs/results/BankOfEd/boe-sol-5-6-tac-dast-quick-2026-09-27.md","","39","","false_positive","Transaction details accessible across customer accounts","ee8877ba8cbd7fc809fcc2a55fcb2d4898d9fe0c6f2f6383fdd638d6a60ecc70"
"export_dast","docs/results/BankOfEd/boe-sol-5-6-tac-dast-quick-2026-09-27.md","","40","","confirmed","Accounts API reflects arbitrary CORS origins","3d435fc6ef9746927262bc69dde3dd426caf2e2a3b2a0d06ea4c0ba74f0030da"
"export_dast","docs/results/BankOfEd/boe-sol-5-6-tac-dast-quick-2026-09-27.md","","41","","confirmed","Accounts API reflects arbitrary CORS origins","e0a0fc134c6eb2d4bac60b9e3efc95ff8e480084ce4d4af3a2c7f66833ba449f"
"export_dast","docs/results/BankOfEd/boe-sol-5-6-tac-dast-quick-2026-09-27.md","","42","","confirmed","Admin accounts API reflects arbitrary CORS origins","6e5297fe6d0fd4a736f5b631d3532114af621ad1d329290955d7dea4b1862023"
"export_dast","docs/results/BankOfEd/boe-sol-5-6-tac-dast-quick-2026-09-27.md","","43","","confirmed","Admin customer API reflects arbitrary CORS origins","b660237d9008c011a69b50fd92a7f45695f08da2b875b079d86043edc976660f"
"export_dast","docs/results/BankOfEd/boe-sol-5-6-tac-dast-quick-2026-09-27.md","","44","","confirmed","Admin customer API reflects arbitrary CORS origins","d4a31c74b9e29adb727f70890e0c91d1d8bb99db0083497365098d0a9b092b68"
"export_dast","docs/results/BankOfEd/boe-sol-5-6-tac-dast-quick-2026-09-27.md","","45","","confirmed","Admin customer update exposes database errors and stack traces","8f2f2b11c78f8ec625a4116ab253e20afd71fa74fd6fd1b71ccd654140220dee"
"export_dast","docs/results/BankOfEd/boe-sol-5-6-tac-dast-quick-2026-09-27.md","","46","","confirmed","Admin customer update exposes database errors and stack traces","19d533c5962dd9401125ffae30138e4f0e10ef41a9d233511f5921746c7d5f4d"
"export_dast","docs/results/BankOfEd/boe-sol-5-6-tac-dast-quick-2026-09-27.md","","47","","confirmed","Admin FX-rate API reflects arbitrary CORS origins","91e31b5b9055fc98ce26203555efefa0f91dc6b583735bf15af15860f8fdb45b"
"export_dast","docs/results/BankOfEd/boe-sol-5-6-tac-dast-quick-2026-09-27.md","","48","","confirmed","Admin interface loads a third-party script without integrity validation","8852e3342a738d3aedb095b0bc4eca99c3978f566afc9e858abe8bd2b7ffbb54"
"export_dast","docs/results/BankOfEd/boe-sol-5-6-tac-dast-quick-2026-09-27.md","","49","","confirmed","Admin interface omits browser security headers","288dec7525f2d9d005e07a305a63dd0bda9e130d264759704ae52777e0c9f748"
"export_dast","docs/results/BankOfEd/boe-sol-5-6-tac-dast-quick-2026-09-27.md","","50","","confirmed","Admin interface omits browser security headers","1720a7b4cd0356694290acbd88a657b0695709685011a9a5a8483a4b65ac998c"
"export_dast","docs/results/BankOfEd/boe-sol-5-6-tac-dast-quick-2026-09-27.md","","51","","confirmed","Admin password reset accepts a common password","dbd1104fa59532dac62f1f47e485136906e4641e2ebea2afbbf3ed34563f668c"
"export_dast","docs/results/BankOfEd/boe-sol-5-6-tac-dast-quick-2026-09-27.md","","52","","confirmed","Banking interface omits browser security headers","fbfc57c3a30db51e90fe8eef3c38590f60594a0743ceaf57f632a7d55630e767"
"export_dast","docs/results/BankOfEd/boe-sol-5-6-tac-dast-quick-2026-09-27.md","","53","","confirmed","Banking interface omits browser security headers","e181e722f07193527eacc2b5fe8fbf47cbde280ae05fabb16fd5ef107bbc5391"
"export_dast","docs/results/BankOfEd/boe-sol-5-6-tac-dast-quick-2026-09-27.md","","54","","confirmed","FX conversion API reflects arbitrary CORS origins","40426a93973456d7d658f8cdd518ce14562476350ac537f83ceb2dd222761905"
"export_dast","docs/results/BankOfEd/boe-sol-5-6-tac-dast-quick-2026-09-27.md","","55","","confirmed","Login endpoint does not throttle repeated failed attempts","a8aac1865a391a58e8f357909f8db9eed0f8435429da74f0cb8cab8125d6e28f"
"export_dast","docs/results/BankOfEd/boe-sol-5-6-tac-dast-quick-2026-09-27.md","","56","","confirmed","Login responses allow customer email enumeration","9accf1a66153c2bca3001fcf26c36e393e0f88cd5f329ee1020c7f0082debbb5"
"export_dast","docs/results/BankOfEd/boe-sol-5-6-tac-dast-quick-2026-09-27.md","","57","","confirmed","Logout endpoint reflects arbitrary CORS origins","de695a3255dc6488f010a61a331218fdf464c522e21a1e450be71460e37a2c19"
"export_dast","docs/results/BankOfEd/boe-sol-5-6-tac-dast-quick-2026-09-27.md","","58","","confirmed","System reset API reflects arbitrary CORS origins","b4fccce1d1691cf64c6acdfd648ea693113a12d387b9922da11262b62072c45f"
"export_dast","docs/results/BankOfEd/boe-sol-5-6-tac-dast-quick-2026-09-27.md","","59","","confirmed","System settings API reflects arbitrary CORS origins","b545e9d31da08eb24f6ff658602b38cd72113589347f1b4f3cd90306f7991be9"
"export_dast","docs/results/BankOfEd/boe-sol-5-6-tac-dast-quick-2026-09-27.md","","60","","confirmed","TOTP setup endpoint reflects arbitrary CORS origins","40bdc2311005d7d2a2b2267271c2b45a59538743a79e431e0bd6ce6069d1bc36"
"export_dast","docs/results/BankOfEd/boe-sol-5-6-tac-dast-quick-2026-09-27.md","","61","","confirmed","Transaction API reflects arbitrary CORS origins","181983cb808f014ce03596ce3e5a2f74740b9beeb1abd16d69aab1a4597cf929"
"export_dast","docs/results/BankOfEd/boe-sol-5-6-tac-dast-quick-2026-09-27.md","","62","","confirmed","Transaction API reflects untrusted CORS origins","0c9c926c342e176d171f7ecb7a24bfd5f2c16a254d805c69772374c304c23f0f"
"export_dast","docs/results/BankOfEd/boe-sol-5-6-tac-dast-quick-2026-09-27.md","","63","","confirmed","Transaction API reflects untrusted CORS origins","51d5d94004c0d2e55f675713e04106fd181e508edf9aa18cbef0b3b790a9f4e1"
"export_dast","docs/results/BankOfEd/boe-sol-5-6-tac-dast-quick-2026-09-27.md","","64","","confirmed","Transaction API reflects untrusted CORS origins","4deef2270a0b0925e99157e9c43b6da91b747c807aa90d8231dfec3d75e1ca8e"
"export_dast","docs/results/BankOfEd/boe-sol-5-6-tac-dast-quick-2026-09-27.md","","65","","confirmed","Transaction API reflects untrusted CORS origins","1a95915b20c1765ab964f711f01e515592161820917d17dbcd8a944a4d0f6177"
"export_dast","docs/results/BankOfEd/boe-sol-5-6-tac-dast-quick-2026-09-27.md","","66","","unconfirmed","Accounts API reflects arbitrary CORS origins","554b16ad9e959aa9090259fd44695ccd2a627e2e16c8a7ce650eb64d2ff2334a"
"export_dast","docs/results/BankOfEd/boe-sol-5-6-tac-dast-quick-2026-09-27.md","","67","","unconfirmed","Admin customer API reflects arbitrary CORS origins","44e3cfb3ef5719a32b752be5d5a57fc9938f27ad3a393f916838ea4fa57bcb1f"
"export_dast","docs/results/BankOfEd/boe-sol-5-6-tac-dast-quick-2026-09-27.md","","68","","unconfirmed","Registration response exposes authentication fields","b726d6edeb4aa73756e53cc06517ff8a93f891a3e227c139f96277d79b74cb10"
"export_dast","docs/results/BankOfEd/boe-sol-5-6-tac-dast-quick-2026-09-27.md","","69","","false_positive","Accounts API reflects arbitrary CORS origins","715d5b19563608bcf16d7d1c745c5338e4364fe98c5f4e2aa910414865d28fd7"
"export_dast","docs/results/BankOfEd/boe-sol-5-6-tac-dast-quick-2026-09-27.md","","70","","false_positive","Accounts API reflects arbitrary CORS origins","8fe96d4dcc5c24959d2b515dc0ef010fbd3225b02518081551a721fe10874deb"
"export_dast","docs/results/BankOfEd/boe-sol-5-6-tac-dast-quick-2026-09-27.md","","71","","false_positive","Accounts API reflects arbitrary CORS origins","c0e16005537fe6e78515d0a6aaacd792405f2de521127ec6b8e359ead667da50"
"export_dast","docs/results/BankOfEd/boe-sol-5-6-tac-dast-quick-2026-09-27.md","","72","","false_positive","Accounts API reflects arbitrary CORS origins","2d67199c0a8cdbe14db23f2b94938304cba5688a2bcc0bc83f03bf48a870eb4a"
"export_dast","docs/results/BankOfEd/boe-sol-5-6-tac-dast-quick-2026-09-27.md","","73","","false_positive","Admin accounts API reflects arbitrary CORS origins","b0e0917f15b80b7233bc1ebc57f3594144ee674bf87848b0c21885adae45ec71"
"export_dast","docs/results/BankOfEd/boe-sol-5-6-tac-dast-quick-2026-09-27.md","","74","","false_positive","Admin customer API reflects arbitrary CORS origins","15dcf8f2cc1dbdc4c34f78cef3ee4e942d55e36a07bdd207d1bac01a54f00bd8"
"export_dast","docs/results/BankOfEd/boe-sol-5-6-tac-dast-quick-2026-09-27.md","","75","","false_positive","Admin customer API reflects arbitrary CORS origins","7916006237cfd4541c16f5d7ed8abfd1aecba570c458a3acb65e2c573c41979e"
"export_dast","docs/results/BankOfEd/boe-sol-5-6-tac-dast-quick-2026-09-27.md","","76","","false_positive","Admin logout endpoint reflects arbitrary CORS origins","1e4bb2bdc9082a33a6c88fb6eb048b5628eb100b1393fe6514ba6ee9278b4e1a"
"export_dast","docs/results/BankOfEd/boe-sol-5-6-tac-dast-quick-2026-09-27.md","","77","","false_positive","Authenticated transfer endpoint reflects arbitrary CORS origins","434fdd605a6ee04bbfe39154c65de60af69b28476139424e7f4931583045b9a0"
"export_dast","docs/results/BankOfEd/boe-sol-5-6-tac-dast-quick-2026-09-27.md","","78","","false_positive","Authenticated transfer endpoint reflects arbitrary CORS origins","355b375c3ace643c94c8e8c62698fee57acbe12e11392c46266e958c1f8c41c0"
"export_dast","docs/results/BankOfEd/boe-sol-5-6-tac-dast-quick-2026-09-27.md","","79","","false_positive","Authenticated transfer preflight endpoint reflects arbitrary CORS origins","e6e1d7846e461672ac8016a953bec6c29bedace54c065419c538fb6498687cc7"
"export_dast","docs/results/BankOfEd/boe-sol-5-6-tac-dast-quick-2026-09-27.md","","80","","false_positive","Profile API reflects untrusted CORS origins","60ba26a5c28e82f1d22b77b6f3e20100fd045b50beac718bf2374b6a49dd5814"
"export_dast","docs/results/BankOfEd/boe-sol-5-6-tac-dast-quick-2026-09-27.md","","81","","false_positive","Transaction API reflects untrusted CORS origins","8c5c25343b316fc7d5851d390398f7d9bb5029d005828215237c39515c205542"
"export_dast","docs/results/BankOfEd/boe-sol-5-6-tac-dast-quick-2026-09-27.md","","82","","skipped","Admin interface omits browser security headers","899236230d3eb04b3191ff238806c31cf6314f186c1687885aec50a8b97bbbb0"
"export_dast","docs/results/BankOfEd/boe-sol-5-6-tac-dast-quick-2026-09-27.md","","83","","skipped","Admin interface omits browser security headers","55b6771e04183a0ba38b16915ad95974e110743e0ee07941e402fe26ec1e666b"
"export_dast","docs/results/BankOfEd/boe-sol-5-6-tac-dast-quick-2026-09-27.md","","84","","skipped","Server and runtime versions disclosed","3d8f9137848e774aef5cf19fe812f0ad9344a316427eefd72ce53abe4b3f26da"
"export_dast","docs/results/BankOfEd/boe-sol-5-6-tac-dast-quick-2026-09-27.md","","85","","skipped","Server and runtime versions disclosed","0098ff13bf91a05c6b5e0f1ccb5cee7c8b4202a135886b36c2ecc83537629b5d"
"export_dast","docs/results/BankOfEd/boe-sol-5-6-tac-dast-quick-2026-09-27.md","","86","","skipped","Server and runtime versions disclosed","92ae80190ce25ebf57d8136ad48a985e4d150a8a10bffe1b5a95a8a0ac6ff161"
"export_dast","docs/results/BankOfEd/boe-sol-5-6-tac-dast-quick-2026-09-27.md","","87","","skipped","Server and runtime versions disclosed","2f2a3e26798369acc01364727698dfa757ae51d4a8ec4e658108d09baf5e92e0"
"export_dast","docs/results/BankOfEd/boe-sol-5-6-tac-dast-quick-2026-09-27.md","","88","","skipped","Server and runtime versions disclosed","13687a3930f9db44ab757d8e0780be948b78bf1a3362f29bb5b7c73379545dad"
"export_dast","docs/results/BankOfEd/boe-sol-5-6-tac-dast-quick-2026-09-27.md","","89","","skipped","Server and runtime versions disclosed","65171cf477bae75eedcaa24475505fc8705fe860de7ce797ce0b631747999694"
"export_dast","docs/results/BankOfEd/boe-sol-5-6-tac-dast-quick-2026-09-27.md","","90","","skipped","Server and runtime versions disclosed","404423b0f94936d662997ca8e874c89cfc6234495c9d358dbdbbd11f0263b865"
"export_dast","docs/results/BankOfEd/boe-sol-5-6-tac-dast-quick-2026-09-27.md","","91","","skipped","Server and runtime versions disclosed","9ce0b77866058da2ee93a9fb7dc582598b0ceb00f70443a68770b3c53a4f73a1"
"export_dast","docs/results/BankOfEd/boe-sol-5-6-tac-dast-quick-2026-09-27.md","","92","","skipped","Server and runtime versions disclosed","3203b7849e12150fd047bf7dae18615d95d8828167db21f7da019b4e8e4b0366"
"export_dast","docs/results/BankOfEd/boe-sol-5-6-tac-dast-quick-2026-09-27.md","","93","","skipped","Server and runtime versions disclosed","01091ff432dec1ee6f47cc84a31942d0642ef9128da9455682acfcc3f19ed431"
"export_dast","docs/results/BankOfEd/boe-sol-5-6-tac-dast-quick-2026-09-27.md","","94","","skipped","Server and runtime versions disclosed","e82c3973b6b93f55c250ad265e83b92cac4689eb94df9d1a9a5f43f86ca9bbbc"
"export_dast","docs/results/BankOfEd/boe-sol-5-6-tac-dast-quick-2026-09-27.md","","95","","skipped","Server and runtime versions disclosed","3c644b4aa4e3a7ce27bafd6c3edc8918e1758f7d156073693b5ccafd702c2107"
"export_dast","docs/results/BankOfEd/boe-sol-5-6-tac-sast-dast-2026-09-27.md","","1","","confirmed","Customer authentication accepts JWTs with invalid signatures","67fdf7aed04a6245d8bdde832a4385c5f8cdb715021e9dc6fba0c5d40b796b22"
"export_dast","docs/results/BankOfEd/boe-sol-5-6-tac-sast-dast-2026-09-27.md","","2","","confirmed","External transfer endpoint allows unauthorized debits from other customers' accounts","862a73bffd7a2c34ceda395c453b1c3276b6dd6f0efcd920317173220228e9bd"
"export_dast","docs/results/BankOfEd/boe-sol-5-6-tac-sast-dast-2026-09-27.md","","3","","confirmed","Published fallback token authorizes payment transfers","ed918305bce231312930cbe8b119c7647a9eb03fb1db8fa2a6c3a309e7bbe337"
"export_dast","docs/results/BankOfEd/boe-sol-5-6-tac-sast-dast-2026-09-27.md","","4","","confirmed","Unauthenticated health endpoint exposes JWT signing secret","3cb27f30fd91944d3ed166bc86ceb071d7ccd1421c718985e9f0d002d280fd2c"
"export_dast","docs/results/BankOfEd/boe-sol-5-6-tac-sast-dast-2026-09-27.md","","5","","unconfirmed","Default administrator credentials","583e997ef11aa0621bd4fe40964850c37598f7455739b4a8531d901d0d4a4353"
"export_dast","docs/results/BankOfEd/boe-sol-5-6-tac-sast-dast-2026-09-27.md","","6","","unconfirmed","Shared default password across customer accounts","544e57bc57d5b73a6fd4aa2c9db069af4edaee552a713d0ce17cd905661c4115"
"export_dast","docs/results/BankOfEd/boe-sol-5-6-tac-sast-dast-2026-09-27.md","","7","","confirmed","Authenticated SSRF through profile avatar URL import","6d9f23fe75f628fc5228e201a7433dd70bf8b1f05f002f782d63f042b04434fc"
"export_dast","docs/results/BankOfEd/boe-sol-5-6-tac-sast-dast-2026-09-27.md","","8","","confirmed","Credit-card CVV stored and returned in plaintext","83c15dac3a2403176b948346bffb8b769bea9aabe1ea9a70c0c5d412dd549029"
"export_dast","docs/results/BankOfEd/boe-sol-5-6-tac-sast-dast-2026-09-27.md","","9","","confirmed","Customer passwords stored as unsalted MD5 hashes","f2dd6008174d8c4fc89725c50e1bf17ba0fbf0e8156e85c633492f587fce83bb"
"export_dast","docs/results/BankOfEd/boe-sol-5-6-tac-sast-dast-2026-09-27.md","","10","","confirmed","External transfer can debit another user's account","019273f9862adc931b1f07ec71584f351b660678cf6f76ca41626a28d2aa4664"
"export_dast","docs/results/BankOfEd/boe-sol-5-6-tac-sast-dast-2026-09-27.md","","11","","confirmed","External transfer debits an account without checking ownership","0c17e430d49eaad2667835bd465ef818c3939d626e2a7529dea64642b384cdcf"
"export_dast","docs/results/BankOfEd/boe-sol-5-6-tac-sast-dast-2026-09-27.md","","12","","confirmed","Hard-coded fallback machine token authorizes payment transfers","1cadf70fa876d855023d28075ba86d0d884b6954a76dd9916c72950b0a17254f"
"export_dast","docs/results/BankOfEd/boe-sol-5-6-tac-sast-dast-2026-09-27.md","","13","","confirmed","Manual transfers bypass required TOTP verification","8253aca34ed57b27d1b02a77be44ad9cc3b28007103963ca0dcbc9f62c7501e7"
"export_dast","docs/results/BankOfEd/boe-sol-5-6-tac-sast-dast-2026-09-27.md","","14","","confirmed","Public health endpoint exposes the customer JWT signing secret","90bc848204c34a27226eaccc225864b7b0311cc0c1517d53e9c1d0baf4ff5f56"
"export_dast","docs/results/BankOfEd/boe-sol-5-6-tac-sast-dast-2026-09-27.md","","15","","confirmed","SQL Injection in Admin Customer Search","bd0fa6d3458b1cb48193c308d17481c7fbe757a1b6509da8e749f5ee6296101c"
"export_dast","docs/results/BankOfEd/boe-sol-5-6-tac-sast-dast-2026-09-27.md","","16","","confirmed","SQL injection in admin customer search count query","b64334032c8465f156dc7332ac7db4723901beab5f7845730f5847453a9437d6"
"export_dast","docs/results/BankOfEd/boe-sol-5-6-tac-sast-dast-2026-09-27.md","","17","","confirmed","SQL injection in admin customer search result query","baa6755c5a27e72f0b941317165bcb2a1b9915db97c37d155984782959461dc5"
"export_dast","docs/results/BankOfEd/boe-sol-5-6-tac-sast-dast-2026-09-27.md","","18","","confirmed","SQL Injection in Transaction Sort Parameter","f71cda43d6311e2514c4254344b26844e30fb950685258414748b5eb3a865d26"
"export_dast","docs/results/BankOfEd/boe-sol-5-6-tac-sast-dast-2026-09-27.md","","19","","confirmed","SQL Injection in Transaction Sort Parameter","ede61b444987763c838d218a00e04d4a81ba27548212f129671393d75dac53a6"
"export_dast","docs/results/BankOfEd/boe-sol-5-6-tac-sast-dast-2026-09-27.md","","20","","confirmed","SQL Injection via Transaction Sort Parameter","1b31456369db4f9267a0f22cde971e73272b377185e8c90ae4dab5e037e5bdca"
"export_dast","docs/results/BankOfEd/boe-sol-5-6-tac-sast-dast-2026-09-27.md","","21","","confirmed","Stored XSS in account name executes on admin accounts page","ec3d93a3542facabb79ca87a4b691a3c3feef6134bd7773c7b415587db781e47"
"export_dast","docs/results/BankOfEd/boe-sol-5-6-tac-sast-dast-2026-09-27.md","","22","","confirmed","Unauthenticated admin export exposes customer banking data","facbded3d3d354a1d65621fa7f239215fcec144c04f245457aefd3763e71df20"
"export_dast","docs/results/BankOfEd/boe-sol-5-6-tac-sast-dast-2026-09-27.md","","23","","unconfirmed","Published fallback token grants access to the payment API","2ec07fcaa6d2b827dd0090814de8ef178cbf6f25748fd47084eb2f77b9f6cabf"
"export_dast","docs/results/BankOfEd/boe-sol-5-6-tac-sast-dast-2026-09-27.md","","24","","false_positive","Unauthenticated access to account transaction history","65e044050694f86ed0340de9d01965a70553b851bbb4bb5b58c540f285f307d4"
"export_dast","docs/results/BankOfEd/boe-sol-5-6-tac-sast-dast-2026-09-27.md","","25","","false_positive","Unauthenticated access to account transaction history","ff99ed0d6024cc5645eb387592b14f470152cfc0b216860baa74a3f037ee9087"
"export_dast","docs/results/BankOfEd/boe-sol-5-6-tac-sast-dast-2026-09-27.md","","26","","false_positive","Unauthenticated account endpoint exposes customer financial data","48fb43ac4dcd32579182eae582e4a3a952f1a4226074935e2d529caa24828243"
"export_dast","docs/results/BankOfEd/boe-sol-5-6-tac-sast-dast-2026-09-27.md","","27","","confirmed","Login accepts weak MD5 password hashes","bdb4c17e97408ac871d7527ce0c478460c3001b1fb9db61e07f6b17265e78293"
"export_dast","docs/results/BankOfEd/boe-sol-5-6-tac-sast-dast-2026-09-27.md","","28","","confirmed","Manual transfer bypasses required TOTP verification","f0de7de6742d06db0f515efd22f103d7ff8c00ca3c82930b51a132466232a54e"
"export_dast","docs/results/BankOfEd/boe-sol-5-6-tac-sast-dast-2026-09-27.md","","29","","confirmed","Profile and authentication APIs expose password hashes","abfac59206defd8cbd6fea734986f394f42631af5b4bd42e94a274693bf6c170"
"export_dast","docs/results/BankOfEd/boe-sol-5-6-tac-sast-dast-2026-09-27.md","","30","","confirmed","Registration permits one-character passwords","5264aea0a1c5fd38eae4c368c79532112de476135ecd3212ad0863acfc434979"
"export_dast","docs/results/BankOfEd/boe-sol-5-6-tac-sast-dast-2026-09-27.md","","31","","confirmed","Users can create funded credit-card accounts without an approval process","913e531998933cce8a34bc59dfac221e7897037b9ba2d2fe0da8ad6bc9b595be"
"export_dast","docs/results/BankOfEd/boe-sol-5-6-tac-sast-dast-2026-09-27.md","","32","","false_positive","Profile and authentication APIs expose password hashes","1fb4a557594827abade5c172c24233dedffd0f3784826b84f5b81abb442164cd"
"export_dast","docs/results/BankOfEd/boe-sol-5-6-tac-sast-dast-2026-09-27.md","","33","","confirmed","Banking page lacks browser security headers","abc47f6d3c35fb197915fa1845dfef344cf87b493fdc316177bf8c475ead4337"
"export_dast","docs/results/BankOfEd/boe-sol-5-6-tac-sast-dast-2026-09-27.md","","34","","confirmed","Customer login permits repeated password attempts without throttling","163c8c4e1ac249304184a08d7d7341ac981c96bcd982beee6ce377e1524928bf"
"export_dast","docs/results/BankOfEd/boe-sol-5-6-tac-sast-dast-2026-09-27.md","","35","","confirmed","Login error responses allow customer account enumeration","e0f55c7e8915cfb557aab1cb28194b909f59f8c9e6862aa2b2057cca72a41880"
"export_dast","docs/results/BankOfEd/boe-sol-5-6-tac-sast-dast-2026-09-27.md","","36","","confirmed","Profile API reflects arbitrary CORS origins","d95fa5b3a61e66d6e5ff7bea9b6c11685887a09f66a348ffbf29d356f5d28653"
"export_dast","docs/results/BankOfEd/boe-sol-5-6-tac-sast-dast-2026-09-27.md","","37","","confirmed","Profile API reflects arbitrary CORS origins","fcb6dd21080106034d7841ba6f74422107a295f6ca972e32872e0345c90e7429"
"export_dast","docs/results/BankOfEd/boe-sol-5-6-tac-sast-dast-2026-09-27.md","","38","","confirmed","Profile API reflects arbitrary CORS origins","6b0ae15ff11781bdfd6ee76d5928186d21f367907097bcbd0a9ab348f4dc69b5"
"export_dast","docs/results/BankOfEd/boe-sol-5-6-tac-sast-dast-2026-09-27.md","","39","","confirmed","Profile API reflects arbitrary CORS origins","d056d5d402b503deadd30409dc394fe04056c59a6535d38eb855856e73acc895"
"export_dast","docs/results/BankOfEd/boe-sol-5-6-tac-sast-dast-2026-09-27.md","","40","","confirmed","Profile API reflects arbitrary CORS origins","6fdb93c3184268ba3602eebfc5c41bcae58634176c1a027bb5224a7007b2a124"
"export_dast","docs/results/BankOfEd/boe-sol-5-6-tac-sast-dast-2026-09-27.md","","41","","confirmed","Profile API reflects arbitrary CORS origins","390aefd0c2530a6fe34c557d49a4e0c873e95e0ec16cfcc3e6105bc4cfc78dce"
"export_dast","docs/results/BankOfEd/boe-sol-5-6-tac-sast-dast-2026-09-27.md","","42","","confirmed","Transaction API allows arbitrary CORS origins","940ec863c1e6803cfcbbec4ee3d57af107281cde2f437c9a0ae29ab8e56d52b4"
"export_dast","docs/results/BankOfEd/boe-sol-5-6-tac-sast-dast-2026-09-27.md","","43","","false_positive","Admin customer API reflects arbitrary CORS origins","f7bb1645e9765a5059d459f5ab11802eb05739e55390ff1d80cca427c24c899d"
"export_dast","docs/results/BankOfEd/boe-sol-5-6-tac-sast-dast-2026-09-27.md","","44","","false_positive","Profile API reflects arbitrary CORS origins","f866ef98f19230bdef4d02604541d4d9fc991018cc8062e89a24b57518ab7a43"
"export_dast","docs/results/BankOfEd/boe-sol-5-6-tac-sast-dast-2026-09-27.md","","45","","false_positive","Profile API reflects arbitrary CORS origins","6d6dc49a16b06eac5154eea4db9ce15002174b99cd5711bea34f28ed39de1431"
"export_dast","docs/results/BankOfEd/boe-sol-5-6-tac-sast-dast-2026-09-27.md","","46","","false_positive","Transaction API reflects arbitrary CORS origins","aed793bab0806adb26006edf2a99db5725c0e0e469cf8dc22e8a49ba2aa6fc25"
"export_dast","docs/results/BankOfEd/boe-sol-5-6-tac-sast-dast-2026-09-27.md","","47","","false_positive","Transaction API returns verbose database errors and stack traces","4bc6a4e31b37f1f5681dba8a8e6b49cb12632680c390595490e572f6a15ead0b"
"export_dast","docs/results/BankOfEd/boe-sol-5-6-tac-sast-dast-2026-09-27.md","","48","","skipped","Banking page lacks browser security headers","60f129988a0f8b6b47449c38cab5d3b8bcda346067a6bea103c8bfa6f29e0ddb"
"export_dast","docs/results/BankOfEd/boe-sol-5-6-tac-sast-dast-2026-09-27.md","","49","","skipped","Banking page lacks browser security headers","6baa5842a9c37bcae7b252493b22df65e97b1bd916a04d9022a2b017e919a94d"
"export_dast","docs/results/BankOfEd/boe-sol-5-6-tac-sast-dast-2026-09-27.md","","50","","skipped","Profile API reflects arbitrary CORS origins","2d6682def1a1d31e7477813749e5f53f6641d8b4c3d0095099ab096615bbd55f"
"export_dast","docs/results/BankOfEd/boe-sol-5-6-tac-sast-dast-2026-09-27.md","","51","","skipped","Server and runtime versions are disclosed","f2e352c29f952d488150055fc9cf8a46c4c712ebf93cab5558d414aae06579a9"
"export_dast","docs/results/BankOfEd/boe-sol-5-6-tac-sast-dast-2026-09-27.md","","52","","skipped","Server and runtime versions are disclosed","3da729c6b4b13948e606bf1af85619e8ff8928752676124445cb83537c958afd"
"export_dast","docs/results/BankOfEd/boe-sol-5-6-tac-sast-dast-2026-09-27.md","","53","","skipped","Server and runtime versions are disclosed","3dd164518e44ea6add30c70637fdcbcd783d926da1fb125be273626c4f1ca2b7"
"export_dast","docs/results/BankOfEd/boe-sol-5-6-tac-sast-dast-2026-09-27.md","","54","","skipped","Server and runtime versions are disclosed","5083706d1ec41b94158a6bad0a03ee02a8fe74e3117e06b80f40cc9959959c34"
"export_dast","docs/results/BankOfEd/boe-sol-5-6-tac-sast-dast-2026-09-27.md","","55","","skipped","Server and runtime versions are disclosed","671f103c8718b899ea90bccf82be15b07d6abcd21562aafc253ef790f4a13ece"
"export_dast","docs/results/BankOfEd/boe-sol-5-6-tac-sast-dast-2026-09-27.md","","56","","skipped","Server and runtime versions are disclosed","9f418b70c6ce41518c7e27c8ef15cc73a3d4483d0048613822e7ea3c3e057d80"
"export_dast","docs/results/BankOfEd/boe-sol-5-6-tac-sast-dast-2026-09-27.md","","57","","skipped","Server and runtime versions are disclosed","a46a3876cdd0e28c91f542e806db6bf59c04fb74bf2ac5e1f62fc703439af707"
"export_dast","docs/results/BankOfEd/boe-sol-5-6-tac-sast-dast-2026-09-27.md","","58","","skipped","Server and runtime versions are disclosed","e083b3bb030b5520578a26f9e95ccd676eb1e5351d1c532077fdf1b6a333d613"
"export_dast","docs/results/BankOfEd/boe-sol-5-6-tac-sast-dast-2026-09-27.md","","59","","skipped","Server and runtime versions are disclosed","adfb9e5fdce3bad730e7ac4b3087be5a1d9e8fae9c2af4e916bcc71929a8e337"
"export_dast","docs/results/BankOfEd/boe-sonnet-5-dast-quick-2026-07-14.md","","1","","confirmed","Default Admin Credentials (admin/admin123) Grant Full Admin Panel Access","b5cf3027eeb9f8aef07285f500e1e8e58f9978a80538888e70c528ad27bb0a9b"
"export_dast","docs/results/BankOfEd/boe-sonnet-5-dast-quick-2026-07-14.md","","2","","confirmed","Full Authentication Bypass via Forged JWT Using Leaked Signing Secret - Confirmed Cross-Account Takeover","472c4d6748b8eb12f2d73c1c8879eaa55f09733a84ba4718f557ca52e06d9724"
"export_dast","docs/results/BankOfEd/boe-sonnet-5-dast-quick-2026-07-14.md","","3","","confirmed","JWT Signing Secret and Database Credentials Exposed via Unauthenticated /api/health Endpoint","7aa91f44a4c2c652bad694fade49e9ea768141ff2c41259d47bd048b69197d29"
"export_dast","docs/results/BankOfEd/boe-sonnet-5-dast-quick-2026-07-14.md","","4","","confirmed","SQL Injection via 'search' Parameter on /api/admin/customers (Unparameterized PDO Query, Full Error Disclosure)","be4aea1cf3c09f9aabcc36c56f7b1b48d9ddb280546e9aaf18cad93999dbe853"
"export_dast","docs/results/BankOfEd/boe-sonnet-5-dast-quick-2026-07-14.md","","5","","confirmed","Business Logic Bypass - TOTP Step-Up Requirement for External Transfers Not Enforced Server-Side","afd4aa934a2f359fdd0bdba117fad9709e353bb853f2d5ad7ff0e1083bcd90ee"
"export_dast","docs/results/BankOfEd/boe-sonnet-5-dast-quick-2026-07-14.md","","6","","confirmed","Missing Insufficient-Funds Check on External Transfers Allows Overdrafting Transaction Accounts","926b47cd4529ceacede7204ca46aff98a2bf465b796cb3761856d1569a253dd9"
"export_dast","docs/results/BankOfEd/boe-sonnet-5-dast-quick-2026-07-14.md","","7","","confirmed","SSRF via Avatar Import URL (/api/profile/avatar) - Internal Loopback and Arbitrary External Fetch Confirmed","acf7dbdd0360c483be75655ca4f7f4cfcac5fe1e63b1da48af858d94f95ca5ce"
"export_dast","docs/results/BankOfEd/boe-sonnet-5-dast-quick-2026-07-14.md","","8","","confirmed","Stored XSS via Unsanitized Transfer 'description' Field Rendered in Dashboard Recent Activity","25ac6729c140fcac875417b35c8815aa1309dda04ad3a44391a82e08663a9dfe"
"export_dast","docs/results/BankOfEd/boe-sonnet-5-dast-quick-2026-07-14.md","","9","","confirmed","Stored XSS via unsanitized transfer 'description' field rendered through innerHTML on Dashboard/Account pages","34b22911172316664035fd0b73c3e7cc30f8610880f543e9d62240b6cc69c2d2"
"export_dast","docs/results/BankOfEd/boe-sonnet-5-dast-quick-2026-07-14.md","","10","","confirmed","Password Hash and TOTP Secret Fields Exposed in Registration API Response","5bcccf9047ec61609184adde1ff515ae6d414065d816f614b9816f2231968f10"
"export_dast","docs/results/BankOfEd/boe-sonnet-5-dast-quick-2026-07-14.md","","11","","confirmed","Sensitive data exposed in API response","8072f952057616759f671f151cd40f7fe71015ff1a51e039d184b8f0232cf0b8"
"export_dast","docs/results/BankOfEd/boe-sonnet-5-dast-quick-2026-07-14.md","","12","","confirmed","Sensitive data exposed in API response","28945e552e892ac13b02972ce091f72a7212b69811a2fc0b3d0df66e3e33dc4a"
"export_dast","docs/results/BankOfEd/boe-sonnet-5-dast-quick-2026-07-14.md","","13","","confirmed","Sensitive data exposed in API response","288e9ffcf97d5a9f8abf472ed6511f5a662e3a01924dd3b27e8cb67aaa8b206a"
"export_dast","docs/results/BankOfEd/boe-sonnet-5-dast-quick-2026-07-14.md","","14","","confirmed","Unauthenticated access to protected endpoint","3387395ac9faa5353566f7bb4e78ffd9e71712cc02ed8d3178a4bae543a4d229"
"export_dast","docs/results/BankOfEd/boe-sonnet-5-dast-quick-2026-07-14.md","","15","","confirmed","Unauthenticated access to protected endpoint","025821b6548877ba8b3bc752be69bbfe5efbd50c046b7b49991ca57077ca3441"
"export_dast","docs/results/BankOfEd/boe-sonnet-5-dast-quick-2026-07-14.md","","16","","confirmed","Unauthenticated access to protected endpoint","9de84ed2015f5f8a7bbc79aa7496726863679a50d16acac969372db47627e77a"
"export_dast","docs/results/BankOfEd/boe-sonnet-5-dast-quick-2026-07-14.md","","17","","confirmed","Unauthenticated access to protected endpoint","35f3e2990741b28a0c05a1de731de5deb5b3fa826c245ba3a58c58aeba4940b7"
"export_dast","docs/results/BankOfEd/boe-sonnet-5-dast-quick-2026-07-14.md","","18","","confirmed","Unauthenticated access to protected endpoint","3ff76b198430a3ad142e50f0bdd69f88d8ff84cc88f6e85b36db49632e7e9e3d"
"export_dast","docs/results/BankOfEd/boe-sonnet-5-dast-quick-2026-07-14.md","","19","","confirmed","Unauthenticated access to protected endpoint","4c9e4cdd387dec5b171659f8af96cab6a886329a8fb60b457dcf9ba7306c97e4"
"export_dast","docs/results/BankOfEd/boe-sonnet-5-dast-quick-2026-07-14.md","","20","","confirmed","Unauthenticated access to protected endpoint","db5833aaa720a761d3509026ec504736a346e28738e58f76a0c08e084cbc9677"
"export_dast","docs/results/BankOfEd/boe-sonnet-5-dast-quick-2026-07-14.md","","21","","confirmed","Unauthenticated access to protected endpoint","57f8d45f0818792242dcd4517f14aae2135d5dde39a3296cf76ac57cfc38b02c"
"export_dast","docs/results/BankOfEd/boe-sonnet-5-dast-quick-2026-07-14.md","","22","","confirmed","Unauthenticated access to protected endpoint","09992b09c7050a72936cd0164ee153f690b8633b3c87aa125ae253a08ad02457"
"export_dast","docs/results/BankOfEd/boe-sonnet-5-dast-quick-2026-07-14.md","","23","","confirmed","Unauthenticated access to protected endpoint","c6925538ccc3bb6f0a4c569bd3ef66978dceac5793df4de9cc97ec5e270b954f"
"export_dast","docs/results/BankOfEd/boe-sonnet-5-dast-quick-2026-07-14.md","","24","","confirmed","Weak Password Policy - Single-Character Passwords Accepted, Unsalted MD5 Password Hashing","43c0e25855bcc98b4f79bf28b9bff78f86d90bcb03fb28779ae3104f65237ff9"
"export_dast","docs/results/BankOfEd/boe-sonnet-5-dast-quick-2026-07-14.md","","25","","confirmed","CORS Misconfiguration - Arbitrary Origin Reflected with Access-Control-Allow-Credentials: true","ac65ae40e7251e562771628bda540b4f6af19c3b4f760fd93c22a5a7af592eb9"
"export_dast","docs/results/BankOfEd/boe-sonnet-5-dast-quick-2026-07-14.md","","26","","confirmed","Missing Content-Security-Policy and Strict-Transport-Security Headers","b0a020b97f751db77ed802a8dc9770fe0ac6b34fbc069d5d16417189658aca98"
"export_dast","docs/results/BankOfEd/boe-sonnet-5-dast-quick-2026-07-14.md","","27","","confirmed","Missing Rate-Limiting on Login Endpoint Enables Brute-Force Attacks","0b9f54c7167359619797ea6e7b523587e40c3e3a671758e04fd1d54d2616283e"
"export_dast","docs/results/BankOfEd/boe-sonnet-5-dast-quick-2026-07-14.md","","28","","confirmed","User Enumeration via Distinct Login Error Codes","de5b4c8f443f5c74d423df903c0f275533066c9b2d9c46703d54723466d0f332"
"export_dast","docs/results/BankOfEd/boe-sonnet-5-dast-quick-2026-07-14.md","","29","","unvalidated","Static JavaScript Assets Served Without Authentication (Auth-Matrix Noise Finding)","ed6ee7ab70090729ab611e49b22ad99f48d624d862ef846dbdb20162f78d2671"
"export_dast","docs/results/aespa-boe-2026-06-01.md","","1","","confirmed","JWT Signing Secret and Database Credentials Exposed via Unauthenticated /api/health Endpoint","ef01f53b015cbc459d81a3fe46b6a6948ab99f0008854b20323d8e34abb13e22"
"export_dast","docs/results/aespa-boe-2026-06-01.md","","2","","confirmed","Unenforced Business Logic on Admin Balance Endpoint Permits Arbitrary Account Manipulation","fd447d3a967b238621c825a4a969e84b9826cdda882f5fb220a7e08439b6e6d3"
"export_dast","docs/results/aespa-boe-2026-06-01.md","","3","","validating","Insecure Direct Object Reference on GET /api/transactions/:id Exposes Any Customer's Transaction","406b5f39383ff7e00726805bcaca7f6280f54f479a6dd24402e8621a57040b41"
"export_dast","docs/results/aespa-boe-2026-06-01.md","","4","","validating","Insecure Direct Object Reference on GET /api/transactions/:id Exposes Any Customer's Transaction","ce4fb693954e0a0d4f6ddce3e7293ccb0aa2bae639b795266a0d510d256ff988"
"export_dast","docs/results/aespa-boe-2026-06-01.md","","5","","validating","SSRF with Local File Read via file:// Protocol on Avatar URL Fetch Endpoint","8ebbea3908aeeb45fff6ef6da6a1082281ccdcce60bcbcfee7a88d3754bdb77d"
"export_dast","docs/results/aespa-boe-2026-06-01.md","","6","","validating","Unauthenticated Access to Admin Panel and Admin APIs","4785ed625bfcce2597f948795c2e5493964d8a7daa477595d0358dfbf3f3e7c7"
"export_dast","docs/results/aespa-boe-2026-06-01.md","","7","","validating","Unauthenticated Access to Admin Panel and Admin APIs","992ac72f878df7c29761f341951978bb3587cb23814c08634a01992ab2ac9dec"
"export_dast","docs/results/aespa-boe-2026-06-01.md","","8","","validating","Unauthenticated Access to Admin Panel and Admin APIs","2178dee8249a599bc61eac1cb6a148445779fa745233de509c9e531df27e9b97"
"export_dast","docs/results/aespa-boe-2026-06-01.md","","9","","validating","Unauthenticated Access to Admin Panel and Admin APIs","ce1788f3356b7c27111a1a82a09e10cad4727879d90a18535023007d218a0242"
"export_dast","docs/results/aespa-boe-2026-06-01.md","","10","","validating","Unrestricted Loan Account Drawdown via Transfer Endpoints","ea2c48e9e49380be51ee6a63ee6ee5dffda09f84256b37b8461ab0b06a4797a5"
"export_dast","docs/results/aespa-boe-2026-06-01.md","","11","","unvalidated","Account Takeover via Unverified Email Change on Profile Update Endpoint","8ebd5ffde7e71da2fb83ce11570ebd57c6a6c7b009700b12f6974e699e64aa46"
"export_dast","docs/results/aespa-boe-2026-06-01.md","","12","","unvalidated","Default Admin Credentials Enable Full Administrative Compromise","8eb884731d7b2b2739a8711720c4fe2298cb49d84a520dd2d0f6861bc6fcd314"
"export_dast","docs/results/aespa-boe-2026-06-01.md","","13","","unvalidated","Default Weak Credentials Grant Full Administrative Access via /api/admin/auth/login","d86b9280c1751bd8cf1ea93d2a9d8149b7f84cd16af753aa115132dfddf6056a"
"export_dast","docs/results/aespa-boe-2026-06-01.md","","14","","unvalidated","TOTP Bypass on External Transfers via Direct API Call to /api/transfers/external","d56efa7bf37bb8a24b6c7c5c5d7d71303e66eeb10d3677bcfcd81f59bd42ba58"
"export_dast","docs/results/aespa-boe-2026-06-01.md","","15","","unvalidated","Unauthenticated Loan Self-Approval Allows Customers to Instantly Credit Arbitrary Funds","6017747ed42dd7fd1737cf400f65820e7f478880f33ca18f4b17e8ed002556b7"
"export_dast","docs/results/aespa-boe-2026-06-01.md","","16","","unvalidated","Universal Default Password 'password' Across All Seeded Customer Accounts","dc662d9e553426476a2f6113b751da101b889e3b0b01275cd48a7893860d0a28"
"export_dast","docs/results/aespa-boe-2026-06-01.md","","17","","unconfirmed","Admin API Permits Silent, Arbitrary Password Reset for Any Customer Account","a18a8021ec083d000ceee7532a2e1ece63ae49737e051b78ff271ea0617a2914"
"export_dast","docs/results/aespa-boe-2026-06-01.md","","18","","unconfirmed","Missing Ownership Validation on POST /api/transfers/external Allows Unauthorized Transfers and Arbitrary Money Creation","65d2a320173bf09e4ec8ff8b25dcf4f8f3df97bc2d2fdbf887ab6455734fe84f"
"export_dast","docs/results/aespa-boe-2026-06-01.md","","19","","confirmed","No Rate Limiting or Brute-Force Protection on Login Endpoint","8aa06c694fdc7eaa387cfcb1c0918d9ee3fbd6c2d836a37b23fcd16409a60aac"
"export_dast","docs/results/aespa-boe-2026-06-01.md","","20","","confirmed","SQL Injection in Admin Customer Search Endpoint","b0336856c8cbcfd73288e7cd32c1d7f9299ac744a5f6f28fb96f7584f44b3f11"
"export_dast","docs/results/aespa-boe-2026-06-01.md","","21","","confirmed","Stored XSS in Banking Dashboard via Unsanitised Transaction Description","9c853d8af69da4c3d8ff32fbb81818e09361ca8322ba219d9010630994b34f84"
"export_dast","docs/results/aespa-boe-2026-06-01.md","","22","","confirmed","Unauthorized role access to admin endpoint","9d73b886bbe432027c4466c0c2e1f901487401487c43f02da5ad7fc52ca022ef"
"export_dast","docs/results/aespa-boe-2026-06-01.md","","23","","confirmed","Unauthorized role access to admin endpoint","5f1eebe0a7065785fd164fcb3ff854320b75e9a6f64c9ebda901b4cd3e0f620e"
"export_dast","docs/results/aespa-boe-2026-06-01.md","","24","","confirmed","Unauthorized role access to admin endpoint","9db752fffba60d332bf81136dd8ea0b81396b2b3522fd03164ff96e31e73e1fd"
"export_dast","docs/results/aespa-boe-2026-06-01.md","","25","","confirmed","Unauthorized role access to admin endpoint","2105a6d70f04d657c7263c43cbe4dabbc4470e913409991a8841e5f350592269"
"export_dast","docs/results/aespa-boe-2026-06-01.md","","26","","confirmed","Unauthorized role access to admin endpoint","887c0842b3002377a6ec6a20d93f579510a105840358aaa93e54e97a7a018372"
"export_dast","docs/results/aespa-boe-2026-06-01.md","","27","","confirmed","Unauthorized role access to admin endpoint","832e8956fa12c790280d74a1a17ce5cc6836e7155a84a4d29c98a49813551729"
"export_dast","docs/results/aespa-boe-2026-06-01.md","","28","","confirmed","Unauthorized role access to admin endpoint","e0cddfecaee5b44183106b3ec50b0b267d28d1b549fd59b1eae0ba0ecd51b284"
"export_dast","docs/results/aespa-boe-2026-06-01.md","","29","","confirmed","Unauthorized role access to admin endpoint","215ac7a8cb1d012efd70f31249cc6834f4d5789aae8a18f1ee597d46efaea5d5"
"export_dast","docs/results/aespa-boe-2026-06-01.md","","30","","confirmed","Unrestricted Admin Control of FX Exchange Rates Enables Arbitrary Fund Creation","d9bcb13b163bce38fefed0acaa3089324842cd5c28473e43769b6bae725b3dbf"
"export_dast","docs/results/aespa-boe-2026-06-01.md","","31","","validating","API Responses Leak password_hash and totp_secret to Authenticated Clients","14c697962a77bbfbef51c522380e2521f426dc91ac07e42234dd2b651df59781"
"export_dast","docs/results/aespa-boe-2026-06-01.md","","32","","validating","Application Served Over Plain HTTP - No HTTPS Enforced","af13fa73b9bbe3e02b1a19322048f70517e90cbd8a9281653ad7a2652a655fa9"
"export_dast","docs/results/aespa-boe-2026-06-01.md","","33","","validating","Broken Function Level Authorization: Admin Can Reset Any Customer Password Without Re-Authentication","722818472b08a60a934dfc915e7214185f92e272723711f100c01df97c774e38"
"export_dast","docs/results/aespa-boe-2026-06-01.md","","34","","validating","Insecure Direct Object Reference on GET /api/transactions/:id Exposes Any Customer's Transaction","c6472f253073fbb4afb4af6ae6203e9610bd75bccb37480da084663490e1e252"
"export_dast","docs/results/aespa-boe-2026-06-01.md","","35","","validating","Insecure Direct Object Reference on GET /api/transactions/:id Exposes Any Customer's Transaction","14c32d1a9b79be85220b47fd7467f3f2fed286805dca034356f9f3134ed25c6e"
"export_dast","docs/results/aespa-boe-2026-06-01.md","","36","","validating","Insecure Direct Object Reference on GET /api/transactions/:id Exposes Any Customer's Transaction","017866b0c12f2d469ba3595808ad7f9fa6698ce812fe0bd1ed876db5c6f97e40"
"export_dast","docs/results/aespa-boe-2026-06-01.md","","37","","validating","Insecure Direct Object Reference on GET /api/transactions/:id Exposes Any Customer's Transaction","19f243d059a88ce63192780a9cd489541eecf32c14195823288602f48ba4fb64"
"export_dast","docs/results/aespa-boe-2026-06-01.md","","38","","validating","Login API Response Leaks bcrypt Password Hash and TOTP Secret Field","7d2227c35a349f253de83dd5038788223d472805c039cf6cdc9ffd4b2bf59013"
"export_dast","docs/results/aespa-boe-2026-06-01.md","","39","","validating","Login API Response Leaks bcrypt Password Hash and TOTP Secret Field","6d5d90810d7271e126c21896e0d45e157b706a91529e2292d73792563df4d76c"
"export_dast","docs/results/aespa-boe-2026-06-01.md","","40","","validating","No Rate Limiting or Brute-Force Protection on Admin Login Endpoint","59818345a0de2b2d401291bd97e4970a829f47a4b36d4d667cf2c682d979e0b3"
"export_dast","docs/results/aespa-boe-2026-06-01.md","","41","","validating","Stored XSS via Profile Update - Unsanitised HTML Persisted in Customer Name Fields","3b1a9b095b96ec0c1a9efd9b493f867cf4e483f45e9a3d80afdb1a8d91322b7e"
"export_dast","docs/results/aespa-boe-2026-06-01.md","","42","","validating","Stored XSS via Profile Update - Unsanitised HTML Persisted in Customer Name Fields","852a2a03e3642a833edd618b8109516c7325906615511bc96bcbf7b2ba3bc56b"
"export_dast","docs/results/aespa-boe-2026-06-01.md","","43","","validating","Stored XSS via Profile Update - Unsanitised HTML Persisted in Customer Name Fields","3c3fe0525cc72e05ba880a4dcb5ea9d1349ef775ec0d892b1c4e7ea8e40bd34e"
"export_dast","docs/results/aespa-boe-2026-06-01.md","","44","","validating","Unauthenticated Access to Admin Panel and Admin APIs","56de041eaeea6481c8f586a9774f9842f848f567f831efbc4495147599ba531f"
"export_dast","docs/results/aespa-boe-2026-06-01.md","","45","","unvalidated","API Responses Leak password_hash and totp_secret to Authenticated Clients","1690fb30064025513beb81117f18c6772be787100c6dbcf4f11e631d5e56e487"
"export_dast","docs/results/aespa-boe-2026-06-01.md","","46","","unvalidated","CORS Misconfiguration - Arbitrary Origin Reflected with Credentials Allowed","1bc535e8ecadd8f08e7a9b865cf04db28d941412dead241d9d8c8e39ed3e034d"
"export_dast","docs/results/aespa-boe-2026-06-01.md","","47","","unvalidated","Insecure Direct Object Reference on GET /api/transactions/:id Exposes Any Customer's Transaction","8799a96bba96354953ec32d51cd857ec93bea08e4340662cfab9676729c11f1a"
"export_dast","docs/results/aespa-boe-2026-06-01.md","","48","","unvalidated","Login API Response Leaks bcrypt Password Hash and TOTP Secret Field","2e17e55cd0da71f31a69e341683d1ec05dcb31304fd0cd02f051e695e7bb80c1"
"export_dast","docs/results/aespa-boe-2026-06-01.md","","49","","unvalidated","No Rate Limiting or Brute-Force Protection on Admin Login Endpoint","b2cbfb441d9f6d9c31543d4e33af7b5e8219de9e13aa73ba0af420b6554a940e"
"export_dast","docs/results/aespa-boe-2026-06-01.md","","50","","unvalidated","Registration Endpoint Hashes Passwords with Unsalted MD5, Hash Exposed in API Response","cbd5278cad289080cd512e7d5d71a98cfe826e86f6ee1c9b3b5651b0212972db"
"export_dast","docs/results/aespa-boe-2026-06-01.md","","51","","unvalidated","SQL Injection in Admin Customer Search Parameter","638c902cac29b6d3ef8ef90c70e8c006689a1dc317398fc6dd37ea8e7944f8ca"
"export_dast","docs/results/aespa-boe-2026-06-01.md","","52","","unvalidated","Unrestricted Loan Account Drawdown via Transfer Endpoints","cafba0783043bab0d3d76a883c43f379d5e13353d4c04e8863dfb0c911debb50"
"export_dast","docs/results/aespa-boe-2026-06-01.md","","53","","confirmed","Sensitive data exposed in API response","646308f382441e20ef227de3b4c0c8911a47d690373436a1c13b53df2f9f7ceb"
"export_dast","docs/results/aespa-boe-2026-06-01.md","","54","","confirmed","Sensitive data exposed in API response","81fe3cf8b0251f41d246e455f8a0d41f92b9c67251bf2c8df43a49565df275a3"
"export_dast","docs/results/aespa-boe-2026-06-01.md","","55","","confirmed","Sensitive data exposed in API response","51c7f64f73593f56f90bc2caaafebd6f6feb26f87f141404e231cf16e4dadd70"
"export_dast","docs/results/aespa-boe-2026-06-01.md","","56","","confirmed","Sensitive data exposed in API response","396eb09e1722f2f5ae147cc3ad30fedeb5b2a57500451202303f778d92af141d"
"export_dast","docs/results/aespa-boe-2026-06-01.md","","57","","confirmed","Sensitive data exposed in API response","93c9fc1fbc3935ba3283cc07040a3f465305debe779d5c990424bcb1e4e8454f"
"export_dast","docs/results/aespa-boe-2026-06-01.md","","58","","confirmed","Sensitive data exposed in API response","6a1e2aa873e11cecc3eedfc24345506b28fd5c5f077ef4c3a1c2c746850c95f2"
"export_dast","docs/results/aespa-boe-2026-06-01.md","","59","","confirmed","Unauthenticated access to protected endpoint","d37f920b0e49a61c3e22f8eddf4d9936bf659076908c8b72152dad7b41661fd0"
"export_dast","docs/results/aespa-boe-2026-06-01.md","","60","","confirmed","Unauthenticated access to protected endpoint","bb50cd146d2143b7757d53a8c8610f57ceff70a5477acf654fe64e110f61784c"
"export_dast","docs/results/aespa-boe-2026-06-01.md","","61","","confirmed","Unauthenticated access to protected endpoint","49426e5341a46d3e940cf3af27dcc571b239f2cd0b91304e94f82872748b2066"
"export_dast","docs/results/aespa-boe-2026-06-01.md","","62","","confirmed","Unauthenticated access to protected endpoint","62044385107b74b64a6c48131ded614fe0c6b2ab969baf9f7acb38cce8c2469e"
"export_dast","docs/results/aespa-boe-2026-06-01.md","","63","","confirmed","Unauthenticated access to protected endpoint","51e5de7095e794b759665061936abcadcd48b03c6d5bbbc23c648f0353301d9e"
"export_dast","docs/results/aespa-boe-2026-06-01.md","","64","","confirmed","Unauthenticated access to protected endpoint","6535e05b232e58eec2ac855dbb074b81c28e08658ff15566050df0cb5373cb32"
"export_dast","docs/results/aespa-boe-2026-06-01.md","","65","","confirmed","Unauthenticated access to protected endpoint","8107ff4d363c62d88361cb804132d15695542b774fe85d62b7ba0f113cbadff5"
"export_dast","docs/results/aespa-boe-2026-06-01.md","","66","","confirmed","Unauthenticated access to protected endpoint","80cf1972981552975555d148f9fa7509bbd11e2c73ad88d9dd2cf3d3c54193db"
"export_dast","docs/results/aespa-boe-2026-06-01.md","","67","","confirmed","Unauthenticated access to protected endpoint","a4cfa809a721f4c090b30fd127bc36893917b881fa07ee0bd5f755b9dc5201a9"
"export_dast","docs/results/aespa-boe-2026-06-01.md","","68","","confirmed","Unauthenticated access to protected endpoint","1f6d865a713b1f37d76fbfa1fa6681fd8f6efabdbee4da0bcf29314a20170f34"
"export_dast","docs/results/aespa-boe-2026-06-01.md","","69","","confirmed","Unauthenticated access to protected endpoint","f5cf68467911af1e98d900c460959190cda67c5fbd0027d3c20cf0a51cc62961"
"export_dast","docs/results/aespa-boe-2026-06-01.md","","70","","validating","No Password Complexity Enforcement at Registration","75ea7b3d18f321493020388e6ab053b9b224f8f1d0d54152c6f3a4ba1f12feca"
"export_dast","docs/results/aespa-boe-2026-06-01.md","","71","","validating","Verbose Internal Error Disclosure in Admin API Responses","069d19d2b6e6ea7340a30bcc75823760b59f4a47027bd4133115198218bd2090"
"export_dast","docs/results/aespa-boe-2026-06-01.md","","72","","unvalidated","Missing Content-Security-Policy and HSTS Headers on Admin Panel","28b2abc71ad44ff045a98c7ab5c3fe9bd3d61e4940fc1e0c5ea3be8c0b7efd27"
"export_dast","docs/results/aespa-boe-2026-06-01.md","","73","","unvalidated","Stored XSS via Address Book Nickname and Payee Name Fields","5adddf5f71bb8f82efdfe380598ecf7a0e23c4d42b39a8cc3fdb014a1aa5c744"
"export_dast","docs/results/aespa-boe-2026-06-01.md","","74","","unvalidated","Stored XSS via Profile Update - Unsanitised HTML Persisted in Customer Name Fields","aef057b214de22e04c59f7b39ab3d702b66a480e2d82230a39627642f5a0e8fc"
"export_dast","docs/results/aespa-boe-2026-06-01.md","","75","","validating","CORS Arbitrary Origin Reflection with Credentials Enabled on Admin API","7c11828118ca23f8d24de16aae7ffe328320bbee9225d7669e6ef67b51df871e"
"export_dast","docs/results/aespa-boe-2026-06-01.md","","76","","validating","CORS Arbitrary Origin Reflection with Credentials Enabled on Admin API","cbcf7558813a5a485ffcb8414ccf8a654c93b91cbbf4fdff0e3261e7757c8cac"
"export_dast","docs/results/aespa-boe-2026-06-01.md","","77","","validating","CORS Arbitrary Origin Reflection with Credentials Enabled on Admin API","32f58b5d87ac8a3defdaf4b98a352febee621349824aeb834419280c35e6d390"
"export_dast","docs/results/aespa-boe-2026-06-01.md","","78","","validating","CORS Arbitrary Origin Reflection with Credentials Enabled on Admin API","7580b29a23992727a6592f7e0ba674392a0f9df41c685879a92b4997b4436356"
"export_dast","docs/results/aespa-boe-2026-06-01.md","","79","","validating","CORS Arbitrary Origin Reflection with Credentials Enabled on Admin API","2bcb9c72370d66f890967c29dc73b8299e892732846ab67f09319524db778a7f"
"export_dast","docs/results/aespa-boe-2026-06-01.md","","80","","validating","CORS Arbitrary Origin Reflection with Credentials Enabled on Admin API","79d27f5632c1bcc9e9332a730471b89bc5be40db97073817c754c737e99adfa0"
"export_dast","docs/results/aespa-boe-2026-06-01.md","","81","","validating","CORS Arbitrary Origin Reflection with Credentials Enabled on Admin API","9fd54a2a1e72b806eb4dde0fd7ef5e70eeb97742ab4e9a85a22dd88f31f3cbec"
"export_dast","docs/results/aespa-boe-2026-06-01.md","","82","","validating","CORS Arbitrary Origin Reflection with Credentials Enabled on Admin API","97fc78fe1a7fee65d4ef27de74211578cf944de275ad86f9b9e342a23d76f6c7"
"export_dast","docs/results/aespa-boe-2026-06-01.md","","83","","validating","CORS Arbitrary Origin Reflection with Credentials Enabled on Admin API","cd8498c7fbf5e4e1db6c34cf8929f81d0ac7fb7d5fc8216b3fb17103e087f22f"
"export_dast","docs/results/aespa-boe-2026-06-01.md","","84","","validating","Insecure Direct Object Reference on GET /api/transactions/:id Exposes Any Customer's Transaction","77a807b2bb4fa38cfa1c20d362a96e6ed2d48b4db40f603c8cba124cfd47067d"
"export_dast","docs/results/aespa-boe-2026-06-01.md","","85","","validating","User Enumeration via Distinct Login Error Message","49af403eadba763beedbf934d2107dd14445920b627ede21af7d716bb8747b87"
"export_dast","docs/results/aespa-boe-2026-06-01.md","","86","","validating","User Enumeration via Distinct Login Error Message","837f4b71f6f8cfd1ea82cf02019dd2e443c39ceaad85438d9020b64ae65ec7ae"
"export_dast","docs/results/aespa-boe-2026-06-01.md","","87","","validating","User Enumeration via Distinct Login Error Message","448581e3c29629c85566d276c25df901e60433e19dfec88a89fe2a765290569e"
"export_dast","docs/results/aespa-boe-2026-06-01.md","","88","","validating","User Input Reflected Unsanitised in API Error Message","4c2dad38391ad9b5c992ee671a04c91216fa258e17a06f4180bb73d8d0786db5"
"export_dast","docs/results/aespa-boe-2026-06-01.md","","89","","validating","Verbose Internal Error Disclosure in Admin API Responses","087373d25cb706a8eed9e1fc229d857df0d3d02975044d9b134262828880ddc7"
"export_dast","docs/results/aespa-boe-2026-06-01.md","","90","","validating","Verbose Internal Error Disclosure in Admin API Responses","0711f095bac63649bdd05f9d5b083ffd0982aca274100397ecd0e7dd92d07971"
"export_dast","docs/results/aespa-boe-2026-06-01.md","","91","","unvalidated","CORS Arbitrary Origin Reflection with Credentials Enabled on Admin API","aca088f08309ebe5b74e1cc7eb2ba8d0f8c06a20f40320759858ff4c2b866c11"
"export_dast","docs/results/aespa-boe-2026-06-01.md","","92","","unvalidated","Verbose Internal Error Disclosure in Admin API Responses","6820f768d2d4b80d299a6f3a4b3580c4c532d69353753c0fe4e09206ce7530ad"
"export_dast","docs/results/aespa-boe-2026-06-01.md","","93","","validating","Apache Version Disclosed in Server Response Header","e7351bea56cfadecbe218e3d33edf5a9bc0dc6198007fbd9f0ba7d965977fd0c"
"export_dast","docs/results/aespa-boe-2026-06-01.md","","94","","validating","Server and PHP Version Disclosed in Response Headers and Body","d06d3be19450aa444336b373686d6487e4eda94a2271551ce11e9ed842db1755"
"export_dast","docs/results/aespa-boe-2026-06-01.md","","95","","validating","Server and PHP Version Disclosed in Response Headers and Body","926484d9fe8444e6d26fd33530007580543f1ccbb19dc4e6cbb023179c86a9cb"
"export_dast","docs/results/aespa-boe-2026-06-01.md","","96","","unvalidated","Potential stored XSS sink identified in JS source: .innerHTML","eb4c0eeb739e9532a114b2ac392be87c19838dff19dad5a0c45026deccf659ec"
"export_dast","docs/results/aespa-boe-2026-06-01.md","","97","","unvalidated","Potential stored XSS sink identified in JS source: .innerHTML","b96c7cd281952b70b69fed4023a7953dc1b18ddd7ec9c800fe5619dd0adab4f9"
"export_dast","docs/results/aespa-boe-2026-06-01.md","","98","","unvalidated","Potential stored XSS sink identified in JS source: .innerHTML","79453012a38ca14b57beafcce50d7814bf6b1392ab9b94da39509ef8dc9cd229"
"export_dast","docs/results/aespa-boe-2026-06-01.md","","99","","unvalidated","Potential stored XSS sink identified in JS source: .innerHTML","ab84465f2f452b02c28180e9b4dac3dcea0e2bf430ac63d0b33e1cb8ec97061f"
"export_dast","docs/results/aespa-boe-2026-06-01.md","","100","","unvalidated","Potential stored XSS sink identified in JS source: .innerHTML","eb4c0eeb739e9532a114b2ac392be87c19838dff19dad5a0c45026deccf659ec"
"export_dast","docs/results/aespa-boe-2026-06-01.md","","101","","unvalidated","Potential stored XSS sink identified in JS source: .innerHTML","b96c7cd281952b70b69fed4023a7953dc1b18ddd7ec9c800fe5619dd0adab4f9"
"export_dast","docs/results/aespa-boe-2026-06-01.md","","102","","unvalidated","Potential stored XSS sink identified in JS source: .innerHTML","79453012a38ca14b57beafcce50d7814bf6b1392ab9b94da39509ef8dc9cd229"
"export_dast","docs/results/aespa-boe-2026-06-01.md","","103","","unvalidated","Potential stored XSS sink identified in JS source: .innerHTML","ab84465f2f452b02c28180e9b4dac3dcea0e2bf430ac63d0b33e1cb8ec97061f"
"export_dast","docs/results/aespa-boe-2026-06-01.md","","104","","low_confidence","Potential stored XSS sink identified in JS source: .innerHTML","710556349f0940df85e2d91509bf15bacb6b2069fbbc5a649708c02bfebdad94"
"export_dast","docs/results/aespa-boe-2026-06-01.md","","105","","low_confidence","Potential stored XSS sink identified in JS source: .innerHTML","c37f0e495da3154e22c6562f1fbefe243a33d32c01119458a7fd3034babb71df"
"export_dast","docs/results/aespa-boe-2026-06-01.md","","106","","low_confidence","Potential stored XSS sink identified in JS source: .innerHTML","da199ee53c979868776e37aa80517755fb14c1037a9d053d4095633715ef6012"
"export_dast","docs/results/aespa-boe-2026-06-01.md","","107","","low_confidence","Potential stored XSS sink identified in JS source: .innerHTML","30707290a34455be49ba2f87ae02b3314db5b9d829cd77377989eefd47e4432e"
"export_dast","docs/results/aespa-boe-2026-06-01.md","","108","","low_confidence","Potential stored XSS sink identified in JS source: .innerHTML","f52d09a2c19e628df9451ea03f7e064c1ef2dafcf27a138a6024f6652b46f54e"
"export_dast","docs/results/aespa-boe-2026-06-01.md","","109","","low_confidence","Potential stored XSS sink identified in JS source: .innerHTML","e067d9c94881e5938f78ba553e1a5be4b57da1db5dc66e59930fe58ed1ebb621"
"export_dast","docs/results/aespa-boe-2026-06-01.md","","110","","low_confidence","Potential stored XSS sink identified in JS source: .innerHTML","6876725cb340384e2a9cbf4adb9b93cffb6c72424ab9b2929dc5e3e93ca57217"
"export_dast","docs/results/aespa-boe-2026-06-01.md","","111","","low_confidence","Potential stored XSS sink identified in JS source: .innerHTML","adeeccd01fb3cc24ba10eea0359a7c1dcc00b58af9205dc774c1a75172ed598c"
"export_dast","docs/results/aespa-boe-2026-06-01.md","","112","","low_confidence","Potential stored XSS sink identified in JS source: .innerHTML","4926a93d665f54c83879aecad038d07bb78b6922b8c16f643cca87790865fe25"
"export_dast","docs/results/aespa-boe-2026-06-01.md","","113","","low_confidence","Potential stored XSS sink identified in JS source: .innerHTML","776f4c1fea5879c8dcac756fc1dd93a15066bf493769425264eccd14677e094f"
"export_dast","docs/results/aespa-boe-2026-06-01.md","","114","","low_confidence","Potential stored XSS sink identified in JS source: .innerHTML","b3ef60b53afa0f959627b0ee0e9d057baf0b2ef1edd813ee3f5ca616d1884c4f"
"export_dast","docs/results/aespa-boe-2026-06-01.md","","115","","low_confidence","Potential stored XSS sink identified in JS source: .innerHTML","3d9a5f9efe838594d8e4144a1c4cdd21bc29474728ccdbf676f6cca3dc93a2e4"
"export_dast","docs/results/aespa-boe-2026-06-01.md","","116","","low_confidence","Potential stored XSS sink identified in JS source: amount","342544ad34a8ced89b8f584d92e77b57b9bc35f239227d4ec46bcaf78c151a2e"
"export_dast","docs/results/aespa-boe-2026-06-01.md","","117","","low_confidence","Potential stored XSS sink identified in JS source: amount","c9867c38461512b90c3d5deaa7ddaf5165efd52732f0489ace7aaac789bc8da8"
"export_dast","docs/results/aespa-boe-2026-06-01.md","","118","","low_confidence","Potential stored XSS sink identified in JS source: amount","ebedcdc860a0146d941c5dae24759cdf256f015bff9f4c496e7bc2bdca58d178"
"export_dast","docs/results/aespa-boe-2026-06-01.md","","119","","low_confidence","Potential stored XSS sink identified in JS source: amount","e854db9acafc5bb5baaeaaaff2a4b6a7e6ac0fade65666d3cc59c2d7ce058d84"
"export_dast","docs/results/aespa-boe-2026-06-01.md","","120","","low_confidence","Potential stored XSS sink identified in JS source: converted_amount","95897cb56d16213bf529cfeb56cfc882a69c7db48a717cf2fe881bb0caac7ca2"
"export_dast","docs/results/aespa-boe-2026-06-01.md","","121","","low_confidence","Potential stored XSS sink identified in JS source: converted_amount","8bba8434ac7d70d8ba694aabe04618312506f22a938afcfaabcb4e08c1b1e338"
"export_dast","docs/results/aespa-boe-2026-06-01.md","","122","","low_confidence","Potential stored XSS sink identified in JS source: pagination","02fcd122467aa7769b2ab1e82f0311715bb045ee1828f38550d6b78dc11a502e"
"export_dast","docs/results/aespa-boe-2026-06-01.md","","123","","low_confidence","Potential stored XSS sink identified in JS source: pagination","4514c7fdc4abb22246af674fa741f338fd10a191449833cfe64afd7c0a57b30a"
"export_dast","docs/results/aespa-boe-2026-06-01.md","","124","","low_confidence","Potential stored XSS sink identified in JS source: payee_name","c1dd43c5b85dcd8b33ed5cd7a5af73ebe21b9942c46e0bea97f5f32319486e30"
"export_dast","docs/results/aespa-boe-2026-06-01.md","","125","","low_confidence","Potential stored XSS sink identified in JS source: payee_name","0380346cad5d9798173c20e0e53afb47355889772734cadce53e0c5f4deaf2af"
"export_dast","docs/results/aespa-boe-2026-06-01.md","","126","","low_confidence","Potential stored XSS sink identified in JS source: perspective","840ab3c0a575c9fbc534d25af134ea351e4389dd9b0e59bf49219a4dda030094"
"export_dast","docs/results/aespa-boe-2026-06-01.md","","127","","low_confidence","Potential stored XSS sink identified in JS source: perspective","3ca738bd34ef90447b3cd7ad4b977d601378b2f7d2104e68f1daa01852f0f7ba"
"export_dast","docs/results/aespa-boe-2026-06-01.md","","128","","low_confidence","Potential stored XSS sink identified in JS source: rate","8b9abd219fdf94a64e8e4e05557a5d257e448d5a2fc1a4044e2c917e70d1c836"
"export_dast","docs/results/aespa-boe-2026-06-01.md","","129","","low_confidence","Potential stored XSS sink identified in JS source: rate","47f422ec19a0e477576c9ffabae70e5c211bebe091f53f1fc89d410a535e14da"
"backup_dast","aespa_data/db-backups/aespa-2026-06-16.db","1","1","","unvalidated","Missing Security Headers","ae71dd76d57213ba5198f051faed3f0d176bf4b5fa345f1f9d00a6e980ac3c5f"
"backup_dast","aespa_data/db-backups/aespa-2026-06-16.db","1","2","","unvalidated","Missing Security Headers","5e11da6703fafbfad4a7be60e17560117d72c178b7db57f7054375f168b6db89"
"backup_dast","aespa_data/db-backups/aespa-2026-06-16.db","1","3","","unvalidated","Missing Security Headers","5e11da6703fafbfad4a7be60e17560117d72c178b7db57f7054375f168b6db89"
"backup_dast","aespa_data/db-backups/aespa-2026-06-16.db","7","4","","unvalidated","Missing Security Headers","107f1f9190c4970537fa4e06a10a914eedf580f76470f131de837106a3dd2017"
"backup_dast","aespa_data/db-backups/aespa-2026-06-16.db","7","5","","unvalidated","Authentication Bypass Detected","97a3ac4a53a2ef41a67a81855d36f2187c2fdd244ce1c86b524b9094d785f8e3"
"backup_dast","aespa_data/db-backups/aespa-2026-06-16.db","7","6","","unvalidated","Missing Security Headers","f18183fb3bc96d3323e4502207be036814ee7a18f698506f38f5b70067735688"
"backup_dast","aespa_data/db-backups/aespa-2026-06-16.db","7","7","","unvalidated","Missing Security Headers","2874059e85053698a434842e8b56af738872f5dd5671c77390e60dc1d6a216ce"
"backup_dast","aespa_data/db-backups/aespa-2026-06-16.db","7","8","","unvalidated","Broken Access Control - Unauthorized Page Access","a39d9cc1f68753b0b09bb007953538e3bf43a0117deb5a91ff6d3db2439d51b9"
"backup_dast","aespa_data/db-backups/aespa-2026-06-16.db","7","9","","unvalidated","Missing Security Headers","b7802ad7039548706573d5d1db3984e7adc49044ea8d5935e745e9a9dd3cb287"
"backup_dast","aespa_data/db-backups/aespa-2026-06-16.db","7","10","","unvalidated","Broken Access Control - Unauthorized Page Access","ccdfe736b2504ae56873cf7b066dcac02a3d447ec340bbe123c7deda9f9d57f7"
"backup_dast","aespa_data/db-backups/aespa-2026-06-16.db","7","11","","unvalidated","Missing Security Headers","ed1fe6c7fb2a1d375ad261ad9d7993a899559a66e11e1ef1a4a84e39fbd1a36c"
"backup_dast","aespa_data/db-backups/aespa-2026-06-16.db","7","12","","unvalidated","Broken Access Control - Unauthorized Page Access","71a6c664a3764b235b2b953822d4ea93bf10bd3d7b2c0d0ee32ba31f1b425c88"
"backup_dast","aespa_data/db-backups/aespa-2026-06-16.db","7","13","","unvalidated","Broken Access Control - Unauthorized Page Access","bb548383ddbfa545c9c057d202dc24a33a452498a912e616a374f247c36756d4"
"backup_dast","aespa_data/db-backups/aespa-2026-06-16.db","7","14","","unvalidated","Missing Security Headers","94bb05e21d7894731c17d58285a8c36c83e610dbbcd6e244e98142332417d859"
"backup_dast","aespa_data/db-backups/aespa-2026-06-16.db","7","15","","unvalidated","Missing Security Headers","cc5ea4dfd97d9ab5d4e9306b8690584863056e021be537bbc39b73fd33fe5ba0"
"backup_dast","aespa_data/db-backups/aespa-2026-06-16.db","7","16","","unvalidated","Broken Access Control - Unauthorized Page Access","0317e1890f95123fc385d2566c00f6959658b77bac14589306e92a194ffa8465"
"backup_dast","aespa_data/db-backups/aespa-2026-06-16.db","7","17","","unvalidated","Missing Security Headers","5a69b3160195692f274274e3ba3c739f540032f24db8a7ab698d5b5c7e14381c"
"backup_dast","aespa_data/db-backups/aespa-2026-06-16.db","7","18","","unvalidated","Broken Access Control - Unauthorized Page Access","b1873a480167f534298dfdca6f0179027110cc231a71ba65f2a4ded1d4587229"
"backup_dast","aespa_data/db-backups/aespa-2026-06-16.db","7","19","","unvalidated","Authentication Bypass Detected","e8ff768a407ddf97d33f799d063ccf460ca5b59871577a553c1901917a5c6cf2"
"backup_dast","aespa_data/db-backups/aespa-2026-06-16.db","7","20","","unvalidated","Missing Security Headers","354709825e3ca187380783b94ad52d765cef4b3d7ce0ffbf8ad51d6f8f6791cd"
"backup_dast","aespa_data/db-backups/aespa-2026-06-16.db","7","21","","unvalidated","Broken Access Control - Unauthorized Page Access","6d1a5e4a09e99d9f99e17201667795984cfe0cf0a95222ad0b5a6d94871df319"
"backup_dast","aespa_data/db-backups/aespa-2026-06-16.db","7","22","","unvalidated","Missing Security Headers","7e90849ea0d5c64bec67610a756bd86096176f517b539a108170960e3ac3c1a2"
"backup_dast","aespa_data/db-backups/aespa-2026-06-16.db","7","23","","unvalidated","Broken Access Control - Unauthorized Page Access","b33c7ab8a122ae22cd247999ec93b06c5ea407edaaba0e4bfce76306cb187295"
"backup_dast","aespa_data/db-backups/aespa-2026-06-16.db","7","24","","unvalidated","Missing Security Headers","cb6cf3ce00875eb825baac6ae596413ecc611da1c91749e3f31a07ba9d99e8f0"
"backup_dast","aespa_data/db-backups/aespa-2026-06-16.db","7","25","","unvalidated","Broken Access Control - Unauthorized Page Access","3a70629106fc490d4db95d9ff341b716350ec3646f8070603c46b70fa9ea2a50"
"backup_dast","aespa_data/db-backups/aespa-2026-06-16.db","7","26","","unvalidated","Missing Security Headers","0b4361089883465a619245b62f1536ce38efe50ec5753c0169f2c38dd92ed0db"
"backup_dast","aespa_data/db-backups/aespa-2026-06-16.db","7","27","","unvalidated","Broken Access Control - Unauthorized Page Access","2e6836868c4c8675d3a1a2b5e6d6fc0b156c43320a1fffb9e040a9325bc9ec46"
"backup_dast","aespa_data/db-backups/aespa-2026-06-16.db","7","28","","unvalidated","Missing Security Headers","da7f71324c964ae6a1deb8f754a351c253f3ea114ff75d7cf239403c0d3999fd"
"backup_dast","aespa_data/db-backups/aespa-2026-06-16.db","7","29","","unvalidated","Broken Access Control - Unauthorized Page Access","7a16aaa979b9d2e1e3b47c8225306e2b74cc635f28575405810295de5dc1156e"
"backup_dast","aespa_data/db-backups/aespa-2026-06-16.db","7","30","","unvalidated","Potential Authorization Bypass","432cb9b07bc95f9652b2cf214181be2f665e7d178a408e514122a71e80cae09c"
"backup_dast","aespa_data/db-backups/aespa-2026-06-16.db","7","31","","unvalidated","Broken Access Control - Unauthorized Page Access","a692212eae68ffdc3126aea0aaf736497c45477602a760ab9e656afdfd59daed"
"backup_dast","aespa_data/db-backups/aespa-2026-06-16.db","7","32","","unvalidated","Missing Security Headers","1f87b1064a912f354cec83e66bcb1266f8cffb7ad26d896b1aa3581e9d8c1a7a"
"backup_dast","aespa_data/db-backups/aespa-2026-06-16.db","7","33","","unvalidated","Broken Access Control - Unauthorized Page Access","2093b11915c4cedf8bb27a3c9aba5d126e92c4a61fc53c9b97ffb1f60a0d9bc4"
"backup_dast","aespa_data/db-backups/aespa-2026-06-16.db","7","34","","unvalidated","Missing Security Headers","c26d3ed98ee24188b279c757609e91809bf2e874b06d2cd49128501a63e5ccb9"
"backup_dast","aespa_data/db-backups/aespa-2026-06-16.db","7","35","","unvalidated","Broken Access Control - Unauthorized Page Access","5a6228d89ec5084e1423285977862b02b55fd11adeb78b048099a87cd482cb3a"
"backup_dast","aespa_data/db-backups/aespa-2026-06-16.db","7","36","","unvalidated","Missing Security Headers","6a54d47e24696c6a768a5ded96968706ee5b505eead865cf42850218dcb36ee3"
"backup_dast","aespa_data/db-backups/aespa-2026-06-16.db","7","37","","unvalidated","Broken Access Control - Unauthorized Page Access","640c6a9aed6cb469002d2c2b1e758f374ef12e4070260e912976206c8ab0a89f"
"backup_dast","aespa_data/db-backups/aespa-2026-06-16.db","7","38","","unvalidated","Missing Security Headers","1fe22b9b7634d8fd231388e2acb9f89706b1dd381a51192dea5133c5c19da1d1"
"backup_dast","aespa_data/db-backups/aespa-2026-06-16.db","7","39","","unvalidated","Broken Access Control - Unauthorized Page Access","9815b13e451655316c24b227f0843355c9ee4f57dc627588322b3fb0ad4e8db1"
"backup_dast","aespa_data/db-backups/aespa-2026-06-16.db","7","40","","unvalidated","Missing Security Headers","73b86cc286711bd28127d73761bf47691cce2865c390620609a8b71e4c549543"
"backup_dast","aespa_data/db-backups/aespa-2026-06-16.db","7","41","","unvalidated","Broken Access Control - Unauthorized Page Access","f9093e2bd1af2fd87e925cf4b458699732846670f06348cc4f11a357a69938bb"
"backup_dast","aespa_data/db-backups/aespa-2026-06-16.db","7","42","","unvalidated","Authentication Bypass Detected","3fc35749223217717fa5c2e6a0593b3d84617b6fe8dee13515408aa2f4a2c23f"
"backup_dast","aespa_data/db-backups/aespa-2026-06-16.db","7","43","","unvalidated","Broken Access Control - Unauthorized Page Access","5cc501214dbe8618cc70dca8323647026a1707454052ec13fbfeb0a114354f8f"
"backup_dast","aespa_data/db-backups/aespa-2026-06-16.db","7","44","","unvalidated","Missing Security Headers","3b37f966abba45939c0a14011f0bcbc971e8eb09b6a518522d958673264964c1"
"backup_dast","aespa_data/db-backups/aespa-2026-06-16.db","7","45","","unvalidated","Broken Access Control - Unauthorized Page Access","5d6ab630739d42015700ec044aa7bce5c0ab22c00d5f28b6c3fec2c52abb7402"
"backup_dast","aespa_data/db-backups/aespa-2026-06-16.db","7","46","","unvalidated","Missing Security Headers","31971dd3a9d6ced57eccf1a877e901121c23a3693a8c7aa9d66a5da52ae93051"
"backup_dast","aespa_data/db-backups/aespa-2026-06-16.db","7","47","","unvalidated","Broken Access Control - Unauthorized Page Access","3bbfdca03b470b8a2fcd0913261dd373e2b5aee4ac55d970dad39529b1d446f0"
"backup_dast","aespa_data/db-backups/aespa-2026-06-16.db","7","48","","unvalidated","Broken Access Control - Unauthorized Page Access","80df004af98d405de3c09b2aa619730b1c452d534ba340d90398f92658ebc42e"
"backup_dast","aespa_data/db-backups/aespa-2026-06-16.db","7","49","","unvalidated","Missing Security Headers","9262bdb81e6ca0404d3f21874e517156e4dcb5253f29261a78219bbbae14dac3"
"backup_dast","aespa_data/db-backups/aespa-2026-06-16.db","7","50","","unvalidated","Broken Access Control - Unauthorized Page Access","473fd9c108a2eb3076d95b2665faa676591273873a1cd4fcaddfce7f29fb5e3b"
"backup_dast","aespa_data/db-backups/aespa-2026-06-16.db","7","51","","unvalidated","Missing Security Headers","6d5ed2e0aadcb5eddfef6b09e1343dc8619bf8b4e4f532646ca24d71c136a1a5"
"backup_dast","aespa_data/db-backups/aespa-2026-06-16.db","7","52","","unvalidated","Broken Access Control - Unauthorized Page Access","f095bedeca3d59d92d23127c8b9b015eb5df81e775e11c6534cd8ee3a5594963"
"backup_dast","aespa_data/db-backups/aespa-2026-06-16.db","7","53","","unvalidated","Missing Security Headers","e7bef12e0ac571a1fe6116278fdcda46ba3fd056510bceae28dbe2778ca7902f"
"backup_dast","aespa_data/db-backups/aespa-2026-06-16.db","7","54","","unvalidated","Broken Access Control - Unauthorized Page Access","4465c009b3644d033a846833c751830c637f581a146a2d735f2959f29d5e4af5"
"backup_dast","aespa_data/db-backups/aespa-2026-06-16.db","7","55","","unvalidated","Missing Security Headers","2cd0bd4546bb6b249b18fc4c8a25219e6a3ff0ce80a3c5c1153f5aa2333bb45a"
"backup_dast","aespa_data/db-backups/aespa-2026-06-16.db","7","56","","unvalidated","Broken Access Control - Unauthorized Page Access","1346c9763f43553eade7822ee1043619612beb84ad47e2ae784a0087cd8d2f57"
"backup_dast","aespa_data/db-backups/aespa-2026-06-16.db","7","57","","unvalidated","Missing Security Headers","740ddb8c23eb0d741f56c2c81bdeb2f7dba1ca6f8c5aeb1db6e5ad81b85ae1c9"
"backup_dast","aespa_data/db-backups/aespa-2026-06-16.db","7","58","","unvalidated","Broken Access Control - Unauthorized Page Access","f19283fa1803ab4baae2ecf6bb806a7dafc3da170843fb61f94c36ffe6ffa825"
"backup_dast","aespa_data/db-backups/aespa-2026-06-16.db","7","59","","unvalidated","Missing Security Headers","1d70a7f07f1145b309c819d41a5862043dab77957c4aedd7f26e85bfed9794ff"
"backup_dast","aespa_data/db-backups/aespa-2026-06-16.db","7","60","","unvalidated","Broken Access Control - Unauthorized Page Access","d2fc3aa950eacb2972a24143c03ebda216a8167d700d94198b5d3370676eb7a3"
"backup_dast","aespa_data/db-backups/aespa-2026-06-16.db","7","61","","unvalidated","Missing Security Headers","4bb2ed00108e55fe542da71c4548c93c98d7b660735c3b6f0b4b2b3fc2c49541"
"backup_dast","aespa_data/db-backups/aespa-2026-06-16.db","7","62","","unvalidated","Broken Access Control - Unauthorized Page Access","046983c25bdd16ac645ad5a4c86faff7f7ecdc2971e7dd6960d24b620846ccad"
"backup_dast","aespa_data/db-backups/aespa-2026-06-16.db","7","63","","unvalidated","Missing Security Headers","afccea034433e7df928abf34cd429ce9dba858a3bf4e5fff2b16a2bb15163e30"
"backup_dast","aespa_data/db-backups/aespa-2026-06-16.db","7","64","","unvalidated","Broken Access Control - Unauthorized Page Access","390a89ae0ded3cd8f5ac92418342ec3db7bd639bdd2fee9d5221c32d75fb01f1"
"backup_dast","aespa_data/db-backups/aespa-2026-06-16.db","7","65","","unvalidated","Missing Security Headers","6568beb9c6f7ad3c09650132a7c34e6c141e338b4d3fe4a84ba56eb40a59c7ad"
"backup_dast","aespa_data/db-backups/aespa-2026-06-16.db","7","66","","unvalidated","Broken Access Control - Unauthorized Page Access","3414620c60b38c99d8b6b496fc422a13a4ea45b2e40e0a606d22a4fbcd388262"
"backup_dast","aespa_data/db-backups/aespa-2026-06-16.db","7","67","","unvalidated","Authentication Bypass on Settings Page","9a3c848c18a8925eae2f5ef317eeb056e6933f9db905c7cc30e6e9d840faf06b"
"backup_dast","aespa_data/db-backups/aespa-2026-06-16.db","7","68","","unvalidated","Authentication Bypass on Loans Page","288e6c04e4da34810b27a5683df4b5f9f9e0270119b1d9df25315836accf590d"
"backup_dast","aespa_data/db-backups/aespa-2026-06-16.db","7","69","","unvalidated","Missing Security Headers","bcd255a33ccb9feb61e228b406ce31dfe99aca5cfe68b7fd4966f21e3cc6b732"
"backup_dast","aespa_data/db-backups/aespa-2026-06-16.db","7","70","","unvalidated","Broken Access Control - Unauthorized Page Access","7e70bca89ba08574d0d360224b8a7497684e5b1c7c929faea1bc823a8362bc82"
"backup_dast","aespa_data/db-backups/aespa-2026-06-16.db","7","71","","unvalidated","Missing Security Headers","05a18c8c3a4fedc1de10d8b042ca3180b4586670040928dc91bdbd5764fdbaec"
"backup_dast","aespa_data/db-backups/aespa-2026-06-16.db","7","72","","unvalidated","Broken Access Control - Unauthorized Page Access","28856b2cc9e8200cf37b2c4b4bc671c8674f65b244f1cefc65f7631a0e9d05ba"
"backup_dast","aespa_data/db-backups/aespa-2026-06-16.db","7","73","","unvalidated","Missing Security Headers","e1d0bf047956eadab7cc9ca5c2731036239aa5feb76da12d651449e9b52908e0"
"backup_dast","aespa_data/db-backups/aespa-2026-06-16.db","7","74","","unvalidated","Broken Access Control - Unauthorized Page Access","f6a201026362cf1f5aebe875d78a14eeab7c6c53f5e76b3a268c7e9d04e8d5da"
"backup_dast","aespa_data/db-backups/aespa-2026-06-16.db","7","75","","unvalidated","Missing Security Headers","5569384fd28602a4cbadc7acdabb771d83f0f702fa8ed63ad6342a5ec41230a4"
"backup_dast","aespa_data/db-backups/aespa-2026-06-16.db","7","76","","unvalidated","Broken Access Control - Unauthorized Page Access","0651a437bf2d7eaf3154db5ee008d12de32d6729ba665e9e5cbb4df271bc20e6"
"backup_dast","aespa_data/db-backups/aespa-2026-06-16.db","7","77","","unvalidated","Missing Security Headers","0ecf3055f9346588e6d5ef00bc46504336d7db58a0d9f9c5162934396c26095b"
"backup_dast","aespa_data/db-backups/aespa-2026-06-16.db","7","78","","unvalidated","Missing Security Headers","2666623385453364221536d21590cba5db2f31e715f35ca42a813e1565d4d5c5"
"backup_dast","aespa_data/db-backups/aespa-2026-06-16.db","8","79","","unvalidated","Authentication Bypass on Dashboard","02cefe31fd094fe40130f7ccf88c50f6b95fcbb60b92b941fe41b6fa326dba93"
"backup_dast","aespa_data/db-backups/aespa-2026-06-16.db","8","80","","unvalidated","Authentication Bypass Detected","64ef06950322aeb3205c206189df19b177762df3b0f98b44f479b73fd36be52e"
"backup_dast","aespa_data/db-backups/aespa-2026-06-16.db","8","81","","unvalidated","Missing Security Headers","08c5369411cc2c436b01ee9f9e14397146dff037870d903d60907411cc6d87c6"
"backup_dast","aespa_data/db-backups/aespa-2026-06-16.db","8","82","","unvalidated","Authentication Bypass Detected","7fdb03bdefa581389da1c7c586e31f24dffa1841ae13b4b1133198fe4d11909c"
"backup_dast","aespa_data/db-backups/aespa-2026-06-16.db","8","83","","unvalidated","Broken Access Control - Unauthorized Page Access","ccdfe736b2504ae56873cf7b066dcac02a3d447ec340bbe123c7deda9f9d57f7"
"backup_dast","aespa_data/db-backups/aespa-2026-06-16.db","8","84","","unvalidated","Missing Security Headers","330cdcf9970d87d6b3a78fa2a2066397bcfd0a6683055cd9ae8b1ca63bc50190"
"backup_dast","aespa_data/db-backups/aespa-2026-06-16.db","8","85","","unvalidated","Broken Access Control - Unauthorized Page Access","71a6c664a3764b235b2b953822d4ea93bf10bd3d7b2c0d0ee32ba31f1b425c88"
"backup_dast","aespa_data/db-backups/aespa-2026-06-16.db","8","86","","unvalidated","Missing Security Headers","622a4dd1aa43e88ec2aaf1fda552139b4f07770ca299139d136fc3b969fbf8df"
"backup_dast","aespa_data/db-backups/aespa-2026-06-16.db","8","87","","unvalidated","Broken Access Control - Unauthorized Page Access","bb548383ddbfa545c9c057d202dc24a33a452498a912e616a374f247c36756d4"
"backup_dast","aespa_data/db-backups/aespa-2026-06-16.db","8","88","","unvalidated","Missing Security Headers","b7ff8b99526810d6e0d4e1b8875838b81f80b2a311926942d0bd571f7c6bbd19"
"backup_dast","aespa_data/db-backups/aespa-2026-06-16.db","8","89","","unvalidated","Broken Access Control - Unauthorized Page Access","1346fa00f439e0a24c12e6571bef18e8298ba591b86dceb7aa5fdeb81568badc"
"backup_dast","aespa_data/db-backups/aespa-2026-06-16.db","8","90","","unvalidated","Missing Security Headers","a7d0da20c14c581c737b8f8261ba19a3da3f54a730029968a89179da36f6b39a"
"backup_dast","aespa_data/db-backups/aespa-2026-06-16.db","8","91","","unvalidated","Broken Access Control - Unauthorized Page Access","b1873a480167f534298dfdca6f0179027110cc231a71ba65f2a4ded1d4587229"
"backup_dast","aespa_data/db-backups/aespa-2026-06-16.db","8","92","","unvalidated","Broken Access Control - Unauthorized Page Access","0317e1890f95123fc385d2566c00f6959658b77bac14589306e92a194ffa8465"
"backup_dast","aespa_data/db-backups/aespa-2026-06-16.db","8","93","","unvalidated","Broken Access Control - Unauthorized Page Access","a5b5ea71485b686ebd0ce1080e9400764e748a81323bd6ebb2fb65440b9f0fac"
"backup_dast","aespa_data/db-backups/aespa-2026-06-16.db","8","94","","unvalidated","Missing Security Headers","b306bfd06199a1f979c1acfccb6aab8c13a3369b833c7978f0e1cff8338e58ea"
"backup_dast","aespa_data/db-backups/aespa-2026-06-16.db","8","95","","unvalidated","Broken Access Control - Unauthorized Page Access","b33c7ab8a122ae22cd247999ec93b06c5ea407edaaba0e4bfce76306cb187295"
"backup_dast","aespa_data/db-backups/aespa-2026-06-16.db","8","96","","unvalidated","Authentication Bypass on Account Page","1705fd07de334a019b065807fca978627aa683125c5d262d3bc188a48e65a5cf"
"backup_dast","aespa_data/db-backups/aespa-2026-06-16.db","8","97","","unvalidated","Broken Access Control - Unauthorized Page Access","6d1a5e4a09e99d9f99e17201667795984cfe0cf0a95222ad0b5a6d94871df319"
"backup_dast","aespa_data/db-backups/aespa-2026-06-16.db","8","98","","unvalidated","Missing Security Headers","e6ece5f43a5a5b20606da4a714f0e87004ba34b0659b21642f809ef49c7b59c2"
"backup_dast","aespa_data/db-backups/aespa-2026-06-16.db","8","99","","unvalidated","Broken Access Control - Unauthorized Page Access","3a70629106fc490d4db95d9ff341b716350ec3646f8070603c46b70fa9ea2a50"
"backup_dast","aespa_data/db-backups/aespa-2026-06-16.db","8","100","","unvalidated","Potential Auth Bypass on Account History Page","d0384c0713eb56bc4c9118e113d3aee2bfc3d4065cda75fc54e6649d2b5db747"
"backup_dast","aespa_data/db-backups/aespa-2026-06-16.db","8","101","","unvalidated","Broken Access Control - Unauthorized Page Access","17d64a5dc20187650a2e208d73ad1a19d0fba9909b2e08342a1d198aaa5b6893"
"backup_dast","aespa_data/db-backups/aespa-2026-06-16.db","8","102","","unvalidated","Broken Access Control - Unauthorized Page Access","7a16aaa979b9d2e1e3b47c8225306e2b74cc635f28575405810295de5dc1156e"
"backup_dast","aespa_data/db-backups/aespa-2026-06-16.db","8","103","","unvalidated","Missing Security Headers","81a47639f3750d9a4f70b8db6fdc70aa85c4f601c5b30e92537797ebfd48298a"
"backup_dast","aespa_data/db-backups/aespa-2026-06-16.db","8","104","","unvalidated","Broken Access Control - Unauthorized Page Access","58939ed0f58034f10b32051a4e24890dcf1034bf1931b05b888de3267b97d79c"
"backup_dast","aespa_data/db-backups/aespa-2026-06-16.db","8","105","","unvalidated","Missing Security Headers","9f93520d96ef5e99d7c0dca4216630f556d194cbc4b0d68865b3a5bbcba1875e"
"backup_dast","aespa_data/db-backups/aespa-2026-06-16.db","8","106","","unvalidated","Broken Access Control - Unauthorized Page Access","5a6228d89ec5084e1423285977862b02b55fd11adeb78b048099a87cd482cb3a"
"backup_dast","aespa_data/db-backups/aespa-2026-06-16.db","8","107","","unvalidated","Missing Security Headers","5feb21b139823d565dfa3a22dcbda7148fb0eb972c40e160dd3940aa85cc801a"
"backup_dast","aespa_data/db-backups/aespa-2026-06-16.db","8","108","","unvalidated","Broken Access Control - Unauthorized Page Access","2e6836868c4c8675d3a1a2b5e6d6fc0b156c43320a1fffb9e040a9325bc9ec46"
"backup_dast","aespa_data/db-backups/aespa-2026-06-16.db","8","109","","unvalidated","Broken Access Control - Unauthorized Page Access","a41a5a355bd23e387b8034d02f98bba0d4e25938cd4c1829c2ee68bacc4a5f30"
"backup_dast","aespa_data/db-backups/aespa-2026-06-16.db","8","110","","unvalidated","Potential Cross-User Access via Account ID Parameter","d5916e103af52b56def21ba8f94ccfa63840ee76384ee13727b5c667d8cf8618"
"backup_dast","aespa_data/db-backups/aespa-2026-06-16.db","8","111","","unvalidated","Broken Access Control - Unauthorized Page Access","a692212eae68ffdc3126aea0aaf736497c45477602a760ab9e656afdfd59daed"
"backup_dast","aespa_data/db-backups/aespa-2026-06-16.db","8","112","","unvalidated","Missing Security Headers","837d5bb5d026b5fa9f35d5249e6da3fdb65666928b3cbb3f54260661d95f0a3e"
"backup_dast","aespa_data/db-backups/aespa-2026-06-16.db","8","113","","unvalidated","Broken Access Control - Unauthorized Page Access","9815b13e451655316c24b227f0843355c9ee4f57dc627588322b3fb0ad4e8db1"
"backup_dast","aespa_data/db-backups/aespa-2026-06-16.db","8","114","","unvalidated","Missing Security Headers","992a4581ef0908441d2b5b6802362b0cbdd92be6adebc178d8451deb1eb3d155"
"backup_dast","aespa_data/db-backups/aespa-2026-06-16.db","8","115","","unvalidated","Broken Access Control - Unauthorized Page Access","2093b11915c4cedf8bb27a3c9aba5d126e92c4a61fc53c9b97ffb1f60a0d9bc4"
"backup_dast","aespa_data/db-backups/aespa-2026-06-16.db","8","116","","unvalidated","Missing Security Headers","5356874d383365aac832c0d1597fb241316e9ec9efb45a22142d9c8c92dcb19a"
"backup_dast","aespa_data/db-backups/aespa-2026-06-16.db","8","117","","unvalidated","Broken Access Control - Unauthorized Page Access","640c6a9aed6cb469002d2c2b1e758f374ef12e4070260e912976206c8ab0a89f"
"backup_dast","aespa_data/db-backups/aespa-2026-06-16.db","8","118","","unvalidated","Missing Security Headers","2f0c1a73ea71004f44a0d0f124af1227660dbabccfd1532a38e0c5b62b867f24"
"backup_dast","aespa_data/db-backups/aespa-2026-06-16.db","8","119","","unvalidated","Broken Access Control - Unauthorized Page Access","f9093e2bd1af2fd87e925cf4b458699732846670f06348cc4f11a357a69938bb"
"backup_dast","aespa_data/db-backups/aespa-2026-06-16.db","8","120","","unvalidated","Missing Security Headers","23b2e999ed8c280523bb3a71505daaf345c9b3d6ad1884e30c08e4ce6f01179e"
"backup_dast","aespa_data/db-backups/aespa-2026-06-16.db","8","121","","unvalidated","Broken Access Control - Unauthorized Page Access","3bbfdca03b470b8a2fcd0913261dd373e2b5aee4ac55d970dad39529b1d446f0"
"backup_dast","aespa_data/db-backups/aespa-2026-06-16.db","8","122","","unvalidated","Missing Security Headers","30a7e17cb38f78cb990b5da5ebbce9b2cbd27fdfe7ee217442d6a971dad92cd2"
"backup_dast","aespa_data/db-backups/aespa-2026-06-16.db","8","123","","unvalidated","Broken Access Control - Unauthorized Page Access","cd32448eff0f691a6645fe802670c1a77a0de6620b14d25c428b4412db1712d4"
"backup_dast","aespa_data/db-backups/aespa-2026-06-16.db","8","124","","unvalidated","Broken Access Control - Unauthorized Page Access","f19283fa1803ab4baae2ecf6bb806a7dafc3da170843fb61f94c36ffe6ffa825"
"backup_dast","aespa_data/db-backups/aespa-2026-06-16.db","8","125","","unvalidated","Missing Security Headers","38add2584a0a0739b20b1ba554d2c1c9bde29941689886b3883fabe697734a38"
"backup_dast","aespa_data/db-backups/aespa-2026-06-16.db","8","126","","unvalidated","Missing Security Headers","964ab62944e3799d4ec358c388438c6bfa2a00054330389ffd4f29f837c5f206"
"backup_dast","aespa_data/db-backups/aespa-2026-06-16.db","8","127","","unvalidated","Broken Access Control - Unauthorized Page Access","a9c44e3f5204f66b96300d74bfd9ab2d1be8bab1dd3607a2ffa69d205cfac7c1"
"backup_dast","aespa_data/db-backups/aespa-2026-06-16.db","8","128","","unvalidated","Unauthorized Access to 2FA Setup Page","a01f99d27aba3117f4464b7676d4cecb0e425adf3aa3ac4f7bad3c6cc609a6fd"
"backup_dast","aespa_data/db-backups/aespa-2026-06-16.db","8","129","","unvalidated","Missing Security Headers","088c1accc669c404149eefa9a000aa25d91d4f06067421b19cd49b86fb6db1c0"
"backup_dast","aespa_data/db-backups/aespa-2026-06-16.db","8","130","","unvalidated","Broken Access Control - Unauthorized Page Access","03774375302aaf67407c11ba3a4405d25260dd90b3c0893f636a6a6279b115ef"
"backup_dast","aespa_data/db-backups/aespa-2026-06-16.db","8","131","","unvalidated","Authentication Bypass Detected","f4958aab8d1996fcfe040ea9138758c477d453ca0807164ff56a546b3af70b11"
"backup_dast","aespa_data/db-backups/aespa-2026-06-16.db","8","132","","unvalidated","Missing Security Headers","9ea84b204967e17c2bed5c8440bbd33d3777dd57cedf569d28bd892f2afbc8c2"
"backup_dast","aespa_data/db-backups/aespa-2026-06-16.db","8","133","","unvalidated","Broken Access Control - Unauthorized Page Access","9def7713d72bcfae8bd650604c913db36cc7dc4e9580e858ff15497b8c11c131"
"backup_dast","aespa_data/db-backups/aespa-2026-06-16.db","8","134","","unvalidated","Missing Security Headers","f603b6dc893267ab75d288da01b80abe62cbb6637f530e0d8b56c8a93e8ddf03"
"backup_dast","aespa_data/db-backups/aespa-2026-06-16.db","8","135","","unvalidated","Broken Access Control - Unauthorized Page Access","1346c9763f43553eade7822ee1043619612beb84ad47e2ae784a0087cd8d2f57"
"backup_dast","aespa_data/db-backups/aespa-2026-06-16.db","8","136","","unvalidated","Missing Security Headers","18b21ddfb4404c0735d077746d502aeb8a1d278bebea29776705ea36dea01b91"
"backup_dast","aespa_data/db-backups/aespa-2026-06-16.db","8","137","","unvalidated","Broken Access Control - Unauthorized Page Access","3414620c60b38c99d8b6b496fc422a13a4ea45b2e40e0a606d22a4fbcd388262"
"backup_dast","aespa_data/db-backups/aespa-2026-06-16.db","8","138","","unvalidated","Authentication Bypass Detected","d1b5419f22fdabd144d2a45a7397b488ac98ef6440324fe036db2a48c7abf8de"
"backup_dast","aespa_data/db-backups/aespa-2026-06-16.db","8","139","","unvalidated","Broken Access Control - Unauthorized Page Access","fbe22b2cd82368307e1e62ac9c254d955cc25e4d60d2961873ea509d0027545b"
"backup_dast","aespa_data/db-backups/aespa-2026-06-16.db","8","140","","unvalidated","Missing Security Headers","e8424e977df60d5e1e2b683cbb1d4830e8e394d5ae567533a7d2df38aa3252a6"
"backup_dast","aespa_data/db-backups/aespa-2026-06-16.db","8","141","","unvalidated","Broken Access Control - Unauthorized Page Access","aad4989a5f9a05dcc5a2ba3a3ea2f12ab447c189111b80d97716f9b626848e6b"
"backup_dast","aespa_data/db-backups/aespa-2026-06-16.db","8","142","","unvalidated","Broken Access Control - Unauthorized Page Access","5b3fd63257529e4e018681652d1d4d73d4eb0fc8dca60c7932a369e73e23dfbc"
"backup_dast","aespa_data/db-backups/aespa-2026-06-16.db","8","143","","unvalidated","Broken Access Control - Unauthorized Page Access","759598568ad5276e71dedbbb68679e7268153d569d4813a0a93433141e4de704"
"backup_dast","aespa_data/db-backups/aespa-2026-06-16.db","8","144","","unvalidated","Missing Security Headers","18c2c573ed8004db31f824b131c18799c99a1d6c8a42c4945cfd2efbcc9bed1b"
"backup_dast","aespa_data/db-backups/aespa-2026-06-16.db","8","145","","unvalidated","Broken Access Control - Unauthorized Page Access","ce5528cf21b0a1c9584428d5eae7b477ef0bb373e8ee04b8cde5d14fc73b535a"
"backup_dast","aespa_data/db-backups/aespa-2026-06-16.db","9","146","","unvalidated","Missing Security Headers","660a909f3dcd9e0649aaa8fbbd06b7fb353e4d9a569fc74af275abf499cfbded"
"backup_dast","aespa_data/db-backups/aespa-2026-06-16.db","9","147","","unvalidated","Missing Security Headers","44ed0396231fce15ac7966fc7483cf1ea2d989985b23e32fd45aabb986811f07"
"backup_dast","aespa_data/db-backups/aespa-2026-06-16.db","9","148","","unvalidated","Broken Access Control - Unauthorized Page Access","71a6c664a3764b235b2b953822d4ea93bf10bd3d7b2c0d0ee32ba31f1b425c88"
"backup_dast","aespa_data/db-backups/aespa-2026-06-16.db","9","149","","unvalidated","Missing Security Headers","4c548a132363644a2bc8565a21143c74985b94c54dbbc0d6db9484ca625c40e3"
"backup_dast","aespa_data/db-backups/aespa-2026-06-16.db","9","150","","unvalidated","Broken Access Control - Unauthorized Page Access","b1873a480167f534298dfdca6f0179027110cc231a71ba65f2a4ded1d4587229"
"backup_dast","aespa_data/db-backups/aespa-2026-06-16.db","9","151","","unvalidated","Potential Authorization Bypass","bc1443cdde23abb468a136846509859c706cd7b3d96f2efa44094ba3a71eac7a"
"backup_dast","aespa_data/db-backups/aespa-2026-06-16.db","9","152","","unvalidated","Broken Access Control - Unauthorized Page Access","b33c7ab8a122ae22cd247999ec93b06c5ea407edaaba0e4bfce76306cb187295"
"backup_dast","aespa_data/db-backups/aespa-2026-06-16.db","9","153","","unvalidated","Potential Auth Bypass on Account History Page","ea99c93601141cc77dfc1c4ac269d4de33df9a45c02638b9db72c2c50647084c"
"backup_dast","aespa_data/db-backups/aespa-2026-06-16.db","9","154","","unvalidated","Broken Access Control - Unauthorized Page Access","0317e1890f95123fc385d2566c00f6959658b77bac14589306e92a194ffa8465"
"backup_dast","aespa_data/db-backups/aespa-2026-06-16.db","9","155","","unvalidated","Potential Auth Bypass on Account Balance Endpoint","760f8af1b71c0fd244e533246fcd893872f4f8bd861b587df96069f34e8942da"
"backup_dast","aespa_data/db-backups/aespa-2026-06-16.db","9","156","","unvalidated","Broken Access Control - Unauthorized Page Access","9f3dcd7338f82b971512a9f7b9c1b8f8105747580b33f2a764538c4b2d724134"
"backup_dast","aespa_data/db-backups/aespa-2026-06-16.db","9","157","","unvalidated","Potential Account Enumeration via URL","ea0c782f2920212064ee099b1a05976e11470fcd49eb180e71f0050e48b583fb"
"backup_dast","aespa_data/db-backups/aespa-2026-06-16.db","9","158","","unvalidated","Broken Access Control - Unauthorized Page Access","17d64a5dc20187650a2e208d73ad1a19d0fba9909b2e08342a1d198aaa5b6893"
"backup_dast","aespa_data/db-backups/aespa-2026-06-16.db","9","159","","unvalidated","Missing Security Headers","ecd5c9a467a94fa7cefdcb3c59e368c46a6c3162f92e61d89cc0377aea03b9de"
"backup_dast","aespa_data/db-backups/aespa-2026-06-16.db","9","160","","unvalidated","Broken Access Control - Unauthorized Page Access","6d1a5e4a09e99d9f99e17201667795984cfe0cf0a95222ad0b5a6d94871df319"
"backup_dast","aespa_data/db-backups/aespa-2026-06-16.db","9","161","","unvalidated","Potential Account Enumeration via URL","23bfa4929103401cd91f409fd3ad652efb9e999b47a376247e140b7c19cb2dff"
"backup_dast","aespa_data/db-backups/aespa-2026-06-16.db","9","162","","unvalidated","Broken Access Control - Unauthorized Page Access","f56338f760d196e27a3d113d1edab3975592fee5f7ea3ef9db04f96fdc70c7d5"
"backup_dast","aespa_data/db-backups/aespa-2026-06-16.db","9","163","","unvalidated","Missing Security Headers","f930e02f864ba13cbe1bd55ad5179f84afa3128f3a55b5b9a6b235668635c01c"
"backup_dast","aespa_data/db-backups/aespa-2026-06-16.db","9","164","","unvalidated","Broken Access Control - Unauthorized Page Access","2e6836868c4c8675d3a1a2b5e6d6fc0b156c43320a1fffb9e040a9325bc9ec46"
"backup_dast","aespa_data/db-backups/aespa-2026-06-16.db","9","165","","unvalidated","Missing Security Headers","6bee779abcf6534be48d0deaedee25bfff47b10485d6883643b747a58c835996"
"backup_dast","aespa_data/db-backups/aespa-2026-06-16.db","9","166","","unvalidated","Broken Access Control - Unauthorized Page Access","5a6228d89ec5084e1423285977862b02b55fd11adeb78b048099a87cd482cb3a"
"backup_dast","aespa_data/db-backups/aespa-2026-06-16.db","9","167","","unvalidated","Potential Auth Bypass on Account Edit Page","76e4fa5071a2d1ab26a6a4b7d67cc5e9b1efa3e2b29451ef388f7d17965e8a49"
"backup_dast","aespa_data/db-backups/aespa-2026-06-16.db","9","168","","unvalidated","Broken Access Control - Unauthorized Page Access","2093b11915c4cedf8bb27a3c9aba5d126e92c4a61fc53c9b97ffb1f60a0d9bc4"
"backup_dast","aespa_data/db-backups/aespa-2026-06-16.db","9","169","","unvalidated","Potential Cross-User Access via Account ID Parameter","6d4a5eb4a0e0a0b3fb0a2dae9f5645be368443657d7ff48fbf93302eac0485a6"
"backup_dast","aespa_data/db-backups/aespa-2026-06-16.db","9","170","","unvalidated","Broken Access Control - Unauthorized Page Access","9815b13e451655316c24b227f0843355c9ee4f57dc627588322b3fb0ad4e8db1"
"backup_dast","aespa_data/db-backups/aespa-2026-06-16.db","9","171","","unvalidated","Missing Security Headers","8254e6c6e737108635cbaa10caa9415de6711a32c8569fcab1d67c1f3977791d"
"backup_dast","aespa_data/db-backups/aespa-2026-06-16.db","9","172","","unvalidated","Broken Access Control - Unauthorized Page Access","640c6a9aed6cb469002d2c2b1e758f374ef12e4070260e912976206c8ab0a89f"
"backup_dast","aespa_data/db-backups/aespa-2026-06-16.db","9","173","","unvalidated","Potential Authorization Bypass","b000dfcd25c2eae3860adc0c42c4e9c1c7228a67ab78fe1136e3d1e6dc7eed9f"
"backup_dast","aespa_data/db-backups/aespa-2026-06-16.db","9","174","","unvalidated","Broken Access Control - Unauthorized Page Access","f9093e2bd1af2fd87e925cf4b458699732846670f06348cc4f11a357a69938bb"
"backup_dast","aespa_data/db-backups/aespa-2026-06-16.db","9","175","","unvalidated","Potential Auth Bypass on Transaction Endpoint","e47367f5ac7e41283564f081229a541ad1d3a410fec3ec388d522bab509782e2"
"backup_dast","aespa_data/db-backups/aespa-2026-06-16.db","9","176","","unvalidated","Broken Access Control - Unauthorized Page Access","80df004af98d405de3c09b2aa619730b1c452d534ba340d90398f92658ebc42e"
"backup_dast","aespa_data/db-backups/aespa-2026-06-16.db","9","177","","unvalidated","Potential Cross-Site Request Forgery (CSRF) Vulnerability","a1c2487313d5b4cf1a7b3d3d6a35f582dc5a5a6b943dc7fa5e9ab40db3db6b6a"
"backup_dast","aespa_data/db-backups/aespa-2026-06-16.db","9","178","","unvalidated","Broken Access Control - Unauthorized Page Access","0f182cdb262021f745fa9ace8398d0eba23a5f2f0922542b1b4483ad5467b9fe"
"backup_dast","aespa_data/db-backups/aespa-2026-06-16.db","9","179","","unvalidated","Potential Auth Bypass on Transaction Endpoint","fbad1a5704affe6dd32803a9f4585d0440f1de816ed5054e90dfd7664f0c8437"
"backup_dast","aespa_data/db-backups/aespa-2026-06-16.db","9","180","","unvalidated","Broken Access Control - Unauthorized Page Access","f095bedeca3d59d92d23127c8b9b015eb5df81e775e11c6534cd8ee3a5594963"
"backup_dast","aespa_data/db-backups/aespa-2026-06-16.db","9","181","","unvalidated","Missing Security Headers","4844409e063de3ade3c889bc6e435bfa00f6a0828f36992c53204af06d35e756"
"backup_dast","aespa_data/db-backups/aespa-2026-06-16.db","9","182","","unvalidated","Broken Access Control - Unauthorized Page Access","3bbfdca03b470b8a2fcd0913261dd373e2b5aee4ac55d970dad39529b1d446f0"
"backup_dast","aespa_data/db-backups/aespa-2026-06-16.db","9","183","","unvalidated","Missing Security Headers","62a9c6163b885a1850ffd28978ca820e97b9ebd6731ff7c707ed69d0b105bbf3"
"backup_dast","aespa_data/db-backups/aespa-2026-06-16.db","9","184","","unvalidated","Broken Access Control - Unauthorized Page Access","7e70bca89ba08574d0d360224b8a7497684e5b1c7c929faea1bc823a8362bc82"
"backup_dast","aespa_data/db-backups/aespa-2026-06-16.db","9","185","","unvalidated","Potential Authorization Bypass","ed9b526cc34f9a2454f66e9415f99bf4ab29f1943231012ffca16a5f8101739c"
"backup_dast","aespa_data/db-backups/aespa-2026-06-16.db","9","186","","unvalidated","Broken Access Control - Unauthorized Page Access","473fd9c108a2eb3076d95b2665faa676591273873a1cd4fcaddfce7f29fb5e3b"
"backup_dast","aespa_data/db-backups/aespa-2026-06-16.db","9","187","","unvalidated","Missing Security Headers","8552c612bd3d00743fff4d313b0dc15ea80ef1719bd0348859581dd8e454a8cd"
"backup_dast","aespa_data/db-backups/aespa-2026-06-16.db","9","188","","unvalidated","Broken Access Control - Unauthorized Page Access","819e3c41ea9e1aeeea03bd922fcafd3057900567bfbb8ebe14061d9f22717b54"
"backup_dast","aespa_data/db-backups/aespa-2026-06-16.db","9","189","","unvalidated","Missing Security Headers","e0580dde34b37790c194cbae9c5fcc90b895e6725d0c5a948e477f813260e6e2"
"backup_dast","aespa_data/db-backups/aespa-2026-06-16.db","9","190","","unvalidated","Broken Access Control - Unauthorized Page Access","cd32448eff0f691a6645fe802670c1a77a0de6620b14d25c428b4412db1712d4"
"backup_dast","aespa_data/db-backups/aespa-2026-06-16.db","9","191","","unvalidated","Missing Security Headers","f8893b5b961e22f076285a9328f827f1dcefb26aaf0f9c4a99937215e9c3738c"
"backup_dast","aespa_data/db-backups/aespa-2026-06-16.db","9","192","","unvalidated","Broken Access Control - Unauthorized Page Access","f19283fa1803ab4baae2ecf6bb806a7dafc3da170843fb61f94c36ffe6ffa825"
"backup_dast","aespa_data/db-backups/aespa-2026-06-16.db","9","193","","unvalidated","Missing Security Headers","0a2a28c2375dd15faaaadf4e76719e5bebc582242d6ecd31bd27744d41ec58f7"
"backup_dast","aespa_data/db-backups/aespa-2026-06-16.db","9","194","","unvalidated","Broken Access Control - Unauthorized Page Access","aee84e966ce82fd6620232cd722304a18b0a8c5b4c2e8f9b7c1467848bcf1b41"
"backup_dast","aespa_data/db-backups/aespa-2026-06-16.db","9","195","","unvalidated","Missing Security Headers","5c6f823bcb836c7dbbaf7c75eaefec9da3d9e6d8c55fb6ac70c5f34f21989306"
"backup_dast","aespa_data/db-backups/aespa-2026-06-16.db","9","196","","unvalidated","Broken Access Control - Unauthorized Page Access","046983c25bdd16ac645ad5a4c86faff7f7ecdc2971e7dd6960d24b620846ccad"
"backup_dast","aespa_data/db-backups/aespa-2026-06-16.db","9","197","","unvalidated","Missing Security Headers","0da0913f650675ad8db2aa3d9b5922a6bb0282b0ab573ea50f51a0a0f7bfe203"
"backup_dast","aespa_data/db-backups/aespa-2026-06-16.db","9","198","","unvalidated","Missing Security Headers","0fcf8453e1b1712d98b7e5918badf0341514ca413fa12444fe9aaf11485fdde3"
"backup_dast","aespa_data/db-backups/aespa-2026-06-16.db","9","199","","unvalidated","Missing Security Headers","3a56d04814ace87052e6a48a78149cdf3a7aeede4d09400d4a46ce357d5f0592"
"backup_dast","aespa_data/db-backups/aespa-2026-06-16.db","9","200","","unvalidated","Broken Access Control - Unauthorized Page Access","3414620c60b38c99d8b6b496fc422a13a4ea45b2e40e0a606d22a4fbcd388262"
"backup_dast","aespa_data/db-backups/aespa-2026-06-16.db","9","201","","unvalidated","Missing Security Headers","45567c528c9e75ae0288a09b604916b934990d827fe61a3da7138c0dea516dee"
"backup_dast","aespa_data/db-backups/aespa-2026-06-16.db","9","202","","unvalidated","Broken Access Control - Unauthorized Page Access","5e762ad79c84bdbcf73461ff20ed82fd6938ed1d6041788e32c304adadc5b2e4"
"backup_dast","aespa_data/db-backups/aespa-2026-06-16.db","9","203","","unvalidated","Potential Cross-Site Scripting via URL parameter","b41419e42a80360ebb64f823e430a1932513ac4c6a7c6655642a63bbdc712e39"
"backup_dast","aespa_data/db-backups/aespa-2026-06-16.db","9","204","","unvalidated","Broken Access Control - Unauthorized Page Access","8edf2268701d05f475e15d715ece18a0739e26e6a0518382e44f7aa96f0bbac3"
"backup_dast","aespa_data/db-backups/aespa-2026-06-16.db","9","205","","unvalidated","Missing Security Headers","cd81e940102869bc544520a1b07a06b4a8b3305a3ab7254d7d5f952d34b5f934"
"backup_dast","aespa_data/db-backups/aespa-2026-06-16.db","9","206","","unvalidated","Missing Security Headers","64c2f604ab698a6e22aff3cd41335a4f783bf52cd95bf8950e40946065611dc5"
"backup_dast","aespa_data/db-backups/aespa-2026-06-16.db","9","207","","unvalidated","Broken Access Control - Unauthorized Page Access","058f9bcec9a9de3fcb3ef3223cb66d7a59eb0b016d67e3a24549590bc80b5593"
"backup_dast","aespa_data/db-backups/aespa-2026-06-16.db","9","208","","unvalidated","Missing Security Headers","e9b87359a8991dbee7e03a13879311ef69bfdc2076b3147003e8d5057e9a9a73"
"backup_dast","aespa_data/db-backups/aespa-2026-06-16.db","9","209","","unvalidated","Broken Access Control - Unauthorized Page Access","35ff369ce1fca0b84945c3166e71297a27120ab93ce9b272e538530bd7d302af"
"backup_dast","aespa_data/db-backups/aespa-2026-06-16.db","9","210","","unvalidated","Authentication Bypass Detected","cb3fe4b86835ad42a0044c00a8153aa9ce6f8308e1e210eb716c9fcf8f700cc9"
"backup_dast","aespa_data/db-backups/aespa-2026-06-16.db","9","211","","unvalidated","Broken Access Control - Unauthorized Page Access","0e760c35f416bc8e188e24906a7bb3ea6fe3810ad7ca3d5d1c12ec6ea9bf9934"
"backup_dast","aespa_data/db-backups/aespa-2026-06-16.db","9","212","","unvalidated","Missing Security Headers","44874a653c99e763f23ee57750723227760d1487706710e9cbbae173832e451c"
"backup_dast","aespa_data/db-backups/aespa-2026-06-16.db","9","213","","unvalidated","Broken Access Control - Unauthorized Page Access","756682859d2c0724505da04035437256fbdeaf046ac599a72c12dfb4b27d11c0"
"backup_dast","aespa_data/db-backups/aespa-2026-06-16.db","9","214","","unvalidated","Missing Security Headers","59f9c815ca4247cd1ad286cf9f3499f5ca88d90e45576e13f660b3c5afc0b0e2"
"backup_dast","aespa_data/db-backups/aespa-2026-06-16.db","9","215","","unvalidated","Broken Access Control - Unauthorized Page Access","1346c9763f43553eade7822ee1043619612beb84ad47e2ae784a0087cd8d2f57"
"backup_dast","aespa_data/db-backups/aespa-2026-06-16.db","9","216","","unvalidated","Potential IDOR - Direct Object Reference Without Access Control","0b8f7cf07c6345043697568b78a03c5a48d97829622e1103637c74fe97debfcf"
"backup_dast","aespa_data/db-backups/aespa-2026-06-16.db","9","217","","unvalidated","Broken Access Control - Unauthorized Page Access","4faa08ec8f0ef8a9811feb36783859b63152fe265e4a2ddf592f98b148775683"
"backup_dast","aespa_data/db-backups/aespa-2026-06-16.db","9","218","","unvalidated","Missing Security Headers","e4dd1b494a9c51798f163e15c10319879461fa162dfe0fb98dfeb4060c8ad5f3"
"backup_dast","aespa_data/db-backups/aespa-2026-06-16.db","9","219","","unvalidated","Broken Access Control - Unauthorized Page Access","f6b404794f14af0869040cf7a46bbf99217381dd34bd425d96fc91f851044d5d"
"backup_dast","aespa_data/db-backups/aespa-2026-06-16.db","9","220","","unvalidated","Missing Security Headers","28b91f8c9751cdf39adb54df29e7eebfd0c557b1327171d9edfb553c7e8e8af7"
"backup_dast","aespa_data/db-backups/aespa-2026-06-16.db","9","221","","unvalidated","Broken Access Control - Unauthorized Page Access","d2fc3aa950eacb2972a24143c03ebda216a8167d700d94198b5d3370676eb7a3"
"backup_dast","aespa_data/db-backups/aespa-2026-06-16.db","9","222","","unvalidated","Missing Security Headers","dded15117903659b8f98f59c2f19fde16996718a69c85e93e80a01127c3f0e39"
"backup_dast","aespa_data/db-backups/aespa-2026-06-16.db","9","223","","unvalidated","Broken Access Control - Unauthorized Page Access","390a89ae0ded3cd8f5ac92418342ec3db7bd639bdd2fee9d5221c32d75fb01f1"
"backup_dast","aespa_data/db-backups/aespa-2026-06-16.db","9","224","","unvalidated","Missing Security Headers","3c29b020e4efec1b63012b5ea98340d354158059bf55ddd2192da6609791be24"
"backup_dast","aespa_data/db-backups/aespa-2026-06-16.db","9","225","","unvalidated","Broken Access Control - Unauthorized Page Access","68830a63967da11e68443517c04e0312ffce5fba7cbca3b683e6e03eee3c0eda"
"backup_dast","aespa_data/db-backups/aespa-2026-06-16.db","9","226","","unvalidated","Potential IDOR - Direct Object Reference Without Access Control","ceacfcde1d65784b953a273d38de742b86de4a9161c65d84e1fb59c6aef43137"
"backup_dast","aespa_data/db-backups/aespa-2026-06-16.db","9","227","","unvalidated","Broken Access Control - Unauthorized Page Access","a15666e5e5c8291184a9bf24d7b65245d598a90ac489dbbe6ae893384852448e"
"backup_dast","aespa_data/db-backups/aespa-2026-06-16.db","9","228","","unvalidated","Missing Security Headers","26497e6d6fb2cb4c795a48bb59e46cc5f8a34b82856364705a606a9a96fa5d55"
"backup_dast","aespa_data/db-backups/aespa-2026-06-16.db","9","229","","unvalidated","Broken Access Control - Unauthorized Page Access","ee7b50c261a436fa7fcf328d1b3a7414e8fc3bd4953505a4d09835e698a8c7f7"
"backup_dast","aespa_data/db-backups/aespa-2026-06-16.db","12","230","","confirmed","Potential Authentication Bypass on Dashboard","03632c2b0e9c7fa1c79ff48468a3749ca1799120796c0caa5c308eb4d30d2f18"
"backup_dast","aespa_data/db-backups/aespa-2026-06-16.db","12","231","","confirmed","Missing Security Headers","da23617dab3b6309b65f3f373874ed80cb54d4d2beb3f3cfb136c93d270af99e"
"backup_dast","aespa_data/db-backups/aespa-2026-06-16.db","12","232","","confirmed","Missing Security Headers","b45bc52de7b5a062b5b1cf06026beaf58f3192a0abccaba8a4deeab89ad57c76"
"backup_dast","aespa_data/db-backups/aespa-2026-06-16.db","12","233","","confirmed","Missing Security Headers","bc95c3e7d6fc2713aadebd43960dc0092bb87f355b1e76c8ecc3d3aa55b85b80"
"backup_dast","aespa_data/db-backups/aespa-2026-06-16.db","12","234","","confirmed","Broken Access Control - Unauthorized Page Access","443a240c5291df778b095c2e14fb396de04cfdc4cb3433791180b7086d72681d"
"backup_dast","aespa_data/db-backups/aespa-2026-06-16.db","12","235","","confirmed","Authentication Bypass on Help Page","e7eb2a03c028fdb8cba93dc69ce0a75cf0cdf1077a85beca25f9c9ce9da86283"
"backup_dast","aespa_data/db-backups/aespa-2026-06-16.db","12","236","","confirmed","Missing Security Headers","f236559567e4ebc47fde2a742a60a9c8593cf9e1eb43de3ed038da24f78752f0"
"backup_dast","aespa_data/db-backups/aespa-2026-06-16.db","12","237","","confirmed","Broken Access Control - Unauthorized Page Access","d78f0b07835ff6459f90ec21b2bf1a636b47588635e32233640ebffd219875c0"
"backup_dast","aespa_data/db-backups/aespa-2026-06-16.db","12","238","","confirmed","Missing Security Headers","dd902291fa27865dfa30f8a89a6f3b947dcd50cb7e0eaf5fd3da0c18f8459f70"
"backup_dast","aespa_data/db-backups/aespa-2026-06-16.db","12","239","","confirmed","Broken Access Control - Unauthorized Page Access","67308ed4865032f613af34c22cab0fa81ee0df1c8a80b661564840d6b39a15f1"
"backup_dast","aespa_data/db-backups/aespa-2026-06-16.db","12","240","","confirmed","Missing Security Headers","1c68fa16ba0a5cd8055eca030532efe1bc629470430dc75429c533d0896e23dc"
"backup_dast","aespa_data/db-backups/aespa-2026-06-16.db","12","241","","confirmed","Broken Access Control - Unauthorized Page Access","4cdf9f0515b54e7d24f47901314f1b179468a01dfa439c63cb2364e601dd44d2"
"backup_dast","aespa_data/db-backups/aespa-2026-06-16.db","12","242","","confirmed","Missing Security Headers","b747a4df14723660119c4021c39b679a0f7198ef2520840c4b817896866a0ca9"
"backup_dast","aespa_data/db-backups/aespa-2026-06-16.db","12","243","","confirmed","Broken Access Control - Unauthorized Page Access","0cd2779972c0a4f4c453571a56dd2d4b2484273eebf4b9ea9438b15f48a69349"
"backup_dast","aespa_data/db-backups/aespa-2026-06-16.db","12","244","","confirmed","Potential Authorization Bypass","62930e8556ec5002d74caf5f1800dabc6ee527e42e97485f0bd9705a2e0b0bd7"
"backup_dast","aespa_data/db-backups/aespa-2026-06-16.db","12","245","","confirmed","Broken Access Control - Unauthorized Page Access","7072905c890ac3cfc2a448c1034d026ea11e83a12810649e55f1826d8a51015a"
"backup_dast","aespa_data/db-backups/aespa-2026-06-16.db","12","246","","confirmed","Potential Account ID Enumeration via Direct Access","8dd58ea26d01ce44d61e64597d381835d51451643cdf1f16557441f41bb5d92a"
"backup_dast","aespa_data/db-backups/aespa-2026-06-16.db","12","247","","confirmed","Broken Access Control - Unauthorized Page Access","b7a6f6f9cc9bb96ca38f9e4760f9212242e5f37ceba205907a43b92e2765f0da"
"backup_dast","aespa_data/db-backups/aespa-2026-06-16.db","12","248","","confirmed","Missing Security Headers","b67d574a6e88401bd20511e82353b6cf4e6706783038dbad7030f0c372814228"
"backup_dast","aespa_data/db-backups/aespa-2026-06-16.db","12","249","","confirmed","Broken Access Control - Unauthorized Page Access","2e55dd2c2097925deee8d23b795a080a67f80ec91d29da4f2e34bd4c33366d0b"
"backup_dast","aespa_data/db-backups/aespa-2026-06-16.db","12","250","","confirmed","Missing Security Headers","d0ee917bfbcbaaf656e480124c2697b38e3d9f4a9f30e0c1be7aa7cae7312125"
"backup_dast","aespa_data/db-backups/aespa-2026-06-16.db","12","251","","confirmed","Broken Access Control - Unauthorized Page Access","6f958f188625508cd47d1fcfbca6443a447cb20b008dcfa4aff8bd1c77a07cb5"
"backup_dast","aespa_data/db-backups/aespa-2026-06-16.db","12","252","","confirmed","Missing Security Headers","f15cc14f89f851eba40dd7916ab756c5dee82e079370ba3e06a63b5eae38300f"
"backup_dast","aespa_data/db-backups/aespa-2026-06-16.db","12","253","","confirmed","Broken Access Control - Unauthorized Page Access","45c2716b15cb85019adbaab1a4b854a48166fa5b0075b217e45fcffb7c298881"
"backup_dast","aespa_data/db-backups/aespa-2026-06-16.db","12","254","","confirmed","Missing Security Headers","e7e5abff5780a77f9c611cfed84433ea567b9b3adb33e4a203b31016b739da8a"
"backup_dast","aespa_data/db-backups/aespa-2026-06-16.db","12","255","","confirmed","Broken Access Control - Unauthorized Page Access","717fe055608dfbc44a57d8f50470972b4705fa6eba63c1470d0d71248e8e0965"
"backup_dast","aespa_data/db-backups/aespa-2026-06-16.db","12","256","","confirmed","Potential Authentication Bypass via X-Original-URL Header","f1a48630328b64980c6560f415138e1a883c0e96ab4bbd386752880617618921"
"backup_dast","aespa_data/db-backups/aespa-2026-06-16.db","12","257","","confirmed","Broken Access Control - Unauthorized Page Access","2aba6dd1fcbffcd2fa36380687f950e925f4bac6e2ed8db90d294b059309ff25"
"backup_dast","aespa_data/db-backups/aespa-2026-06-16.db","12","258","","confirmed","Missing Security Headers","0451b966bac7aab24f0dde94087fe713508a2181873cf757ae890adee58f9dd1"
"backup_dast","aespa_data/db-backups/aespa-2026-06-16.db","12","259","","confirmed","Broken Access Control - Unauthorized Page Access","ca468280508da70865f9b523d03dbc3636efdf6862949059065c15aef2d31f41"
"backup_dast","aespa_data/db-backups/aespa-2026-06-16.db","12","260","","confirmed","Missing Security Headers","9bb3f71e67e98e7a1c15faff2ea4849958d2e95ea5fe782176c0636d20e26a4d"
"backup_dast","aespa_data/db-backups/aespa-2026-06-16.db","12","261","","confirmed","Broken Access Control - Unauthorized Page Access","1cd31a7cd7f903094757c9dfa3e63d79eb9bd2064964ad13a296fc3be1769a90"
"backup_dast","aespa_data/db-backups/aespa-2026-06-16.db","12","262","","confirmed","Potential Account Information Disclosure","d7bb1f7c74896fbf95be3d14ba5bb591d1cefe0b7d5eb4e035f7cd7731468347"
"backup_dast","aespa_data/db-backups/aespa-2026-06-16.db","12","263","","confirmed","Broken Access Control - Unauthorized Page Access","93816ed6d936a7ac6880c6133eb9fe02ea88e88d2fed9e69bca33a1ac79e00ff"
"backup_dast","aespa_data/db-backups/aespa-2026-06-16.db","12","264","","confirmed","Potential Cross-Site Scripting via URL parameter","999cd7d646c6d2c9f03d6fd778ca22c24a0880108c61d1e99acc01f3ab522037"
"backup_dast","aespa_data/db-backups/aespa-2026-06-16.db","12","265","","confirmed","Broken Access Control - Unauthorized Page Access","c8f2f5e2de25c9d4cb1d5570e684d48c5c4fe67f3ccbe12d11061589525f8604"
"backup_dast","aespa_data/db-backups/aespa-2026-06-16.db","12","266","","confirmed","Potential Authentication Bypass on Transactions Page","c9b4424f95cfe12e908ecb0c3442f8d22376dd13ffebcc11e6125eacd59ffe00"
"backup_dast","aespa_data/db-backups/aespa-2026-06-16.db","12","267","","confirmed","Broken Access Control - Unauthorized Page Access","6b376adb828182665e0457ab035df30a1748d3df1cb701140a1e5ef02e2ffaf5"
"backup_dast","aespa_data/db-backups/aespa-2026-06-16.db","12","268","","confirmed","Potential Authentication Bypass on Transaction Page","e9f274127e3056011c3aef7c4ac318b87403cadc6f96e468874a08d732ca9835"
"backup_dast","aespa_data/db-backups/aespa-2026-06-16.db","12","269","","confirmed","Broken Access Control - Unauthorized Page Access","8b5a8d3e129b35b10b9730c5420edca88d3997aae2cb2ff41d32eb3b00aa8cca"
"backup_dast","aespa_data/db-backups/aespa-2026-06-16.db","12","270","","confirmed","Missing Security Headers","d59f6d004778e8a56c42eb4142f075fc8642b633f79fda14d8f5d68a82601410"
"backup_dast","aespa_data/db-backups/aespa-2026-06-16.db","12","271","","confirmed","Broken Access Control - Unauthorized Page Access","aefb1d57d6a5c806215080a777e1dbec4e34293f814921d33af34fff4668a707"
"backup_dast","aespa_data/db-backups/aespa-2026-06-16.db","12","272","","confirmed","Missing Security Headers","88de384a565c16989e0088fa4067dd5c6e499c5ccde7be54b733bea1ec94aed4"
"backup_dast","aespa_data/db-backups/aespa-2026-06-16.db","12","273","","confirmed","Broken Access Control - Unauthorized Page Access","668368aa3e5bdf25b329aea113b1159d8075f61c97e5d386a90a4dcd52f0ed1e"
"backup_dast","aespa_data/db-backups/aespa-2026-06-16.db","12","274","","confirmed","Missing Security Headers","753e735e8252299ff6f68a1b472124813e7a4dc8b0739cea0d96b2bf41e03ada"
"backup_dast","aespa_data/db-backups/aespa-2026-06-16.db","12","275","","confirmed","Broken Access Control - Unauthorized Page Access","cdab7d2120794c8f09234b8fb47db8c7c54adecb1731ac2054f053b8056c7c05"
"backup_dast","aespa_data/db-backups/aespa-2026-06-16.db","12","276","","confirmed","Missing Security Headers","3a141ae4881a57445fe3b337df7f2d3753bb353dd9b3c943c6d86cebb62dd5b2"
"backup_dast","aespa_data/db-backups/aespa-2026-06-16.db","12","277","","confirmed","Broken Access Control - Unauthorized Page Access","a9a253a3765c4a4eecb8e6c62507686a0f3c64f19e75349f129dafd4cd793879"
"backup_dast","aespa_data/db-backups/aespa-2026-06-16.db","12","278","","confirmed","Missing Security Headers","3afc0a3be2e9d042f9f8152977ab65e89ed5ec23143860818870dc7c0f7201fd"
"backup_dast","aespa_data/db-backups/aespa-2026-06-16.db","12","279","","confirmed","Broken Access Control - Unauthorized Page Access","626ff76d48f6728d185225982ee4237bb03178de5704db1719190dc9aa3f6533"
"backup_dast","aespa_data/db-backups/aespa-2026-06-16.db","12","280","","confirmed","Missing Security Headers","d1052b44adcbb7ad6fa2f183dfcb0b0c6dbad1eeafe2ca0f0401f60740f7d25d"
"backup_dast","aespa_data/db-backups/aespa-2026-06-16.db","12","281","","confirmed","Broken Access Control - Unauthorized Page Access","30f867ac28bb26718780d115f3af321055af088af66941782792dd6453664c9d"
"backup_dast","aespa_data/db-backups/aespa-2026-06-16.db","12","282","","confirmed","Missing Security Headers","f7fcc2b6698073185d977f82cfa50e03b728d7325fb78fbbaa518bc84cde9c9a"
"backup_dast","aespa_data/db-backups/aespa-2026-06-16.db","12","283","","confirmed","Broken Access Control - Unauthorized Page Access","7e51a34a2031ff327a7ed17bfb32f54d4f34257ffc6f533d892d6010d4c7f4ff"
"backup_dast","aespa_data/db-backups/aespa-2026-06-16.db","12","284","","confirmed","Authentication Bypass on Settings Page","988e2b2b750586331d949d4181c956e1596d6c0b2465bcfad6edfaa3c4ce8e59"
"backup_dast","aespa_data/db-backups/aespa-2026-06-16.db","12","285","","confirmed","Missing Security Headers","9f0fd46e22cf8d0ba76ce6c090811a1532dee105236d55ac215e010ed09cba70"
"backup_dast","aespa_data/db-backups/aespa-2026-06-16.db","12","286","","confirmed","Missing Security Headers","aa9e4cff795cfee2d8be9f9ba186a2861d6d03052dc682e32897b038cf8b18bd"
"backup_dast","aespa_data/db-backups/aespa-2026-06-16.db","12","287","","confirmed","Broken Access Control - Unauthorized Page Access","49c4ceb33b07c8e37b5be92359426427d13f7bbe3d28f7d49e37332e01e95851"
"backup_dast","aespa_data/db-backups/aespa-2026-06-16.db","12","288","","confirmed","Missing Security Headers","4194db68079fb97d6365ce5cc050ecd25147f259204faf18ff523f0f667755ad"
"backup_dast","aespa_data/db-backups/aespa-2026-06-16.db","12","289","","confirmed","Missing Security Headers","e6793c434d7bc510f5ad2373963e2a3f98753ce0e64d913b36ff6ac84f2b7a87"
"backup_dast","aespa_data/db-backups/aespa-2026-06-16.db","12","290","","confirmed","Missing Security Headers","63fefae0fae9b13d83f4ab7a13f21bb3887368a9b1c0b45dd2ad27fe69aa5e62"
"backup_dast","aespa_data/db-backups/aespa-2026-06-16.db","12","291","","confirmed","Broken Access Control - Unauthorized Page Access","dc9eb45f67950a276fa2c126a4af1202a9a7e7f3cda3c8f11baa8fd7ac0b763a"
"backup_dast","aespa_data/db-backups/aespa-2026-06-16.db","12","292","","confirmed","Missing Security Headers","9eb0bb4c6473ad24b2d14bd29d7eb9c9fb8cfaad0da5e12d38e2d1160ed851a3"
"backup_dast","aespa_data/db-backups/aespa-2026-06-16.db","12","293","","confirmed","Missing Security Headers","a5662dbf0cd0f2d73f0a740a0b22e434f6f0ae33e1fd2d23570798e1041b89a7"
"backup_dast","aespa_data/db-backups/aespa-2026-06-16.db","12","294","","confirmed","Broken Access Control - Unauthorized Page Access","bb27b3859169520bbd346ba130b9e98a65bba76c808e5e1432cc3b9f076dbae0"
"backup_dast","aespa_data/db-backups/aespa-2026-06-16.db","12","295","","confirmed","Missing Security Headers","6ca46a01f7f2d38216ec83013d7828362c0380b128fcc78c63f4a3e100b433e5"
"backup_dast","aespa_data/db-backups/aespa-2026-06-16.db","12","296","","confirmed","Broken Access Control - Unauthorized Page Access","7d8798d7fc2190810981b433f059f741f1d9433bb199ffc71e03c39d35e483e3"
"backup_dast","aespa_data/db-backups/aespa-2026-06-16.db","12","297","","unvalidated","Missing Security Headers","7d08a35e60c48413267ea4d9d3a4b073d60c47044d04dd5dd2277b8c9edc0d49"
"backup_dast","aespa_data/db-backups/aespa-2026-06-16.db","12","298","","unvalidated","Broken Access Control - Unauthorized Page Access","4577f3a09d86f63b0b8cb38a7408529fb2b67822062c567468300780502e7478"
"backup_dast","aespa_data/db-backups/aespa-2026-06-16.db","12","299","","unvalidated","Missing Security Headers","f8dc60c810091770fcd1461e11da33d73be0ef8ad3866f023d8c018bb81f1d59"
"backup_dast","aespa_data/db-backups/aespa-2026-06-16.db","12","300","","unvalidated","Broken Access Control - Unauthorized Page Access","5e762ad79c84bdbcf73461ff20ed82fd6938ed1d6041788e32c304adadc5b2e4"
"backup_dast","aespa_data/db-backups/aespa-2026-06-16.db","12","301","","unvalidated","Missing Security Headers","586bcb167688180ccde306cc6d85bcf2cee2ff9ed4026c56b324173aee73e776"
"backup_dast","aespa_data/db-backups/aespa-2026-06-16.db","12","302","","unvalidated","Broken Access Control - Unauthorized Page Access","f2234d2f766a7c1f9a87858361017cfc7057e976935984642702cadd829bae1e"
"backup_dast","aespa_data/db-backups/aespa-2026-06-16.db","12","303","","unvalidated","Missing Security Headers","389e27484959040e5b43a9e7e536bac1876e48119569d1b7f4106dd50c3dd11f"
"backup_dast","aespa_data/db-backups/aespa-2026-06-16.db","12","304","","unvalidated","Missing Security Headers","88a6a148d1002e8fcf5ea74484783f01dd80b688f0d37015cbebb73695da941d"
"backup_dast","aespa_data/db-backups/aespa-2026-06-16.db","12","305","","unvalidated","Broken Access Control - Unauthorized Page Access","3802c34daa423888ffa3bc138c8ea7fbd1544e9639a03c8f22fe99717a66ea56"
"backup_dast","aespa_data/db-backups/aespa-2026-06-16.db","16","306","","confirmed","Missing Security Headers","faff6f05b3fe24b620c5d26475da1d4aa1fe68b9b3df027947cd30decd379542"
"backup_dast","aespa_data/db-backups/aespa-2026-06-16.db","16","307","","false_positive","Authentication Bypass on Dashboard","dd6dd7c2ecd9eda9ab54d7d34a322090925fab57f8214ceb6bb80b28d2a65c30"
"backup_dast","aespa_data/db-backups/aespa-2026-06-16.db","16","308","","confirmed","Missing Security Headers","6cde7e56ac5bbbb632103e9d1e6788d451670b6e459593a28416776931a022fe"
"backup_dast","aespa_data/db-backups/aespa-2026-06-16.db","16","309","","confirmed","Missing Security Headers","1ffe4a4314d45df7d33dd00f251c91a4782987486b7e5fa8ff4adcbfef1c4a8f"
"backup_dast","aespa_data/db-backups/aespa-2026-06-16.db","16","310","","confirmed","Missing Security Headers","b8fbb8f255dd54b4f9b68a836d99863bc2aad2242a4b743ccb7186fdd2bc5857"
"backup_dast","aespa_data/db-backups/aespa-2026-06-16.db","16","311","","confirmed","Missing Security Headers","70a895e9e771107176b9c4a99b4a4a9ae6e7c24c5695eae6b60eccca42b360a8"
"backup_dast","aespa_data/db-backups/aespa-2026-06-16.db","16","312","","confirmed","Missing Security Headers","fd5723c40860c9722732fbb26687575456bdd31616791392097fcfcc252c0c4a"
"backup_dast","aespa_data/db-backups/aespa-2026-06-16.db","16","313","","confirmed","Missing Security Headers","8e60350740e6086b08c36c0edebe2a55e7d9a80446a402ba0825faa85f320989"
"backup_dast","aespa_data/db-backups/aespa-2026-06-16.db","16","314","","confirmed","Missing Security Headers","a9c3fadc92ab695df6a34f2422e6ae3b9f13277a57b9059f49bd46ceaba1f04e"
"backup_dast","aespa_data/db-backups/aespa-2026-06-16.db","16","315","","confirmed","Missing Security Headers","a011db3642ee2b916f8617aa393b633f151a86a1a6458b6792a1c86f5c0e8682"
"backup_dast","aespa_data/db-backups/aespa-2026-06-16.db","16","316","","confirmed","Missing Security Headers","50b3fd12ec646a691ca3105c3575eb8438a30dea88db5c4ac2b17fb1745ed932"
"backup_dast","aespa_data/db-backups/aespa-2026-06-16.db","16","317","","confirmed","Missing Security Headers","a46d6fa36dce5dae168346d0a2f205853dde3938c4c3fd5f90fce2bc8359d515"
"backup_dast","aespa_data/db-backups/aespa-2026-06-16.db","16","318","","confirmed","Missing Security Headers","7b0d44f369f6c4fc637792921a58e89dc0ca51c68573bafc03dcee3aaea7c56f"
"backup_dast","aespa_data/db-backups/aespa-2026-06-16.db","16","319","","confirmed","Missing Security Headers","42bb37ad023027ad6186e33d3daefb4014e38aed649fbd198794e05c83fff487"
"backup_dast","aespa_data/db-backups/aespa-2026-06-16.db","17","320","","confirmed","Missing Security Headers","8e30f831f86a9cd5d9216fb1cb7f53087ef2cb1499d471f1d8947d945d7402ae"
"backup_dast","aespa_data/db-backups/aespa-2026-06-16.db","17","321","","false_positive","Missing Authorization Header","6f14c3299d26136f243bd21083e524c3e2c785ead7bbc77aca743020d8e9a825"
"backup_dast","aespa_data/db-backups/aespa-2026-06-16.db","17","322","","confirmed","Missing Security Headers","f4797c053de6e4aa9571024718b4eaceb9eb6bf827bcc8a9fec6b29a7b2dbc58"
"backup_dast","aespa_data/db-backups/aespa-2026-06-16.db","17","323","","confirmed","Missing Security Headers","8e91de0c7d4515571d6c872a1dbbbff653c2b91f5b2b36f6acde69e4ee546701"
"backup_dast","aespa_data/db-backups/aespa-2026-06-16.db","17","324","","false_positive","Authentication Bypass via Missing Authorization Header","411715517a010a1e0484a4dbc31659abb82285e7e06dfc17b97257e7c90f37be"
"backup_dast","aespa_data/db-backups/aespa-2026-06-16.db","17","325","","confirmed","Missing Security Headers","03abf32fd77501b75b520a0a7bb8bf3ca425044f1979ecb3ef1f2f4ab0265334"
"backup_dast","aespa_data/db-backups/aespa-2026-06-16.db","17","326","","false_positive","Missing Authorization Header","28e3829454b4dca8fc947bce324cb2b836a95717f28af0e46580f7f2a4aa3001"
"backup_dast","aespa_data/db-backups/aespa-2026-06-16.db","17","327","","confirmed","Missing Security Headers","db1cb70a9acd7135d30c7616e30f3453ea455d50eb40223d591d53bc4e440039"
"backup_dast","aespa_data/db-backups/aespa-2026-06-16.db","17","328","","confirmed","Missing Security Headers","b60998337c83064a45a13ab7d11b8141c398313ca18666228efdaf6590e8adca"
"backup_dast","aespa_data/db-backups/aespa-2026-06-16.db","17","329","","confirmed","Missing Security Headers","8204da49a70ead1968abea28ad4bef2fe2d9cd279e5690200aaa816bdb1ffd9d"
"backup_dast","aespa_data/db-backups/aespa-2026-06-16.db","17","330","","false_positive","IDOR - Insecure Direct Object Reference","a96890339619f83627850b78ee0b473dbc66a821afb5431c43a865701adcd5e1"
"backup_dast","aespa_data/db-backups/aespa-2026-06-16.db","17","331","","false_positive","IDOR - Insecure Direct Object Reference","8303b2e4aaf8845d4635f51a6bb41764bdf2e90b73c785997ffddd190d1936ad"
"backup_dast","aespa_data/db-backups/aespa-2026-06-16.db","17","332","","confirmed","Missing Security Headers","93d52063a40e9a7b4d86a39cd81debec2dc6f15302e649c44a1cde48adb0b81a"
"backup_dast","aespa_data/db-backups/aespa-2026-06-16.db","17","333","","confirmed","Missing Security Headers","9e2633f75a6cc7e82f65c33c89c0106aba223c8876b1f017608b52abbc0f6232"
"backup_dast","aespa_data/db-backups/aespa-2026-06-16.db","17","334","","false_positive","IDOR - Insecure Direct Object Reference","2d3966330275a0fc49801a1bc87d33a7d84ff3d94a2731ca9f945c9ef041fb55"
"backup_dast","aespa_data/db-backups/aespa-2026-06-16.db","17","335","","false_positive","IDOR - Insecure Direct Object Reference","60e1e4091957d85afd19b4802da0bc1f927f16d382de3d8589ba6ce35b8d32c0"
"backup_dast","aespa_data/db-backups/aespa-2026-06-16.db","17","336","","false_positive","Potential Account ID Enumeration via String IDs","08a89474101d332578c63dc0a7d4416967fe13cba6ceea99022f413a0bcdd9a4"
"backup_dast","aespa_data/db-backups/aespa-2026-06-16.db","17","337","","confirmed","Missing Security Headers","7a65bab03f72330a429701d99b9146890295097b517d953106220c584668f1ae"
"backup_dast","aespa_data/db-backups/aespa-2026-06-16.db","17","338","","false_positive","IDOR - Insecure Direct Object Reference","5bb73452e73b72ba20f9663f37178167f1bb3b7b73ccd511aa24d5cb5aaf9777"
"backup_dast","aespa_data/db-backups/aespa-2026-06-16.db","17","339","","confirmed","Missing Security Headers","0c379285d6331ade806d963ad81f846230e9275416c7bad105b28551f2065981"
"backup_dast","aespa_data/db-backups/aespa-2026-06-16.db","17","340","","false_positive","IDOR - Insecure Direct Object Reference","d95f3e35ffe6412ff2773d1b7307f8f7fd43d28064f066f4c857e8615e715dbf"
"backup_dast","aespa_data/db-backups/aespa-2026-06-16.db","17","341","","confirmed","Missing Security Headers","a8c6d1727b33cb534cd207426bf0416e00020620fe15501e3c6f7717fe2857df"
"backup_dast","aespa_data/db-backups/aespa-2026-06-16.db","17","342","","false_positive","IDOR - Insecure Direct Object Reference","de3b3f2af12d377095987cf52522a10f6ace4a09705b8ece4ba33536bc6d5cd2"
"backup_dast","aespa_data/db-backups/aespa-2026-06-16.db","17","343","","confirmed","Missing Security Headers","40b003842dc115d4459367ebb1c6af571caa772bbb4eaf875719574097f06692"
"backup_dast","aespa_data/db-backups/aespa-2026-06-16.db","17","344","","false_positive","IDOR - Insecure Direct Object Reference","e44b4d643c0a43aaa99a9bafaea8d3f104fa4948eb6768a37ad26b92f61b793d"
"backup_dast","aespa_data/db-backups/aespa-2026-06-16.db","18","345","","confirmed","Missing Security Headers","7f36dbcf79273b52b358202d0426fce018abc50887668c201644616b3a3e85cf"
"backup_dast","aespa_data/db-backups/aespa-2026-06-16.db","18","346","","false_positive","Missing Authorization Header","b31b7714be164d103be8679d214673b3dffdfd265d97827e1191324e03b9d94e"
"backup_dast","aespa_data/db-backups/aespa-2026-06-16.db","18","347","","confirmed","Missing Security Headers","8344a1771b08dd442ca7a11035cb1634e1e1f01f8b531f195388497c7a368314"
"backup_dast","aespa_data/db-backups/aespa-2026-06-16.db","18","348","","confirmed","Missing Security Headers","f6fa642d14ab4c22bc3bdf0dbd3cece8bc37932c5d86d5c4b9b819d696931d36"
"backup_dast","aespa_data/db-backups/aespa-2026-06-16.db","18","349","","false_positive","Missing Authorization Header","95c3f9e06e1ed87bc13e7fe7943b4a9c81caf767d40efdd85c932d4197fcd156"
"backup_dast","aespa_data/db-backups/aespa-2026-06-16.db","18","350","","confirmed","Missing Security Headers","df27ecb20e3b66c1abcbb6d5b7193826cd5a37aa3647f1bc0d1136f2001ac02c"
"backup_dast","aespa_data/db-backups/aespa-2026-06-16.db","18","351","","false_positive","Unauthorized Access Attempt","9e792a8c1c1c6b6c560b76e757457f3796a3896b24ed42d44e4c32e4c0e952e2"
"backup_dast","aespa_data/db-backups/aespa-2026-06-16.db","18","352","","confirmed","Missing Security Headers","76b1de1be217ebabdb0dd3c08b8fdf1ef64ad1539fdf2e6a2ea64faab4e5f574"
"backup_dast","aespa_data/db-backups/aespa-2026-06-16.db","18","353","","confirmed","Missing Security Headers","e54895d7837191d8fd121bccc8000ec87c45839448bd1b52ec152b7fb15839ba"
"backup_dast","aespa_data/db-backups/aespa-2026-06-16.db","18","354","","confirmed","Missing Security Headers","f52fc1ce88607b0fa9d3fe2bb7e3eb198f8c598710443f85a193d264c72a285f"
"backup_dast","aespa_data/db-backups/aespa-2026-06-16.db","18","355","","false_positive","IDOR - Insecure Direct Object Reference","d7199990683ffa94789618d1348c713ddc5811af276ec4cb4527c4f887c59f08"
"backup_dast","aespa_data/db-backups/aespa-2026-06-16.db","18","356","","false_positive","IDOR - Insecure Direct Object Reference","d759f1e78dcd78cdfc1d8797a9e1a2b778946191709f1b55c20aa6bee5a050b0"
"backup_dast","aespa_data/db-backups/aespa-2026-06-16.db","18","357","","confirmed","Missing Security Headers","eadfa72b2d4a3e71a2fc6ae818ef6426d437ac94618fe5ff3739e9b8659673f8"
"backup_dast","aespa_data/db-backups/aespa-2026-06-16.db","18","358","","confirmed","Missing Security Headers","def8466f36a2e817e364b1372b8e83a85daad9bf41136e7ee4dcfcd29ab66a9a"
"backup_dast","aespa_data/db-backups/aespa-2026-06-16.db","18","359","","false_positive","IDOR - Insecure Direct Object Reference","897461cbfb8364d94358bfd6e0b2ffa2737ea7966afa3a9b1642b4721ab58018"
"backup_dast","aespa_data/db-backups/aespa-2026-06-16.db","18","360","","false_positive","IDOR - Insecure Direct Object Reference","af0e698635378da07171f4de33f54219053a4d1e2faa96a0cd5c201ad4b4158b"
"backup_dast","aespa_data/db-backups/aespa-2026-06-16.db","18","361","","confirmed","Missing Security Headers","539e44a1c83532d578572c4bb632d504d857b756309900b013c1ae54bfbc3738"
"backup_dast","aespa_data/db-backups/aespa-2026-06-16.db","18","362","","confirmed","Missing Security Headers","fd0c5e93ba28ba6f1771c931010817805fc1c67040f30541c5234b6c6b3b679c"
"backup_dast","aespa_data/db-backups/aespa-2026-06-16.db","18","363","","false_positive","IDOR - Insecure Direct Object Reference","9a3df92c38359287fee84f7fa4cfe461f768a28db00ffd99ff1c57e5ff0a0fe7"
"backup_dast","aespa_data/db-backups/aespa-2026-06-16.db","18","364","","false_positive","IDOR - Insecure Direct Object Reference","5c34fd6c862ab79288a1b5bf55d3a368915e13ce7ba5fb798659d8b3c1e139da"
"backup_dast","aespa_data/db-backups/aespa-2026-06-16.db","18","365","","confirmed","Missing Security Headers","f36afd8c20348c4ec873e2c3b94423c6f9c49805073e106ea59fbce21fd57205"
"backup_dast","aespa_data/db-backups/aespa-2026-06-16.db","18","366","","false_positive","IDOR - Insecure Direct Object Reference","05b6da9ac9444d4e3ebd41371b05477004bf1ae656397a8a974f55b6474bc0a9"
"backup_dast","aespa_data/db-backups/aespa-2026-06-16.db","18","367","","confirmed","Missing Security Headers","e8e01b53c200529d4344a31e00336c2478b5a48bab346dbaf72f3b189e2c97bf"
"backup_dast","aespa_data/db-backups/aespa-2026-06-16.db","18","368","","false_positive","IDOR - Insecure Direct Object Reference","2ce59950d3e62bc03fd4647d40a5ab5286653adb361ca1a9db168029ac9329e3"
"backup_dast","aespa_data/db-backups/aespa-2026-06-16.db","18","369","","confirmed","Missing Security Headers","1364989b1b7696a36412d2c4a4eededa1b82c5c9b2d10193df4174642996d4ad"
"backup_dast","aespa_data/db-backups/aespa-2026-06-16.db","18","370","","false_positive","IDOR - Insecure Direct Object Reference","e0b4f1283436d8e68374d6316bdeea7a909f4e21ed34a20dfdfa0fa8677fe726"
"backup_dast","aespa_data/db-backups/aespa-2026-06-16.db","20","371","","confirmed","Missing Security Headers","1435f310ff94ade02c50414dd903042727ac490999364a770c07e348098acd42"
"backup_dast","aespa_data/db-backups/aespa-2026-06-16.db","20","372","","false_positive","Authentication Bypass Attempt Detected","ebcc3a2002e4f23a5aa25789af67437667d81985cab5900b118ad94784fd7bd6"
"backup_dast","aespa_data/db-backups/aespa-2026-06-16.db","20","373","","confirmed","Missing Security Headers","b4b34ba54007ca32eb81054d6a82746ea9630a2a301a6e720165d3be960d9d69"
"backup_dast","aespa_data/db-backups/aespa-2026-06-16.db","20","374","","confirmed","Missing Security Headers","77f08b1dd749c0239a63e15b8410e80606256ed3d796fb9f1e0fd90ccfab8e88"
"backup_dast","aespa_data/db-backups/aespa-2026-06-16.db","20","375","","false_positive","Authentication Bypass Attempt Detected","8aed46242086c4dc8f0edc755aea9b5d715936578d34a2ed5bbe555645cb9352"
"backup_dast","aespa_data/db-backups/aespa-2026-06-16.db","20","376","","confirmed","Missing Security Headers","48cee99b393c4b8995ea130c54cf19319e50146c2342955052e2100f533bc5eb"
"backup_dast","aespa_data/db-backups/aespa-2026-06-16.db","20","377","","false_positive","Authentication Bypass Attempt Detected","b971a06268aa8019bc0712ef5ddd8c4c78360ebfcf60d7b7fcbcd02872aacbfd"
"backup_dast","aespa_data/db-backups/aespa-2026-06-16.db","20","378","","confirmed","Missing Security Headers","a44bfb432a8b69e821bc6bd14d4622a13a6106a8ddfbfcc0588894010fb874ea"
"backup_dast","aespa_data/db-backups/aespa-2026-06-16.db","20","379","","confirmed","Missing Security Headers","77b763bbfa3d5600445600ef09cd2f7fcd14f41cdf08941e103f01d4f0208784"
"backup_dast","aespa_data/db-backups/aespa-2026-06-16.db","20","380","","confirmed","Missing Security Headers","c4836a36b0e495b64a397dfcbd24de7d18763eca428963a5b4989577911bc05b"
"backup_dast","aespa_data/db-backups/aespa-2026-06-16.db","20","381","","false_positive","IDOR - Inconsistent Authorization Handling","8f7eaf2a45096a6d6333db868a714a1ad89967c0108828f5749e80e7b2e8b898"
"backup_dast","aespa_data/db-backups/aespa-2026-06-16.db","20","382","","false_positive","IDOR - Insecure Direct Object Reference","6ea35cef3275f7af861f444a83512c38b397d5721128f1d37fb525f55aac6451"
"backup_dast","aespa_data/db-backups/aespa-2026-06-16.db","20","383","","confirmed","Missing Security Headers","dcc1834d42177b742c64654463045fc50ba59ae30617f144e5c3f31f2ab72e83"
"backup_dast","aespa_data/db-backups/aespa-2026-06-16.db","20","384","","confirmed","Missing Security Headers","718c48c46a500a64b260cf1851bb89b800427bd1312ba687e670e3433c6c4853"
"backup_dast","aespa_data/db-backups/aespa-2026-06-16.db","20","385","","false_positive","IDOR - Insecure Direct Object Reference","730753f7861346ffeac3c48110a0e6fd0e3b71595e5d325fce50425b0a38ae1b"
"backup_dast","aespa_data/db-backups/aespa-2026-06-16.db","20","386","","false_positive","IDOR - Insecure Direct Object Reference","e75e21d438a6bbf6b8078065eb75555d6a98c3d92207ac6977b61a6bc31d04f4"
"backup_dast","aespa_data/db-backups/aespa-2026-06-16.db","20","387","","false_positive","Potential Account ID Parameter Injection","9d1a23894948ed7fdd9813728a7001165d9031e2e19691db421ed03e132cf4c4"
"backup_dast","aespa_data/db-backups/aespa-2026-06-16.db","20","388","","confirmed","Missing Security Headers","93d13c06fe07ca954547a348db57fffbe20f71f4dc1848d971056ebe3355dfa3"
"backup_dast","aespa_data/db-backups/aespa-2026-06-16.db","20","389","","false_positive","IDOR - Insecure Direct Object Reference","73026984196898fd4c2491c9cc5ffa59c5476e141e97feab8b216c8fee44c379"
"backup_dast","aespa_data/db-backups/aespa-2026-06-16.db","20","390","","false_positive","IDOR - Insecure Direct Object Reference","d96a0fd1042e2a74359ea89d40fd31f35106da3504820cedcde16fc2d2499f6e"
"backup_dast","aespa_data/db-backups/aespa-2026-06-16.db","20","391","","confirmed","Missing Security Headers","2026a7eca12e48e0a9c65fa7fab53a5f4244118044b5be1b9df9a1dcdd8769df"
"backup_dast","aespa_data/db-backups/aespa-2026-06-16.db","20","392","","false_positive","IDOR - Insecure Direct Object Reference","1d5f70fe80dd4f4bfdec93e3e4d37add4dc7884bfb72835fee54699e49d3c1b7"
"backup_dast","aespa_data/db-backups/aespa-2026-06-16.db","20","393","","confirmed","Missing Security Headers","ffc41a38a94fad1982bed3a9eae05fc5431028694387be0013ffc628c75461a0"
"backup_dast","aespa_data/db-backups/aespa-2026-06-16.db","20","394","","false_positive","IDOR - Inconsistent Access Control on User Account Endpoint","ada5e99c444d0f3987c5c9f5304408e439a804b0b8b606aec7167d4260b9df0f"
"backup_dast","aespa_data/db-backups/aespa-2026-06-16.db","20","395","","confirmed","Missing Security Headers","4c8b5b6f4a3f446539055471dfadd5d1c60330c173ce2c72f6738c537b9939dc"
"backup_dast","aespa_data/db-backups/aespa-2026-06-16.db","26","464","","unvalidated","Unauthenticated health endpoint discloses production secrets and configuration","7125fd2628711f8fbcc7abcaf718dc9e4c94a1733992f9a1dac3547b534e22c9"
"backup_dast","aespa_data/db-backups/aespa-2026-06-16.db","26","465","","unvalidated","JWT signing secret is exposed by API metadata","3b7da7fd57b605c382c6492d3b74ea737af2eee258eb3947122533a694e64adb"
"backup_dast","aespa_data/db-backups/aespa-2026-06-16.db","26","466","","unvalidated","Default admin credentials grant administrative access","7311530f9b463f36eaebb77798ba1a024118a6df0bcd26cfec7da85c7a5702d7"
"backup_dast","aespa_data/db-backups/aespa-2026-06-16.db","26","467","","unvalidated","Admin customer list exposes personally identifiable information","ad5f4c2d0fdb872d5bedada986ffa7ca9831f921262ea2429846da3073bf90db"
"backup_dast","aespa_data/db-backups/aespa-2026-06-16.db","26","468","","unvalidated","Admin customer detail endpoint exposes account numbers and balances","4c168d51bd4718a5bd1bd8c07b3706cd8437f2f8027d53b9de90a7f0a54c2325"
"backup_dast","aespa_data/db-backups/aespa-2026-06-16.db","26","469","","unvalidated","Registration response serializes sensitive account fields","bca402b930af1cb7c8a246ffca13150aca87a84b399b4f24e8358fdd522346b8"
"backup_dast","aespa_data/db-backups/aespa-2026-06-16.db","26","470","","unvalidated","Profile endpoint exposes sensitive authentication fields","974e267820c1420622c127cec7531f0c7379b7a899e468d0c45824b4a050d49a"
"backup_dast","aespa_data/db-backups/aespa-2026-06-16.db","26","471","","unvalidated","API allows overly broad cross-origin requests","e4642ff92c921b4e84f76d4c308347e65beec540ee321ee4ae1bb11cd2c4bbc1"
"backup_dast","aespa_data/db-backups/aespa-2026-06-16.db","26","472","","unvalidated","Customer SPA stores bearer tokens in localStorage","8114ed1f38ccfcb84b761edad3a581e89171a09dc4bdb99d1eb35cddb02fa03c"
"backup_dast","aespa_data/db-backups/aespa-2026-06-16.db","26","473","","unvalidated","Admin SPA stores administrative bearer tokens in localStorage","ac629a6773ca93d2cc6664de08404b658e30925eb9ac1f66a0c456e14887edf6"
"backup_dast","aespa_data/db-backups/aespa-2026-06-16.db","26","474","","unvalidated","Admin login shows no lockout or throttling during repeated credential attempts","de20d28fa389967b11dac8cf86764dfda4baea555cb6c060061e4ac7cb74a9d2"
"backup_dast","aespa_data/db-backups/aespa-2026-06-16.db","27","475","","unvalidated","Password hash exposed in login API response","28f9d3b1d5fc7eef1b2e2327a48bfd66a5d4c5ebf2a7524a435ccf20b9d0c527"
"backup_dast","aespa_data/db-backups/aespa-2026-06-16.db","27","476","","unvalidated","Admin panel accessible with default credentials enabling arbitrary balance manipulation","dfa12bc16c490a085092b3362ad6cd0b4f2670e79a355cab3e2e8a0732f243a6"
"backup_dast","aespa_data/db-backups/aespa-2026-06-16.db","27","477","","unvalidated","CORS misconfiguration: wildcard origin with credentials allowed","8692f523ae6821a52b75c92b338a4954da270e8f203b131949967dcd321d45d4"
"backup_dast","aespa_data/db-backups/aespa-2026-06-16.db","27","478","","unvalidated","IDOR on external transfer endpoint allows draining any customer account","df52be9bc1b83d659bbf738fa90613c439a13bfd5ba80e4589ff0df9586a792c"
"backup_dast","aespa_data/db-backups/aespa-2026-06-16.db","27","479","","unvalidated","IDOR on POST /api/transfers/external allows draining any customer account","d4304bb69e0ea2e35a9174b653c4361f8ef3232eca79f6424de1174c5e424f2a"
"backup_dast","aespa_data/db-backups/aespa-2026-06-16.db","27","480","","unvalidated","Weak Default Credentials on Admin Authentication Endpoint","32f9b85ccb2197e8cd661beadba3e26c87a49f0778d1ac17f5fc5bd08efbe491"
"backup_dast","aespa_data/db-backups/aespa-2026-06-16.db","27","481","","unvalidated","Admin Panel Accessible Without Authentication - No Access Control on /admin/","cab38032fcff61843f253a82a23aefa0becaccae3069bb2ca4d4fac3c9f2242d"
"backup_dast","aespa_data/db-backups/aespa-2026-06-16.db","27","482","","unvalidated","Overly Permissive CORS Configuration on Admin API","547f267c231ae2341573d4f263275e21039181b0e2197d584f8a8f539a417429"
"backup_dast","aespa_data/db-backups/aespa-2026-06-16.db","27","483","","unvalidated","Server Version Disclosure via Server Response Header","144517c430e4b98dc433e6f6f598e183a810d0fbe2fa4ff38f8b7ffbf8f94af7"
"backup_dast","aespa_data/db-backups/aespa-2026-06-16.db","27","484","","unvalidated","No KYC / Identity Verification Allows Anonymous Account Creation","3883c009892e32d83e469646448003203c8e3bfa75fe0a82a44c76639b2988f3"
"backup_dast","aespa_data/db-backups/aespa-2026-06-16.db","27","485","","unvalidated","Missing Content-Security-Policy Header","abfea99054fbabcc5cf05f6a4de7d6790c8b25fca6851f66acfdaef1661e9684"
"backup_dast","aespa_data/db-backups/aespa-2026-06-16.db","27","486","","unvalidated","Admin JWT Token Stored in localStorage - Vulnerable to XSS Theft","e1697b4b8edb2cfe428f4ff2fcaf8a976bebe7540c3821a41e721832171006cc"
"backup_dast","aespa_data/db-backups/aespa-2026-06-16.db","27","487","","unvalidated","Admin API Exposes Full Customer Account Inventory Without Scoped Access Control","e7a22012dbe222a60aaec6da722325f8f328cb63dc49d178a3e3fa9340e331cd"
"backup_dast","aespa_data/db-backups/aespa-2026-06-16.db","27","488","","unvalidated","Stored XSS Payloads Present in Admin Account Listing Response","f055665e1db4a462f75bdc12245b442f8d22d4e3a5e28f90ce89f9cfa177a5ef"
"backup_dast","aespa_data/db-backups/aespa-2026-06-16.db","27","489","","unvalidated","CORS Misconfiguration: Wildcard Origin Combined with Access-Control-Allow-Credentials: true","b8ded27a0793ef7ec5917fb157432c497eb5883baa618f6dba2823823df3412d"
"backup_dast","aespa_data/db-backups/aespa-2026-06-16.db","27","490","","unvalidated","Server Version Disclosure via Server Response Header","589648a6003716f5c4fb9967beaeb957ec85dea8aedf396fe0045f41550e4177"
"backup_dast","aespa_data/db-backups/aespa-2026-06-16.db","27","491","","unvalidated","Weak Default Password Allows Login to Seeded Customer Account","940b845de1eb4fafaae251888fc487a392e8fb03d61c0fcc7fc7ef62cb846210"
"backup_dast","aespa_data/db-backups/aespa-2026-06-16.db","27","492","","unvalidated","Password Hash Exposed in Login API Response","319341695223bd2bc3e47e1b20061ae9ec46025e7c6eba255ec6f8dc22c0e933"
"backup_dast","aespa_data/db-backups/aespa-2026-06-16.db","27","493","","unvalidated","Cross-Origin Resource Sharing (CORS) Misconfiguration - Wildcard with Credentials","09440967afd4a388ed09a3f9890eb22bc0894d5843f4b79fdacd517af35ee151"
"backup_dast","aespa_data/db-backups/aespa-2026-06-16.db","27","494","","unvalidated","Insecure Direct Object Reference - Cross-User Transaction Data Exposed","3f9667763391b8d24505559ae6f706112354bdec570ff02edefc345b1d586186"
"backup_dast","aespa_data/db-backups/aespa-2026-06-16.db","27","495","","unvalidated","Verbose Server Version Disclosure in HTTP Headers","a4a71b7924e1e75314390cd0947a35cbac4f98c5d4258321608bebc3af4a1902"
"backup_dast","aespa_data/db-backups/aespa-2026-06-16.db","27","496","","unvalidated","Static JavaScript Source Files Publicly Accessible Without Authentication","2202753f8341ab1f18e7af188f8856605ba1037e2987c0f01ad71657944f5a9d"
"backup_dast","aespa_data/db-backups/aespa-2026-06-16.db","27","497","","unvalidated","IDOR on External Transfer Endpoint Allows Draining Any Customer Account","56d5b7c13586d8df84a608bd2cb22ec1f74b789d83fe84af15e1ce9bf6724e54"
"backup_dast","aespa_data/db-backups/aespa-2026-06-16.db","27","498","","unvalidated","Admin Balance Manipulation Endpoint Accessible Without Adequate Protection (No CSRF / Token Reuse Risk)","f16c36d52d01ef98f9ed09419df643f99dd8789060420d702a1f7f1fbe5fcdf0"
"backup_dast","aespa_data/db-backups/aespa-2026-06-16.db","27","499","","unvalidated","Wildcard CORS with Credentials Enabled on All API Endpoints","4ad2a16ecf2760d1788277c2b032b7bc12bea16ae4751237fe0ad96f7f629851"
"backup_dast","aespa_data/db-backups/aespa-2026-06-16.db","27","500","","unvalidated","External Transfer Bypasses TOTP Verification","35c04251cda76655e022ea6b34d00d06654a0ddb8af252f683d5d94ad4d4d866"
"backup_dast","aespa_data/db-backups/aespa-2026-06-16.db","27","501","","unvalidated","Server Version Disclosed in HTTP Response Headers","1a78539837981e16c7d0125d5d5d7c320aaae935c80532f8d49a13d04936b1a1"
"backup_dast","aespa_data/db-backups/aespa-2026-06-16.db","28","502","","unvalidated","Exposed JWT Secret in API Response","456bf75884c091afa0cded67650730bd6de0bd14b2742ce1696c2d4b26bfc8b4"
"backup_dast","aespa_data/db-backups/aespa-2026-06-16.db","28","503","","unvalidated","Version Disclosure in HTTP Headers","eedd4ad6129cbf7e95d8ea1cf13c9f909f8161cdc3a9225a6399493997ca364f"
"backup_dast","aespa_data/db-backups/aespa-2026-06-16.db","29","504","","unvalidated","Login endpoint misconfiguration (HTTP 404)","0cb4a580adf9219bb42b26b34f52c5d2384a627e73d270530308bad00b202ffe"
"backup_dast","aespa_data/db-backups/aespa-2026-06-16.db","29","505","","unvalidated","Server version disclosure in HTTP headers","bf33f23fd426c5430fd21f777cb7d4ca2cabd89bbe6d2aff6f171644aeaca209"
"backup_dast","aespa_data/db-backups/aespa-2026-06-16.db","30","506","","unvalidated","Admin panel accessible with default credentials enabling arbitrary balance manipulation","dbd45c09122d2052b71f60f20270b7fc2ee34dcf247148f0bc27ea54041e3095"
"backup_dast","aespa_data/db-backups/aespa-2026-06-16.db","30","507","","unvalidated","IDOR on external transfer endpoint allows draining any customer account","3bd3da199d3576f9a0e3978135ca88a142be4b3fe113e409890c7ff445605e94"
"backup_dast","aespa_data/db-backups/aespa-2026-06-16.db","30","508","","unvalidated","IDOR on External Transfer Endpoint Allows Draining Any Customer Account","9254976a9d66613f36ceafdb69b26e6a9dbbbae82f49e4e32c4a79266b6b6f9a"
"backup_dast","aespa_data/db-backups/aespa-2026-06-16.db","30","509","","unvalidated","IDOR on POST /api/transfers/external allows draining any customer account","2bce366a3a9226db2949abf266143a389afc2edb72668a7b438fe79c18a222a6"
"backup_dast","aespa_data/db-backups/aespa-2026-06-16.db","30","510","","unvalidated","Weak Default Credentials on Admin Authentication Endpoint","ed676c388f0ce25cb249e831f7558e4c624c88b66f04cc01aa5cbf25bd4152ae"
"backup_dast","aespa_data/db-backups/aespa-2026-06-16.db","30","511","","unvalidated","Admin API Exposes Full Customer Account Inventory Without Scoped Access Control","e8bb51e6c0c9e48e11f28b46e89919792210495c7213dd148a2d42a40b9ae894"
"backup_dast","aespa_data/db-backups/aespa-2026-06-16.db","30","512","","unvalidated","Admin Balance Manipulation Endpoint Accessible Without Adequate Protection (No CSRF / Token Reuse Risk)","3bb104f59f6fc330bd38fb4c1e4b5adbde5aa2bb74c7c9de83efa870ec79b24f"
"backup_dast","aespa_data/db-backups/aespa-2026-06-16.db","30","513","","unvalidated","Admin Panel Accessible Without Authentication - No Access Control on /admin/","2a9ab14b608427d818c3e54d94c7027facd82b74a65e8324203ea875863ba8e0"
"backup_dast","aespa_data/db-backups/aespa-2026-06-16.db","30","514","","unvalidated","CORS misconfiguration: wildcard origin with credentials allowed","5e0036ee3dc72c385cc11e8be6f9a39b9c3ef39b3f432abfae609876a794fe9b"
"backup_dast","aespa_data/db-backups/aespa-2026-06-16.db","30","515","","unvalidated","Cross-Origin Resource Sharing (CORS) Misconfiguration - Wildcard with Credentials","814b0cbf61f47755fa111593f50bc10d37541d21836a452c1e309a5496d8a51c"
"backup_dast","aespa_data/db-backups/aespa-2026-06-16.db","30","516","","unvalidated","External Transfer Bypasses TOTP Verification","20708d2efdcd6b6970b3ed9be1f8e00bbeb272a2a9ea183b4f59c48a08df16dd"
"backup_dast","aespa_data/db-backups/aespa-2026-06-16.db","30","517","","unvalidated","Insecure Direct Object Reference - Cross-User Transaction Data Exposed","e018c3a9f2bc1467892704d8346a97c07ec15fb301b0083923552438d54223cb"
"backup_dast","aespa_data/db-backups/aespa-2026-06-16.db","30","518","","unvalidated","No KYC / Identity Verification Allows Anonymous Account Creation","e936f029a64f31417359621c57fc498073d25687f70180c0800ffd61319875d1"
"backup_dast","aespa_data/db-backups/aespa-2026-06-16.db","30","519","","unvalidated","Stored XSS Payloads Present in Admin Account Listing Response","3f8e3ce585875857461b787f29091bfe0acb694fd93385084dedd5e2e75c67f8"
"backup_dast","aespa_data/db-backups/aespa-2026-06-16.db","30","520","","unvalidated","Weak Default Password Allows Login to Seeded Customer Account","40811d451dfd891be811e88788142d08f6fabdd664c37b4b571452a462162b57"
"backup_dast","aespa_data/db-backups/aespa-2026-06-16.db","30","521","","unvalidated","Admin JWT Token Stored in localStorage - Vulnerable to XSS Theft","d96e6a5654ba68a4e06491255f7afd4bb80625178a3d74ae1815194b66cb851e"
"backup_dast","aespa_data/db-backups/aespa-2026-06-16.db","30","522","","unvalidated","CORS Misconfiguration: Wildcard Origin Combined with Access-Control-Allow-Credentials: true","33d290808c946b4dda95a175acf716d7b82cdfe14fdc13cada9606e998ccd210"
"backup_dast","aespa_data/db-backups/aespa-2026-06-16.db","30","523","","unvalidated","Missing Content-Security-Policy Header","cdcf232444df43d4b631d0ec61ca6950c84114ffea4e75581d5eda29c1ca8e25"
"backup_dast","aespa_data/db-backups/aespa-2026-06-16.db","30","524","","unvalidated","Overly Permissive CORS Configuration on Admin API","5d37b4436d5d9de9b0ee47bf7d98792c8e72b1089abda5fa1b88752c317d8e38"
"backup_dast","aespa_data/db-backups/aespa-2026-06-16.db","30","525","","unvalidated","Password hash exposed in login API response","1cd265b2a07504fc73b7c701beecc132019a826d625ea5989fb882cbec76e907"
"backup_dast","aespa_data/db-backups/aespa-2026-06-16.db","30","526","","unvalidated","Password Hash Exposed in Login API Response","3eb1f44ad7ca3a6dc8772a0c2f9231ca55222ab5720a97c5a7b5353285faac6f"
"backup_dast","aespa_data/db-backups/aespa-2026-06-16.db","30","527","","unvalidated","Server Version Disclosure via Server Response Header","0e9602024bb6d07ed888a0ee2b271269a97d66b8a37e691025a4d9fef6e5ea81"
"backup_dast","aespa_data/db-backups/aespa-2026-06-16.db","30","528","","unvalidated","Server Version Disclosure via Server Response Header","6f342224336d18eaa2e411894cac86e2140d8d1ab761798f4ee3e9f91db4c7bf"
"backup_dast","aespa_data/db-backups/aespa-2026-06-16.db","30","529","","unvalidated","Static JavaScript Source Files Publicly Accessible Without Authentication","afc5863f0a6e139d7b8695ed886c7bdb255b7e9689332b1e16f7cbce1b428294"
"backup_dast","aespa_data/db-backups/aespa-2026-06-16.db","30","530","","unvalidated","Verbose Server Version Disclosure in HTTP Headers","21a5425ca3e801655fd56a54311fdcda36aaec4759ac91940b3488b5af25e94e"
"backup_dast","aespa_data/db-backups/aespa-2026-06-16.db","30","531","","unvalidated","Wildcard CORS with Credentials Enabled on All API Endpoints","43ebd7b8251afd23a38cc35ead3fff67d35127bfd4e093b44b14859e2bca88f3"
"backup_dast","aespa_data/db-backups/aespa-2026-06-16.db","30","532","","unvalidated","Server Version Disclosed in HTTP Response Headers","cfe41d12f6c48cc58932e4e33d5e3ce63d62eae44832de615f875819c26e15d4"
"backup_dast","aespa_data/db-backups/aespa-2026-06-16.db","31","533","","unvalidated","Admin panel accessible with default credentials enabling arbitrary balance manipulation","dbd45c09122d2052b71f60f20270b7fc2ee34dcf247148f0bc27ea54041e3095"
"backup_dast","aespa_data/db-backups/aespa-2026-06-16.db","31","534","","unvalidated","IDOR on external transfer endpoint allows draining any customer account","3bd3da199d3576f9a0e3978135ca88a142be4b3fe113e409890c7ff445605e94"
"backup_dast","aespa_data/db-backups/aespa-2026-06-16.db","31","538","","unvalidated","Admin API Exposes Full Customer Account Inventory Without Scoped Access Control","e8bb51e6c0c9e48e11f28b46e89919792210495c7213dd148a2d42a40b9ae894"
"backup_dast","aespa_data/db-backups/aespa-2026-06-16.db","31","541","","unvalidated","CORS misconfiguration: wildcard origin with credentials allowed","5e0036ee3dc72c385cc11e8be6f9a39b9c3ef39b3f432abfae609876a794fe9b"
"backup_dast","aespa_data/db-backups/aespa-2026-06-16.db","31","543","","unvalidated","External Transfer Bypasses TOTP Verification","20708d2efdcd6b6970b3ed9be1f8e00bbeb272a2a9ea183b4f59c48a08df16dd"
"backup_dast","aespa_data/db-backups/aespa-2026-06-16.db","31","545","","unvalidated","No KYC / Identity Verification Allows Anonymous Account Creation","e936f029a64f31417359621c57fc498073d25687f70180c0800ffd61319875d1"
"backup_dast","aespa_data/db-backups/aespa-2026-06-16.db","31","546","","unvalidated","Stored XSS Payloads Present in Admin Account Listing Response","3f8e3ce585875857461b787f29091bfe0acb694fd93385084dedd5e2e75c67f8"
"backup_dast","aespa_data/db-backups/aespa-2026-06-16.db","31","548","","unvalidated","Admin JWT Token Stored in localStorage - Vulnerable to XSS Theft","d96e6a5654ba68a4e06491255f7afd4bb80625178a3d74ae1815194b66cb851e"
"backup_dast","aespa_data/db-backups/aespa-2026-06-16.db","31","552","","unvalidated","Password hash exposed in login API response","1cd265b2a07504fc73b7c701beecc132019a826d625ea5989fb882cbec76e907"
"backup_dast","aespa_data/db-backups/aespa-2026-06-16.db","31","554","","unvalidated","Server Version Disclosure via Server Response Header","0e9602024bb6d07ed888a0ee2b271269a97d66b8a37e691025a4d9fef6e5ea81"
"backup_dast","aespa_data/db-backups/aespa-2026-06-16.db","31","560","","unvalidated","JWT Authentication Bypass via Leaked Signing Secret","abedfe967ea0fa259bb35044e279174f8fd8fd04192a8fa09bf67286f127b645"
"backup_dast","aespa_data/db-backups/aespa-2026-06-16.db","31","564","","unvalidated","Overly Permissive CORS Configuration Allows Credentials from Any Origin","bc014596e1afe251231e65bc83ab3d0d393fb1e598d3f7f5e9f2a19f9eb0ed27"
"backup_dast","aespa_data/db-backups/aespa-2026-06-16.db","32","565","","unvalidated","Admin panel accessible with default credentials enabling arbitrary balance manipulation","dbd45c09122d2052b71f60f20270b7fc2ee34dcf247148f0bc27ea54041e3095"
"backup_dast","aespa_data/db-backups/aespa-2026-06-16.db","32","566","","unvalidated","IDOR on external transfer endpoint allows draining any customer account","3bd3da199d3576f9a0e3978135ca88a142be4b3fe113e409890c7ff445605e94"
"backup_dast","aespa_data/db-backups/aespa-2026-06-16.db","32","570","","unvalidated","Admin API Exposes Full Customer Account Inventory Without Scoped Access Control","e8bb51e6c0c9e48e11f28b46e89919792210495c7213dd148a2d42a40b9ae894"
"backup_dast","aespa_data/db-backups/aespa-2026-06-16.db","32","575","","unvalidated","External Transfer Bypasses TOTP Verification","20708d2efdcd6b6970b3ed9be1f8e00bbeb272a2a9ea183b4f59c48a08df16dd"
"backup_dast","aespa_data/db-backups/aespa-2026-06-16.db","32","577","","unvalidated","No KYC / Identity Verification Allows Anonymous Account Creation","e936f029a64f31417359621c57fc498073d25687f70180c0800ffd61319875d1"
"backup_dast","aespa_data/db-backups/aespa-2026-06-16.db","32","580","","unvalidated","Admin JWT Token Stored in localStorage - Vulnerable to XSS Theft","d96e6a5654ba68a4e06491255f7afd4bb80625178a3d74ae1815194b66cb851e"
"backup_dast","aespa_data/db-backups/aespa-2026-06-16.db","32","584","","unvalidated","Password hash exposed in login API response","1cd265b2a07504fc73b7c701beecc132019a826d625ea5989fb882cbec76e907"
"backup_dast","aespa_data/db-backups/aespa-2026-06-16.db","32","586","","unvalidated","Server Version Disclosure via Server Response Header","0e9602024bb6d07ed888a0ee2b271269a97d66b8a37e691025a4d9fef6e5ea81"
"backup_dast","aespa_data/db-backups/aespa-2026-06-16.db","32","592","","unvalidated","JWT Authentication Bypass via Leaked Signing Secret","abedfe967ea0fa259bb35044e279174f8fd8fd04192a8fa09bf67286f127b645"
"backup_dast","aespa_data/db-backups/aespa-2026-06-16.db","32","596","","unvalidated","Overly Permissive CORS Configuration Allows Credentials from Any Origin","bc014596e1afe251231e65bc83ab3d0d393fb1e598d3f7f5e9f2a19f9eb0ed27"
"backup_dast","aespa_data/db-backups/aespa-2026-06-16.db","33","597","","unvalidated","Admin panel accessible with default credentials enabling arbitrary balance manipulation","dbd45c09122d2052b71f60f20270b7fc2ee34dcf247148f0bc27ea54041e3095"
"backup_dast","aespa_data/db-backups/aespa-2026-06-16.db","33","598","","unvalidated","IDOR on external transfer endpoint allows draining any customer account","3bd3da199d3576f9a0e3978135ca88a142be4b3fe113e409890c7ff445605e94"
"backup_dast","aespa_data/db-backups/aespa-2026-06-16.db","33","602","","unvalidated","Admin API Exposes Full Customer Account Inventory Without Scoped Access Control","e8bb51e6c0c9e48e11f28b46e89919792210495c7213dd148a2d42a40b9ae894"
"backup_dast","aespa_data/db-backups/aespa-2026-06-16.db","33","607","","unvalidated","External Transfer Bypasses TOTP Verification","20708d2efdcd6b6970b3ed9be1f8e00bbeb272a2a9ea183b4f59c48a08df16dd"
"backup_dast","aespa_data/db-backups/aespa-2026-06-16.db","33","609","","unvalidated","No KYC / Identity Verification Allows Anonymous Account Creation","e936f029a64f31417359621c57fc498073d25687f70180c0800ffd61319875d1"
"backup_dast","aespa_data/db-backups/aespa-2026-06-16.db","33","610","","unvalidated","Stored XSS Payloads Present in Admin Account Listing Response","3f8e3ce585875857461b787f29091bfe0acb694fd93385084dedd5e2e75c67f8"
"backup_dast","aespa_data/db-backups/aespa-2026-06-16.db","33","612","","unvalidated","Admin JWT Token Stored in localStorage - Vulnerable to XSS Theft","d96e6a5654ba68a4e06491255f7afd4bb80625178a3d74ae1815194b66cb851e"
"backup_dast","aespa_data/db-backups/aespa-2026-06-16.db","33","616","","unvalidated","Password hash exposed in login API response","1cd265b2a07504fc73b7c701beecc132019a826d625ea5989fb882cbec76e907"
"backup_dast","aespa_data/db-backups/aespa-2026-06-16.db","33","618","","unvalidated","Server Version Disclosure via Server Response Header","0e9602024bb6d07ed888a0ee2b271269a97d66b8a37e691025a4d9fef6e5ea81"
"backup_dast","aespa_data/db-backups/aespa-2026-06-16.db","33","624","","unvalidated","JWT Authentication Bypass via Leaked Signing Secret","abedfe967ea0fa259bb35044e279174f8fd8fd04192a8fa09bf67286f127b645"
"backup_dast","aespa_data/db-backups/aespa-2026-06-16.db","33","628","","unvalidated","Overly Permissive CORS Configuration Allows Credentials from Any Origin","bc014596e1afe251231e65bc83ab3d0d393fb1e598d3f7f5e9f2a19f9eb0ed27"
"backup_dast","aespa_data/db-backups/aespa-2026-06-16.db","39","634","","unvalidated","JWT Signing Secret Exposed via Unauthenticated /api/health Endpoint","77b29aee61ad5fbb61780a5e86aa9e6310797f5a62d782de7dce31295650c0a7"
"backup_dast","aespa_data/db-backups/aespa-2026-06-16.db","39","636","","unvalidated","API Profile Endpoint Exposes Sensitive Fields Including Password Hash","6e126101db9654bcb0ab3463e043237cdf299dafa1df5bbdfdcfac1b2ed24fdd"
"backup_dast","aespa_data/db-backups/aespa-2026-06-16.db","39","642","","unvalidated","JWT Forgery Enables Full Authentication Bypass and Arbitrary User Impersonation","41a5f86435aa86870e6d0b7057e0105761354c22a70410916a2c1b1dc456e59a"
"backup_dast","aespa_data/db-backups/aespa-2026-06-16.db","39","643","","unvalidated","Verbose Internal Stack Traces Exposed in API Error Responses","67fd1415d537ced66878c94eee7c2abd207ccba8173ed07894da4245f9679c8b"
"backup_dast","aespa_data/db-backups/aespa-2026-06-16.db","39","644","","unvalidated","Server and Technology Version Disclosure","6617ee4fa408444ea8f534cb84151db12282c3382f4af6f33d39b4267b188b46"
"backup_dast","aespa_data/db-backups/aespa-2026-06-16.db","41","675","","unvalidated","Unauthenticated health endpoint discloses JWT secret and database configuration","c17017dc99d884a54eeb8cbbd7779a1875f4ecb3247cc5927e444a54d587e48f"
"backup_dast","aespa_data/db-backups/aespa-2026-06-16.db","41","676","","unvalidated","Registration response exposes password hash and TOTP secret fields in user profile payload","b45af3c6b0056d7fcba47552e73d18b134e82d6da93ab36d7f87cfc093bdddcf"
"backup_dast","aespa_data/db-backups/aespa-2026-06-16.db","41","677","","unvalidated","Overly permissive CORS policy on API endpoints","75aecf131151aa0a93cb6c44a44be4959dd9de4c4c783462278a2cb3dc867eb5"
"backup_dast","aespa_data/db-backups/aespa-2026-06-16.db","41","678","","unvalidated","Technology and environment version disclosure in public endpoints","75447b0be0f72f78f70b41104d009d89fc4516719c09594f5b98547b406075a3"
"backup_dast","aespa_data/db-backups/aespa-2026-06-16.db","41","679","","unvalidated","[A01:2021 Broken Access Control / A04:2021 Insecure Design] [MEDIUM] Transfer preflight misclassifies arbitrary account IDs as valid own-account transfer for user with no accounts - An authenticated disposable user with no linked accounts can call the transfer preflight endpoint with observed account","1cc9cc718dda827e83badd1233beebb3611ef2b7342f98cb2dbd5a14ce2798fd"
"backup_dast","aespa_data/db-backups/aespa-2026-06-16.db","41","680","","unvalidated","Registration response exposes password hash and TOTP secret fields in user profile payload","b75f40f8318c99f4ad503667820d5cce9f33fe2edf7cfbeb24a3f30340b08b19"
"backup_dast","aespa_data/db-backups/aespa-2026-06-16.db","41","681","","unvalidated","Overly permissive CORS policy on API endpoints","164743a8eb57994bbd4676cee275c15b52562a9cc45bfc51aeb09f0719061672"
"backup_dast","aespa_data/db-backups/aespa-2026-06-16.db","41","682","","unvalidated","Technology and environment version disclosure in public endpoints","c42e3aea4a6b3deea2169c0f4bc2979d027914e5a13b734aac9417aeed3bf076"
"backup_dast","aespa_data/db-backups/aespa-2026-06-16.db","41","683","","unvalidated","Account Takeover via Unauthenticated Email Change in Profile Update","5023b012299b1af67d5e708b9f10a6126bb985db2f173316f841011b216391ba"
"backup_dast","aespa_data/db-backups/aespa-2026-06-16.db","41","684","","unvalidated","Registration response exposes password hash and TOTP secret fields in user profile payload","0b4ac96e9682dd0232ed59ffa3474f6784a1b87336eeabc17994186b1306e847"
"backup_dast","aespa_data/db-backups/aespa-2026-06-16.db","41","685","","unvalidated","Unauthenticated health endpoint discloses JWT secret and database configuration","34c6df96f45e0c762e3b6ad0e861439251277d623b0830e37350fea1b3ea0972"
"backup_dast","aespa_data/db-backups/aespa-2026-06-16.db","41","686","","unvalidated","User Enumeration via Distinct Login Error Messages and Timing Differences","db09e5123d7d495cb840e93abc9d4b3604b6a56b759d9a81564b88331388e22a"
"backup_dast","aespa_data/db-backups/aespa-2026-06-16.db","41","687","","unvalidated","Technology and environment version disclosure in public endpoints","4d4e4fdfe83ac9afec87a58660cca4cefc60560e01e35909fb313fb6bebeffae"
"backup_dast","aespa_data/db-backups/aespa-2026-06-16.db","41","688","","unvalidated","Misconfigured AUD Exchange Rate Creates 92.5 Million Multiplier in FX Conversions","f090e38e74081ccb79ec28bf93f470a75a81a7c93b26311d3a35855611e0360b"
"backup_dast","aespa_data/db-backups/aespa-2026-06-16.db","41","689","","unvalidated","Overly permissive CORS policy on API endpoints","6b4e8ed8ccfe53f789cb2f55daf3f9180d71d9949c5521e745d77ef15fd2ec6d"
"backup_dast","aespa_data/db-backups/aespa-2026-06-16.db","41","690","","unvalidated","TOTP Verification Bypass on External Transfers - Server-Side Enforcement Missing","ccd72802efc00250848ab7df9dc13a2d01dbf2578204dc1de481cb9fcc1f5c70"
"backup_dast","aespa_data/db-backups/aespa-2026-06-16.db","41","691","","unvalidated","Stored XSS in Transaction Description Rendered Unescaped on Dashboard","ffdd6a3b9bbdfdc7a60c2739616f70a7dbd0c669673e0d69e985c5441b31b670"
"backup_dast","aespa_data/db-backups/aespa-2026-06-16.db","41","692","","unvalidated","Stored XSS in Transaction Description Rendered Unescaped on Dashboard","df7a0f45e3d150cfa20839cc7d3fc337ea8b4f4f65066bfbc0b8bef2ff3f88c2"
"backup_dast","aespa_data/db-backups/aespa-2026-06-16.db","41","693","","unvalidated","Missing Content Security Policy on Banking Application","58a5717a786b71d9d2dcecd6a8c4f1de5b294514b4b7dff4b7dbf9bbfb6d85cb"
"backup_dast","aespa_data/db-backups/aespa-2026-06-16.db","41","694","","unvalidated","IDOR on Individual Transaction Endpoint Exposes Other Users' Transaction Data - The individual transaction detail endpoint (/api/transactions/:id) does not verify that the requested transaction belong","cf1aad1162baf01ec6dcba4ed673060612fa935c895a6b7a11143f571b9f89a1"
"backup_dast","aespa_data/db-backups/aespa-2026-06-16.db","42","695","","unvalidated","JWT Signing Secret Exposed via /api/health Endpoint","ae09679bf04a7acf10bc88b9209bf2429bad0c60045b35e407d486554cc5ba18"
"backup_dast","aespa_data/db-backups/aespa-2026-06-16.db","42","696","","unvalidated","Sensitive Fields (password_hash, totp_secret) Exposed in Registration/Profile API Response","63f5cf7dbbd0e32e0b4ba926b752e1a23d7e21bdb9cc87415f82623c16fdd88c"
"backup_dast","aespa_data/db-backups/aespa-2026-06-16.db","41","697","","unvalidated","User Enumeration via Distinct Login Error Messages and Timing Differences","554c381ebc27759ea82160f2ca5990ebd3c21d94ebeb1fb60b7ea8410cef0eb7"
"backup_dast","aespa_data/db-backups/aespa-2026-06-16.db","41","698","","unvalidated","No Rate Limiting or Account Lockout on Login Endpoint Enables Brute-Force Attacks","5dab906478d6ea6db25b9d31b3cdda95a7c91f6152d7c5987d3ec1d5359b00d4"
"backup_dast","aespa_data/db-backups/aespa-2026-06-16.db","42","699","","unvalidated","CORS Misconfiguration: Arbitrary Origin Reflected with Credentials Allowed","8c7983bd0ffa886702c454a9dae1f9c1ed9d1bd90a78785045cf81bbbd13b46a"
"backup_dast","aespa_data/db-backups/aespa-2026-06-16.db","42","700","","unvalidated","JWT Signing Secret Exposed via /api/health Endpoint","d45daad2eaeab3dd99a8a8769e0d51a1d59f52baedbcc7c4cd4b7af87dc0f648"
"backup_dast","aespa_data/db-backups/aespa-2026-06-16.db","42","701","","unvalidated","TOTP Bypass on External Transfers - MFA Not Enforced Server-Side","ce1bcec5bc3a1690ab04658433d08049a747021501155e4997cca057be084835"
"backup_dast","aespa_data/db-backups/aespa-2026-06-16.db","42","702","","unvalidated","IDOR on Transaction Detail Endpoint - Cross-User Transaction Access","57fc052e5fd7491a1c2d4b6c9f5162c7460cc78f10005e22d3c7f97df114cbbf"
"backup_dast","aespa_data/db-backups/aespa-2026-06-16.db","42","703","","unvalidated","Verbose Error Messages Expose Internal File Paths and Stack Traces","efe18be3a8c9ecd09333b3a36b839f7bfd310c3e57411b483cfd0359a090a881"
"backup_dast","aespa_data/db-backups/aespa-2026-06-16.db","42","704","","unvalidated","Stored XSS in Transfer Description, Profile Name, and Address Book Fields","dae5d763b6c2134c1e2a45b439210071dabcbab863c9cbd60651cb3afdd2ddc3"
"backup_dast","aespa_data/db-backups/aespa-2026-06-16.db","42","705","","unvalidated","Manipulated AUD Exchange Rate Enables Fraudulent FX Conversions","887da7c7b5de72ed29e054b68de420c49632214d3da0e6a7a89599ceae532bd1"
"backup_dast","aespa_data/db-backups/aespa-2026-06-16.db","42","706","","unvalidated","User Enumeration via Login Error Messages and Response Timing","4335f25f814e67295d8040bd5b73c03974b9ae76fece8ce0ee322ed93218b28c"
"backup_dast","aespa_data/db-backups/aespa-2026-06-16.db","42","707","","unvalidated","Missing Security Headers on Banking Application HTML Pages","b03f60114ead6f0f2033c0f1a1c31a4addcf5dc7f7cee9e4a35b8f47ee858b64"
"backup_dast","aespa_data/db-backups/aespa-2026-06-16.db","42","708","","unvalidated","Weak MD5 Password Hashing for New User Registrations","17875508dd0f1fcdc87701543ff9b53d64ac2c5f92a56f603cd93330ceb77069"
"backup_dast","aespa_data/db-backups/aespa-2026-06-16.db","42","709","","unvalidated","Sensitive Fields (password_hash, totp_secret) Exposed in Registration/Profile API Response","67334e3a8704830dccea389596d2c935912d8c2788ed2dd08b7e4ead97b58976"
"backup_dast","aespa_data/db-backups/aespa-2026-06-16.db","42","710","","low_confidence","Database Credentials Exposed via /api/health Endpoint","80e03646950a284b86727c5203bb374491ac13a8be194605b11dc80246631c56"
"backup_dast","aespa_data/db-backups/aespa-2026-06-16.db","41","711","","unvalidated","JWT Forgery Enables Full Account Takeover for Any User","e5f051e6ab84cedaa6d71cd04c9d095891295cb55788ce0b238de48bcf1ca989"
"backup_dast","aespa_data/db-backups/aespa-2026-06-16.db","41","712","","unvalidated","New User Password Stored as Unsalted MD5 Hash","057bfff6f96bfaca3b427da7d490b205bf0aaab61b9cbd1c6bbad0b23410014a"
"backup_dast","aespa_data/db-backups/aespa-2026-06-16.db","41","713","","unvalidated","Verbose Internal Stack Traces Exposed in API Error Responses","438b0b08c857db5ef8452bd696329375f81fb156c46623bdd40ae8fb388ef4bb"
"backup_dast","aespa_data/db-backups/aespa-2026-06-16.db","41","714","","unvalidated","Stored XSS in Transaction Description Rendered Unescaped on Dashboard","5dc05f2b07b4eae084d21f10e99afe4cf117c9c325842243d882cfa3c75b999a"
"backup_dast","aespa_data/db-backups/aespa-2026-06-16.db","41","715","","unvalidated","Stored XSS in Transaction Description Rendered Unescaped on Dashboard","703c020bea71df087ef3e6e5efa8fb11ac7cc11f095b3e26704f45bcf4310ee0"
"backup_dast","aespa_data/db-backups/aespa-2026-06-16.db","41","716","","unvalidated","New User Password Stored as Unsalted MD5 Hash","283c9d0f674d01b0eff31d1eb82f2d08688e2802822bda19d5d4f6b4e45f71e0"
"backup_dast","aespa_data/db-backups/aespa-2026-06-16.db","41","717","","unvalidated","Overly permissive CORS policy on API endpoints","40dff12bcc7f47ade5df1dd3a79639250f824977263532828d039dcee730e853"
"backup_dast","aespa_data/db-backups/aespa-2026-06-16.db","41","718","","unvalidated","Technology and environment version disclosure in public endpoints","5c60ae7a8b0aa6dce47ae90df4456a4def26f39eb34cbef82dfcff1892237126"
"backup_dast","aespa_data/db-backups/aespa-2026-06-16.db","41","719","","unvalidated","New User Password Stored as Unsalted MD5 Hash","c053a5d9d495dc591e32022faa72d0e4dd60630d530699fd6948289999e64e55"
"backup_dast","aespa_data/db-backups/aespa-2026-06-16.db","41","720","","unvalidated","Overly permissive CORS policy on API endpoints","11ebe8265256bc47f73d8f3ad5b9b4266c5ff5b79cc77aa6b7e9c4c01dcf01ab"
"backup_dast","aespa_data/db-backups/aespa-2026-06-16.db","41","721","","unvalidated","Technology and environment version disclosure in public endpoints","fc4c93016fd1e79e479cad9a4c2e5bf41da2dfa0a8011f5021c1dbb903bdc6b0"
"backup_dast","aespa_data/db-backups/aespa-2026-06-16.db","41","722","","unvalidated","Stored XSS in Transaction Description Rendered Unescaped on Dashboard","b27067f76b6c1165293a3e2307563bcb23256553a3c6c01a2dd0de0d6ea31742"
"backup_dast","aespa_data/db-backups/aespa-2026-06-16.db","41","723","","unvalidated","Overly permissive CORS policy on API endpoints","185614e7b489e837e48255da4a1d624d3f9807f7f792eb1b3dda7a335c786001"
"backup_dast","aespa_data/db-backups/aespa-2026-06-16.db","41","724","","unvalidated","Admin Static JavaScript Accessible Without Authentication","a0779469cc921a6d99d4c6a89aabd9086dd7ea68afe95d0a62f3ab7f6f115dbf"
"backup_dast","aespa_data/db-backups/aespa-2026-06-16.db","41","725","","unvalidated","Overly permissive CORS policy on API endpoints","ef4669a74c9551d0880fc1f0dfb6095d977476e4282332935c470471d1aef60e"
"backup_dast","aespa_data/db-backups/aespa-2026-06-16.db","41","726","","unvalidated","Misconfigured AUD Exchange Rate Creates 92.5 Million Multiplier in FX Conversions","60997ad3ac89ec573c28422574865e88f7dad6375583c90ff97289be46647ef1"
"backup_dast","aespa_data/db-backups/aespa-2026-06-16.db","41","727","","unvalidated","Stored XSS in Transaction Description Rendered Unescaped on Dashboard","98c96d5dbe72aceba7a1566c8c8f4c8b8b9f6dd1a5598faa9be32cd06ef7ff9a"
"backup_dast","aespa_data/db-backups/aespa-2026-06-16.db","41","728","","unvalidated","Profile Update Accepts Password Field Without Current Password Verification","bdc614bdab2d43ce871d769927d1cd72050d078217401d1e98e0ed3c9e0efd8a"
"backup_dast","aespa_data/db-backups/aespa-2026-06-16.db","41","729","","unvalidated","IDOR on Individual Transaction Endpoint Exposes Other Users' Transaction Data","facdb106d4cb921189756558400b13c081b210c65e5bf0124abfb219c57c91b9"
"backup_dast","aespa_data/db-backups/aespa-2026-06-16.db","41","730","","unvalidated","JWT Authentication Token Stored in localStorage - Accessible to XSS","8a79efa544a70897063bde45b4ba8bbab3ab6ac87230f6bf5711a611c97d4850"
"backup_dast","aespa_data/db-backups/aespa-2026-06-16.db","41","731","","unvalidated","Mass Assignment in Registration Allows Submission of Privileged Fields","2cc49fc32c410f430fd65030b259215799dd5ff270b2982c363fb5e56fe2a459"
"backup_dast","aespa_data/db-backups/aespa-2026-06-16.db","41","732","","unvalidated","New User Password Stored as Unsalted MD5 Hash","c4115722143e88bfcd22247618104ea4abfaac2be3178367b2f296552109b01b"
"backup_dast","aespa_data/db-backups/aespa-2026-06-16.db","41","733","","unvalidated","New User Password Stored as Unsalted MD5 Hash","eb0f9d567377910390318e0b25bc136951372199b85d622880f7bf7b8d2a6885"
"backup_dast","aespa_data/db-backups/aespa-2026-06-16.db","41","734","","unvalidated","Verbose Internal Stack Traces Exposed in API Error Responses","78e7cc9ddc2be8f9c5da9740f87b21a94d0575e13dbccd4088a9c6754fd3d530"
"backup_dast","aespa_data/db-backups/aespa-2026-06-16.db","41","735","","unvalidated","Overly permissive CORS policy on API endpoints","31e77823dc55ec19f59f9476bda26c50cd589f78577fbfaff2c40c6376b67588"
"backup_dast","aespa_data/db-backups/aespa-2026-06-16.db","41","736","","unvalidated","Technology and environment version disclosure in public endpoints","b636938ebb57e82e5f9c91090c414d58e6097518dabad858157ed1bbc93fb4cd"
"backup_dast","aespa_data/db-backups/aespa-2026-06-16.db","42","737","","unvalidated","JWT Forgery Enables Full Account Takeover of Any User","b26a36821991258aaa21d2e36e9ecee4d178efd23cd98edc8868590aa58c9db3"
"backup_dast","aespa_data/db-backups/aespa-2026-06-16.db","42","738","","unvalidated","Verbose Error Messages Expose Internal File Paths and Stack Traces","5a6e6bb77dd6be68c0e6266314292041d468432b98db577bce8917ad11637512"
"backup_dast","aespa_data/db-backups/aespa-2026-06-16.db","42","739","","unvalidated","CORS Misconfiguration: Arbitrary Origin Reflected with Credentials Allowed","4bda1f9c8dd5a1be4de1ff2d7e8522e62d3a0c961ade922443b56debd4b549a6"
"backup_dast","aespa_data/db-backups/aespa-2026-06-16.db","42","740","","unvalidated","Server Version Disclosure in HTTP Response Headers","1852ef5891b9ffaa87477878b55a673bc74d9d331a87f9735a0b8c0ce88ca804"
"backup_dast","aespa_data/db-backups/aespa-2026-06-16.db","42","741","","unvalidated","Server Version Disclosure in HTTP Response Headers","5de1f7a7122ec6e30319be51efc343838b77d930dbbc03094912a3431437d132"
"backup_dast","aespa_data/db-backups/aespa-2026-06-16.db","42","742","","unvalidated","Stored XSS in Transfer Description, Profile Name, and Address Book Fields","46c01f3cffd673da1a49679ba6f4e4af2f8dda08f4152e49077c3b5b427cb5f9"
"backup_dast","aespa_data/db-backups/aespa-2026-06-16.db","42","743","","unvalidated","CORS Misconfiguration: Arbitrary Origin Reflected with Credentials Allowed","1834d8efb82c25543bd6c0d7f5e5f5fd0fc756f89cf0f9c76cbfb02587802eab"
"backup_dast","aespa_data/db-backups/aespa-2026-06-16.db","42","744","","unvalidated","Weak MD5 Password Hashing for New User Registrations","a04272f020b228519946c9e59270cf29ea3523f58fae3e05a15b07338c416f34"
"backup_dast","aespa_data/db-backups/aespa-2026-06-16.db","42","745","","unvalidated","Stored XSS in Transfer Description, Profile Name, and Address Book Fields","35c66349ac1e3060a71cabd52f5ec1c85f0d44cc2365f18cfdb63eaf6653c24d"
"backup_dast","aespa_data/db-backups/aespa-2026-06-16.db","42","746","","unvalidated","IDOR on Profile Update Endpoint - Cross-User Profile Modification","26450a3ac1e3c2ae98945ce4ba9e33cb5c86a97aae6921a98ee1ebfc8a7806b2"
"backup_dast","aespa_data/db-backups/aespa-2026-06-16.db","42","747","","unvalidated","JWT Forgery Enables Full Account Takeover of Any User","8fa7f50c1fcd42b35ed28d5034bf765aae2d09cb3bb50319b77097658a39fff6"
"backup_dast","aespa_data/db-backups/aespa-2026-06-16.db","42","748","","unvalidated","Verbose Error Messages Expose Internal File Paths and Stack Traces","d47393e2b0e5291b9c560cad215df315685e166a0e8334e4e444e8ff474b1c1c"
"backup_dast","aespa_data/db-backups/aespa-2026-06-16.db","42","749","","unvalidated","CORS Misconfiguration: Arbitrary Origin Reflected with Credentials Allowed","e3f848b90ea9e37d0d79dbc67bbdb8651ca310fda749a30697fcda7882e3c936"
"backup_dast","aespa_data/db-backups/aespa-2026-06-16.db","42","750","","unvalidated","Admin JavaScript Source Files Publicly Accessible Without Authentication","670d731af6f4a3dc0ba9a22e34f8ba54a3c3aabdb44d51012e5e9e0a95617f81"
"backup_dast","aespa_data/db-backups/aespa-2026-06-16.db","42","751","","unvalidated","Server Version Disclosure in HTTP Response Headers","02968b01e4d9026ca792f2522f09f2f5d47c15948c5ad1d8104657ed52005ee3"
"backup_dast","aespa_data/db-backups/aespa-2026-06-16.db","38","752","","unvalidated","JWT Secret Exposed via Unauthenticated /api/health Endpoint","f348c95b22f35dc24ef4ebd171363f7866780b990519d3095ee89341767c56b8"
"backup_dast","aespa_data/db-backups/aespa-2026-06-16.db","38","753","","confirmed","Sensitive data exposed in API response","4d13d05a63cb0cdbdf7375cf9eec9a7d49308706fbdfca09acef73a91d56e04c"
"backup_dast","aespa_data/db-backups/aespa-2026-06-16.db","38","754","","unvalidated","Overly Permissive CORS Policy on API (Wildcard Origin with Credentials)","83176d711e21b555a8a2d9887bcc0ad44ce310a8c569d89aa54a805f438f5298"
"backup_dast","aespa_data/db-backups/aespa-2026-06-16.db","38","755","","unvalidated","Admin Panel Accessible Without Authentication","cf53d0757994dd72a755e45e21ef5c4286b2abf61d80865dcfac50fdcd3a9b0e"
"backup_dast","aespa_data/db-backups/aespa-2026-06-16.db","38","756","","unvalidated","Verbose Server and Technology Version Disclosure","ba89e152089dec4eda632e20bcf528b5843cdb4238aacf41c7bd590f1735d069"
"backup_dast","aespa_data/db-backups/aespa-2026-06-16.db","38","757","","unvalidated","Sensitive data exposed in API response","6a9289b8fb80f78af0155cddb8f8eb8f02ff4c27811adee2bb353c1b324a841e"
"backup_dast","aespa_data/db-backups/aespa-2026-06-16.db","30","758","","confirmed","Unauthenticated access to protected endpoint","dc1bdc1cf0cd693a08f8c3a2528b5bf8c16f29ebc2a1d9de517aea397a488511"
"backup_dast","aespa_data/db-backups/aespa-2026-06-16.db","30","759","","confirmed","Unauthenticated access to protected endpoint","edaf62c3debec910215771f6fe700c442ddbb3250b6f823c19524f7f7b661d3f"
"backup_dast","aespa_data/db-backups/aespa-2026-06-16.db","30","760","","confirmed","Unauthenticated access to protected endpoint","f9fdda537614ee1fa8b2ced95f13d6c7775675c21bd46dffc4139e7dc893a900"
"backup_dast","aespa_data/db-backups/aespa-2026-06-16.db","30","761","","unvalidated","Admin JWT Token Stored in localStorage - Vulnerable to XSS Theft","890a508f51f35b8def126a413480c718631a6ba58c88e209bffdd22a7f7dd4fc"
"backup_dast","aespa_data/db-backups/aespa-2026-06-16.db","30","762","","unvalidated","Stored XSS Payloads Present in Admin Account Listing Response","ff902e63a65790e4c5ba6c8dc0381c72b66a4717393731f8e2ee1b3f8fd9374d"
"backup_dast","aespa_data/db-backups/aespa-2026-06-16.db","30","763","","unvalidated","[A01] [CRITICAL] IDOR on external transfer endpoint allows draining any customer account","f7995788e9c85c889aa614a89bee566fb98d10268ea4cf77941ea3f8493efbb1"
"backup_dast","aespa_data/db-backups/aespa-2026-06-16.db","30","764","","unvalidated","CORS misconfiguration: wildcard origin with credentials allowed","fa7e5a3e45d6349bca3fb6d16a1aa19993abfdd49efabdd6b82cb50d30b2d313"
"backup_dast","aespa_data/db-backups/aespa-2026-06-16.db","30","765","","unvalidated","Insecure Direct Object Reference - Cross-User Transaction Data Exposed","b8f7584b1b2fe1fa8ea27e97c2abb3a77e898f1a334b3cc16cad8b6de02b8ce9"
"backup_dast","aespa_data/db-backups/aespa-2026-06-16.db","30","766","","confirmed","Sensitive data exposed in API response","386cb92084733b89c86161928e919acfb4e93f0962cebd34867cb5d3751eb1e0"
"backup_dast","aespa_data/db-backups/aespa-2026-06-16.db","30","767","","confirmed","Sensitive data exposed in API response","e748f7313196395d4689f6c7ddae6d85a61aa2321cf2ad4ec61949f8b30a72f3"
"backup_dast","aespa_data/db-backups/aespa-2026-06-16.db","30","768","","confirmed","Sensitive data exposed in API response","837dc4da0c4dccc11a8ca667ae596a0788474f4e01b006ecf9e0784d49e42344"
"backup_dast","aespa_data/db-backups/aespa-2026-06-16.db","30","769","","unvalidated","[A02] [MEDIUM] Sensitive data exposed in API response","7154b73a005b2db6daf0c53d823b5e4f354712efb97d7837f28ec56e790bc9ce"
"backup_dast","aespa_data/db-backups/aespa-2026-06-16.db","30","770","","unvalidated","[A05] [MEDIUM] Server Version Disclosure via Server Response Header","e991d4d3e7ada23e0dbdeefb1c755849c5bec494bb2a97b27f3140d31b04ba12"
"backup_dast","aespa_data/db-backups/aespa-2026-06-16.db","30","771","","unvalidated","[A05] [MEDIUM] CORS misconfiguration: wildcard origin with credentials allowed","6231ccccd20765c225fd9a9d74843b09e6912d902f23ef6e910565dc0004f923"
"backup_dast","aespa_data/db-backups/aespa-2026-06-16.db","30","772","","unvalidated","[A05] [MEDIUM] Server Version Disclosure via Server Response Header","ba4675bab9fecca011be78125ade78cb4025d877d0e7669a3ddae1f06126f61e"
"backup_dast","aespa_data/db-backups/aespa-2026-06-16.db","30","773","","unvalidated","[A05] [MEDIUM] CORS misconfiguration: wildcard origin with credentials allowed","b5821ea21cf4d4449b86f1d7beb342887378be2015625e575570ecf6316548e5"
"backup_dast","aespa_data/db-backups/aespa-2026-06-16.db","30","774","","unvalidated","[A02] [MEDIUM] Sensitive data exposed in API response","faf1b50c74ac798823852174f0e4bada0e02c08d598b618461423a31685dc1f1"
"backup_dast","aespa_data/db-backups/aespa-2026-06-16.db","30","775","","unvalidated","[A01] [MEDIUM] Unauthenticated access to protected endpoint","371d8c8e15d36061f7ea457e065503af34f34618be4980142f82f47ea4c22662"
"backup_dast","aespa_data/db-backups/aespa-2026-06-16.db","30","776","","unvalidated","[A01] [HIGH] Insecure Direct Object Reference - Cross-User Transaction Data Exposed","ac72cf3ce7ae99f8588e5458a060e05da1b0e1c0b07e9b3d9598445965e006a7"
"backup_dast","aespa_data/db-backups/aespa-2026-06-16.db","30","777","","unvalidated","[A01] [HIGH] Admin Panel Accessible Without Authentication - No Access Control on /admin/","716e3a3e7eba2963157f88759974c2d801b428550938ce78dbe5191f2b227f68"
"backup_dast","aespa_data/db-backups/aespa-2026-06-16.db","30","778","","unvalidated","[A03] [HIGH] Stored XSS Payloads Present in Admin Account Listing Response","70a68bfeedcd629122cd73b309f25ffa71fc2e3142d68aa6c712124e4da27c09"
"backup_dast","aespa_data/db-backups/aespa-2026-06-16.db","30","779","","unvalidated","[A05] [MEDIUM] CORS misconfiguration: wildcard origin with credentials allowed","a6d8df61f7e26ac986648d38b3fc8038c5053f9dae69e15ff7c39c81fd6f624a"
"backup_dast","aespa_data/db-backups/aespa-2026-06-16.db","30","780","","unvalidated","[A05] [MEDIUM] Server Version Disclosure via Server Response Header","81711bd7de238e29511fbe8955d3980289eac1b8579002fcdde48aa74b7e3498"
"backup_dast","aespa_data/db-backups/aespa-2026-06-16.db","42","781","","confirmed","Unauthenticated access to protected endpoint","2bb1bdde326ca0d6a9e4fd7452c0c914a6f8c3459fc5ca4236271cd640ca9f4a"
"backup_dast","aespa_data/db-backups/aespa-2026-06-16.db","42","782","","confirmed","Unauthenticated access to protected endpoint","d909b72cae10c4711087e7f555c435c351d261526875a03bfd80aa077751f2a2"
"backup_dast","aespa_data/db-backups/aespa-2026-06-16.db","42","783","","confirmed","Unauthenticated access to protected endpoint","f1144b5930d826ace7a6ca105bcc1b88857fde6aef6760f0a7e7dc2ab1c975ba"
"backup_dast","aespa_data/db-backups/aespa-2026-06-16.db","42","784","","unvalidated","Default/Weak Admin Credentials - admin/password123","eae64cdeacffb408b896119242e311633f9fe2c4621bfe2989fc6e00fef7bf83"
"backup_dast","aespa_data/db-backups/aespa-2026-06-16.db","42","785","","unvalidated","SQL Injection in Admin Customer Search Endpoint","ca6c99f01cdedac78485d675a9dd02b5ba77daedb80c913fa3786bc8aa9650e9"
"backup_dast","aespa_data/db-backups/aespa-2026-06-16.db","42","786","","unvalidated","Admin Database Reset Endpoint - Destructive Operation Without Adequate Protection","3c0b0151f99d27d930e71f35c56cc7b05dcf8ce056b97bc961990874f82369d1"
"backup_dast","aespa_data/db-backups/aespa-2026-06-16.db","42","787","","unvalidated","Admin Can Directly Manipulate Customer Account Balances","d209242e89f95572cc557307021b304daef7021044262324df6eeb86cc17c3e9"
"backup_dast","aespa_data/db-backups/aespa-2026-06-16.db","42","788","","unvalidated","Admin Can Reset Any Customer Password - Enables Account Takeover","939a00f00d4a4c6b6a6c9251f528396f7f940d8579ff179454091e03590be774"
"backup_dast","aespa_data/db-backups/aespa-2026-06-16.db","42","789","","confirmed","SQL injection error disclosure","e89bc93bacf88d32d764003f846b292a7740cdb5b126da08514a60258dbd5b22"
"backup_dast","aespa_data/db-backups/aespa-2026-06-16.db","42","790","","confirmed","SQL injection error disclosure","9df59cf72ac266e3eb4f909bcc02755289b5e7fc006ec988b581738f99166d44"
"backup_dast","aespa_data/db-backups/aespa-2026-06-16.db","42","791","","confirmed","SQL injection error disclosure","32cb830ff2b76d300925f3bea03a56cf6459f75e6e669f19a5028687253a3a11"
"backup_dast","aespa_data/db-backups/aespa-2026-06-16.db","42","792","","confirmed","SQL injection error disclosure","53396a507cd00e36821de2d62d2efb98286bcd606b756fd56a75249fe609b5a8"
"backup_dast","aespa_data/db-backups/aespa-2026-06-16.db","42","793","","confirmed","SQL injection error disclosure","b1709994af0f8e8aaac7e3b61ab78fb3c98a9274249f43a65fa1bca9b97b1713"
"backup_dast","aespa_data/db-backups/aespa-2026-06-16.db","42","794","","confirmed","SQL injection error disclosure","0d902e2441edc97207d67e4b434565323ae7fa3aefa06d1522925b0064b96b6d"
"backup_dast","aespa_data/db-backups/aespa-2026-06-16.db","42","795","","unvalidated","Unauthenticated access to protected endpoint","9d21786223e825b9f5e22b04902484054870697d68fc929e70de6119d5ba3445"
"backup_dast","aespa_data/db-backups/aespa-2026-06-16.db","42","796","","unvalidated","Stored XSS in Transfer Description, Profile Name, and Address Book Fields","36a4483e4634c6531692ec61b8a011da19cdb31c840f4ac9bd684ec58acedaee"
"backup_dast","aespa_data/db-backups/aespa-2026-06-16.db","42","797","","unvalidated","CORS Misconfiguration: Arbitrary Origin Reflected with Credentials Allowed","26caba7db89f5ab57bbef7cc2bba8b9622c4db721a3e1ffbf0feb932348838ca"
"backup_dast","aespa_data/db-backups/aespa-2026-06-16.db","42","798","","unvalidated","Server Version Disclosure in HTTP Response Headers","a5d7ceefe3d1d0d1514bddb3b3a64d7ee92a49a2c05041ba6374092d9660351f"
"backup_dast","aespa_data/db-backups/aespa-2026-06-16.db","42","799","","unvalidated","SQL Injection in Admin Customer Search Endpoint","d8f8c4a342d4666c7bd13e07b9802f38afd4a54b16a85328e21759110acc40c3"
"backup_dast","aespa_data/db-backups/aespa-2026-06-16.db","42","800","","unvalidated","Verbose Error Messages Expose Internal File Paths and Stack Traces","38eed8a9c5eb027a4e82cd27eae10e55ac9b4836a3034483f55eb74421f76be7"
"backup_dast","aespa_data/db-backups/aespa-2026-06-16.db","42","801","","unvalidated","Stored XSS in Transfer Description, Profile Name, and Address Book Fields","96cdebc9f3c47ec23242b9c3d2c7d45780ea71c53e3f9610eb32450e8bc0f17e"
"backup_dast","aespa_data/db-backups/aespa-2026-06-16.db","42","802","","unvalidated","CORS Misconfiguration: Arbitrary Origin Reflected with Credentials Allowed","2aa52c1eab2fdc4939abb6c9eab17c79871ac2aa6df773a588170f864cf188fc"
"backup_dast","aespa_data/db-backups/aespa-2026-06-16.db","42","803","","unvalidated","SQL Injection in Admin Customer Search Endpoint","29bbb49e83e8cee1bb4b2137d276f56902926e314deefe1dbc84dda327a48df9"
"backup_dast","aespa_data/db-backups/aespa-2026-06-16.db","42","804","","unvalidated","Verbose Error Messages Expose Internal File Paths and Stack Traces","35554889d036b46705a5f131c51b1ed318c83769c6cf81e1231b96bd31704dc3"
"backup_dast","aespa_data/db-backups/aespa-2026-06-16.db","42","805","","unvalidated","IDOR on Profile Update Endpoint - Cross-User Profile Modification","f1bbb980ec6defff20d7b4b1970fa9965cdb70dafde67d1e9f4db1bb1096d990"
"backup_dast","aespa_data/db-backups/aespa-2026-06-16.db","42","806","","unvalidated","CORS Misconfiguration: Arbitrary Origin Reflected with Credentials Allowed","b85a66479560d84351c8fe40246309e5ca16f31be4b5da078f73250e00701e2c"
"backup_dast","aespa_data/db-backups/aespa-2026-06-16.db","42","807","","unvalidated","SQL Injection in Admin Customer Search Endpoint","988c8c6ad4ac4662aa95aed32aef2a9d3b40773eea80c92dfc7ac6ef1605cacb"
"backup_dast","aespa_data/db-backups/aespa-2026-06-16.db","42","808","","unvalidated","Verbose Error Messages Expose Internal File Paths and Stack Traces","60e77633064c055cabd982eae5509b9d57ad38c79594788604022bd361e40b7b"
"backup_dast","aespa_data/db-backups/aespa-2026-06-16.db","42","809","","unvalidated","Stored XSS in Transfer Description, Profile Name, and Address Book Fields","f70958e3742aed1edc513ce7bbdda9b3688a26d1838b3163344fd6ac20eb4bed"
"backup_dast","aespa_data/db-backups/aespa-2026-06-16.db","42","810","","unvalidated","Server Version Disclosure in HTTP Response Headers","72d8084428ed60b3a6d0b0e79e06e7e2dd8bac6d2c015c1c8c39b868e401ec0e"
"backup_dast","aespa_data/db-backups/aespa-2026-06-16.db","42","811","","unvalidated","CORS Misconfiguration: Arbitrary Origin Reflected with Credentials Allowed","8fea10b240b7e55238e4c2be8476e38fbd979e7e9f7435df522caf5fa7c8c46c"
"backup_dast","aespa_data/db-backups/aespa-2026-06-16.db","43","825","","unvalidated","CORS Misconfiguration: Arbitrary Origin Reflection with Credentials Allowed","939d9a6d3328190bbadf78f9a0df7b12a4aec5bb7d35d2d1e0f35711c6b2f6d7"
"backup_dast","aespa_data/db-backups/aespa-2026-06-16.db","43","826","","unvalidated","Default/Weak Admin Credentials (admin:admin123)","2e48bbc4c169c825bafeecf8bddf6baa6f1b822e34ffd51372f670dd3fd2bcc5"
"backup_dast","aespa_data/db-backups/aespa-2026-06-16.db","43","827","","confirmed","Sensitive data exposed in API response","350aee3af7cb77fd981728810c05a9422ae305fc3cf59990f7b12a1866f21e89"
"backup_dast","aespa_data/db-backups/aespa-2026-06-16.db","43","828","","confirmed","Sensitive data exposed in API response","fcd17ce4c4eb5bb1bad5d65db852a7ed23fcbfd956290394fe2cb32929b6390e"
"backup_dast","aespa_data/db-backups/aespa-2026-06-16.db","43","829","","confirmed","Sensitive data exposed in API response","5f3910f2099f11f9808e16e0e30e44c1e7e1588ddfd51a47d39cd517c30c77ff"
"backup_dast","aespa_data/db-backups/aespa-2026-06-16.db","43","838","","confirmed","Sensitive data exposed in API response","ee58e7b8589f1e8671e4bd0488d8e8724c5bef9791249f6037e5615ac1bc679a"
"backup_dast","aespa_data/db-backups/aespa-2026-06-16.db","43","839","","unvalidated","Sensitive Fields (password_hash, totp_secret) Exposed in API Responses","d5819d0bc969ae50c4b74af3cc819c1f0882b53fe6c5c005cbf312788fe20599"
"backup_dast","aespa_data/db-backups/aespa-2026-06-16.db","43","840","","unvalidated","CORS Misconfiguration: Arbitrary Origin Reflection with Credentials Allowed","b6d0754a10004371a4c8334a03b07afb07d9ab325fcf620d3523700277118e84"
"backup_dast","aespa_data/db-backups/aespa-2026-06-16.db","43","841","","unvalidated","Server and Technology Version Disclosure","e186a0f5f835726cc612d12138e1396b37260135217303d77d292bae6100dba0"
"backup_dast","aespa_data/db-backups/aespa-2026-06-16.db","43","842","","unvalidated","Stored XSS in Customer First Name Field Rendered in Admin Panel","7d1279959926115d9dfc76ce7a02eeced8ddfc2e5934a61f6e01c57aeda5e659"
"backup_dast","aespa_data/db-backups/aespa-2026-06-16.db","43","856","","unvalidated","SQL Injection in Admin Customer Search Endpoint","c23871ccd1d30b66fd81d2cfcd8b694e7858509e63e301d4920605822e2bd932"
"backup_dast","aespa_data/db-backups/aespa-2026-06-16.db","43","857","","unvalidated","TOTP Bypass on External Transfers - Business Logic Enforcement Failure","32beb15052740a28fdc7941d6be3f83ab1a8d2bfe22d9cc7e13508a4cb04ba82"
"backup_dast","aespa_data/db-backups/aespa-2026-06-16.db","43","858","","confirmed","SQL injection error disclosure","b80701b2f1fb49cb0a1b9cba62d0b2effb38429e53a3b446dba6a7201fd0bdab"
"backup_dast","aespa_data/db-backups/aespa-2026-06-16.db","43","860","","unvalidated","JWT Secret Exposed via Unauthenticated Health Endpoint","c3641c2ffaf78dbc6079200a69ef1876aa6b431ef8e0e759e0f6a521e6cc0694"
"backup_dast","aespa_data/db-backups/aespa-2026-06-16.db","43","863","","unvalidated","Verbose Internal Stack Traces Returned in API Error Responses","861e051b5e47c6e2227b994500a9eb42bb0d116a8efea7c628c0c02e9068415e"
"backup_dast","aespa_data/db-backups/aespa-2026-06-16.db","43","867","","unvalidated","Broken Access Control - Admin Endpoint Accessible Without Admin Role","388d64bc496d4c5659fc9614d64d73a29ab49d61a500330afcb3ea3d4dd4d258"
"backup_dast","aespa_data/db-backups/aespa-2026-06-16.db","43","868","","unvalidated","TOTP Second-Factor Bypass on External Transfers","ff7dbc90bbffa4808bf21c05f25f3420752a0014b76d0423063a642ea2f5ba9b"
"backup_dast","aespa_data/db-backups/aespa-2026-06-16.db","43","869","","unvalidated","Insecure Direct Object Reference - Transfer from Another User's Account","9651666794820316614a6aaea49c29a11fb80d8123c0d877f67aa2c7cfdad7d6"
"backup_dast","aespa_data/db-backups/aespa-2026-06-16.db","43","878","","unvalidated","Mass Assignment - Email Address Change Without Verification via Profile Update","2661f96eb3d2dc7025931a77344206e5f53f325c106603f7b273ff92b69586be"
"backup_dast","aespa_data/db-backups/aespa-2026-06-16.db","43","879","","unvalidated","Stored XSS in Customer First Name Field Rendered in Admin Panel","9edd3559ca9911841522c6e830f7750ed9a1313eee60b61ac9f2dcbf8d0ae81c"
"backup_dast","aespa_data/db-backups/aespa-2026-06-16.db","43","882","","unvalidated","Admin Endpoint Exposes Full PII for All Customers Including Home Addresses and Account Numbers","074cf9d242a796ff79253ecb90e3c2035d61afdd17c9dd3d25d33a3bb698b5a7"
"backup_dast","aespa_data/db-backups/aespa-2026-06-16.db","43","883","","unvalidated","Mass Assignment Allows Arbitrary Email Change on Profile Update","c6e13066a8cec431948423e239113769851ca2811191b11fc52306a68608ac6e"
"backup_dast","aespa_data/db-backups/aespa-2026-06-16.db","43","886","","unvalidated","Admin API Exposes Full Customer PII and Account Data Without Pagination Controls","58c4968a46dc4194fd88ec9ad5f5b4bdff925f3227fbda475dfbb2ca9085a371"
"backup_dast","aespa_data/db-backups/aespa-2026-06-16.db","43","889","","unvalidated","Stored XSS in Address Book Nickname and Payee Name Fields","32227b52e8e5874fb8976b931c95a48705520ac38fdc819f99f2be67e89e394c"
"backup_dast","aespa_data/db-backups/aespa-2026-06-16.db","43","891","","unvalidated","Transfer TOTP Bypass for Own-Account Transfers","f16cc6dff9366ecb27158a7d9b6a6d080de5e422051e78baf65c0841124cc9ed"
"backup_dast","aespa_data/db-backups/aespa-2026-06-16.db","43","893","","unvalidated","Sensitive Data Exposed via Unauthenticated Health Endpoint","19cb871b5bad8e0c46b786e438726ba5af0a0e67a0317b8a70fac2b20b00b634"
"backup_dast","aespa_data/db-backups/aespa-2026-06-16.db","43","894","","unvalidated","Forged JWT Grants Full Access to Another User's Banking Data","7976a72c7cdf1c09bf5b6c1be5ecd32954376a014239df3b603136f9fccf063f"
"backup_dast","aespa_data/db-backups/aespa-2026-06-16.db","45","895","","unvalidated","Potential stored XSS sink identified in JS source: .innerHTML","eb4c0eeb739e9532a114b2ac392be87c19838dff19dad5a0c45026deccf659ec"
"backup_dast","aespa_data/db-backups/aespa-2026-06-16.db","45","896","","unvalidated","Potential stored XSS sink identified in JS source: .innerHTML","b96c7cd281952b70b69fed4023a7953dc1b18ddd7ec9c800fe5619dd0adab4f9"
"backup_dast","aespa_data/db-backups/aespa-2026-06-16.db","45","897","","low_confidence","Potential stored XSS sink identified in JS source: perspective","3d862adc244c4ccaa419df4fa90fdaf653fb70e84617f63190e36f6983be5e1a"
"backup_dast","aespa_data/db-backups/aespa-2026-06-16.db","45","898","","low_confidence","Potential stored XSS sink identified in JS source: amount","342544ad34a8ced89b8f584d92e77b57b9bc35f239227d4ec46bcaf78c151a2e"
"backup_dast","aespa_data/db-backups/aespa-2026-06-16.db","45","899","","unvalidated","Potential stored XSS sink identified in JS source: .innerHTML","79453012a38ca14b57beafcce50d7814bf6b1392ab9b94da39509ef8dc9cd229"
"backup_dast","aespa_data/db-backups/aespa-2026-06-16.db","45","900","","low_confidence","Potential stored XSS sink identified in JS source: pagination","02fcd122467aa7769b2ab1e82f0311715bb045ee1828f38550d6b78dc11a502e"
"backup_dast","aespa_data/db-backups/aespa-2026-06-16.db","45","901","","low_confidence","Potential stored XSS sink identified in JS source: amount","c9867c38461512b90c3d5deaa7ddaf5165efd52732f0489ace7aaac789bc8da8"
"backup_dast","aespa_data/db-backups/aespa-2026-06-16.db","45","902","","unvalidated","Potential stored XSS sink identified in JS source: .innerHTML","ab84465f2f452b02c28180e9b4dac3dcea0e2bf430ac63d0b33e1cb8ec97061f"
"backup_dast","aespa_data/db-backups/aespa-2026-06-16.db","45","903","","low_confidence","Potential stored XSS sink identified in JS source: converted_amount","95897cb56d16213bf529cfeb56cfc882a69c7db48a717cf2fe881bb0caac7ca2"
"backup_dast","aespa_data/db-backups/aespa-2026-06-16.db","45","904","","low_confidence","Potential stored XSS sink identified in JS source: rate","8b9abd219fdf94a64e8e4e05557a5d257e448d5a2fc1a4044e2c917e70d1c836"
"backup_dast","aespa_data/db-backups/aespa-2026-06-16.db","45","905","","low_confidence","Potential stored XSS sink identified in JS source: payee_name","4f6b8ceb8bc40f8a4392917ed91227f97e07d0cf14a6ffa7cd525d127dd10999"
"backup_dast","aespa_data/db-backups/aespa-2026-06-16.db","45","906","","low_confidence","Potential stored XSS sink identified in JS source: .innerHTML","8115712f7b82b14be2709b94546bd6df21c6e0eb505224922e1bc33025d8cd13"
"backup_dast","aespa_data/db-backups/aespa-2026-06-16.db","45","907","","low_confidence","Potential stored XSS sink identified in JS source: .innerHTML","3daf7aa5d71407da9f6b62cc2abc6406054ebc4b8156dc94e4bb7ba4b571f2d3"
"backup_dast","aespa_data/db-backups/aespa-2026-06-16.db","45","908","","confirmed","Unauthenticated access to protected endpoint","377ec8798d5986a5a87cb727acffcec103b8e83572d9079f745826fad2c8ecde"
"backup_dast","aespa_data/db-backups/aespa-2026-06-16.db","45","909","","confirmed","Unauthenticated access to protected endpoint","a98f6cee6c816dfc38161538d1e6b343cce27669838030c8bb1df321c4a8d7a6"
"backup_dast","aespa_data/db-backups/aespa-2026-06-16.db","45","910","","confirmed","Unauthenticated access to protected endpoint","bb5bf2ad5244f29a3a169026f480617feb381c46f32f66a533a7c1738b3bbf30"
"backup_dast","aespa_data/db-backups/aespa-2026-06-16.db","45","911","","unvalidated","Sensitive Configuration Exposed via /api/health Endpoint","122d2132d8cbf479cc0b2619ae0904a33332f407fc2990b0305fe6921b5bfd9b"
"backup_dast","aespa_data/db-backups/aespa-2026-06-16.db","45","912","","unvalidated","Default Admin Credentials Allow Full Administrative Access","c2eda104e8041b14be8bb724d6802e6fe68e574f1e1fd17e367dc6819eb00bf8"
"backup_dast","aespa_data/db-backups/aespa-2026-06-16.db","45","913","","unvalidated","Sensitive Configuration Exposed via /api/health Endpoint","33d4a083b25fd5152e6c71b3b7031d72f049b1b965b3fd5a555be02ba64789e6"
"backup_dast","aespa_data/db-backups/aespa-2026-06-16.db","45","914","","unvalidated","SQL Injection in Admin Customer Search Endpoint","174ed318ca264f5087f5bc0dcd8dabf3173ec9a28298e483d283224fa681f355"
"backup_dast","aespa_data/db-backups/aespa-2026-06-16.db","45","915","","unvalidated","IDOR in External Transfer Endpoint Allows Unauthorized Fund Transfers from Any Account","a6b48702b96799b77e16e43d6d114c04d05d5a615bde4ebef8550a56799e08bb"
"backup_dast","aespa_data/db-backups/aespa-2026-06-16.db","45","916","","unvalidated","CORS Misconfiguration: Arbitrary Origin Reflection with Credentials Allowed","33c0a0d10080a3ee97676ecbb220747ce7c73b0a06400fd8c9f2a64f73c28186"
"backup_dast","aespa_data/db-backups/aespa-2026-06-16.db","45","917","","unvalidated","TOTP 2FA Bypass: Transfer Check Endpoint Not Enforced by Transfer Execution Endpoint","b6337e6eeef9ea70f98a5916893a05e874435a7a3e4ae0d5cbcaf933ee55dfe0"
"backup_dast","aespa_data/db-backups/aespa-2026-06-16.db","45","918","","unvalidated","Admin JWT Token Accepted by User Banking API Endpoints (Privilege Boundary Bypass)","2ba5f5647a7cda306d8b788d85b629123f35905c5619100a89b2eb197dbeb896"
"backup_dast","aespa_data/db-backups/aespa-2026-06-16.db","45","919","","unvalidated","SQL Injection in Admin Customer Search Endpoint","da04136c82512a9c70ec2b420e4ba5b25e4dae4e459d975331be39f4c15011a8"
"backup_dast","aespa_data/db-backups/aespa-2026-06-16.db","45","920","","unvalidated","User Enumeration via Login Error Messages - The login endpoint returns different error codes and messages depending on whether the email address exists in the syste","cb121d6037105485686271c29ebdb5fb16106939796e1b9f6a44fdd07b4a1eed"
"backup_dast","aespa_data/db-backups/aespa-2026-06-16.db","45","921","","unvalidated","Missing Content-Security-Policy Header - The banking application does not set a Content-Security-Policy (CSP) header on any of its pages. Without CSP, the browse","534c348d1425940d0820372abec7ec3e85cdc21ed2f1029bee8b592135b49803"
"backup_dast","aespa_data/db-backups/aespa-2026-06-16.db","45","922","","unvalidated","Admin Database Reset Endpoint Allows Complete Data Destruction - The admin API exposes a database reset endpoint at /api/admin/system/reset that completely wipes and restores the databa","c826ae3800a609b0fd5609d0f81b444b4502247ef4c87c83b2347214e76d1edb"
"backup_dast","aespa_data/db-backups/aespa-2026-06-16.db","45","923","","confirmed","Sensitive data exposed in API response","0115c5a82b78adf139bf29a7657d0b2e2d92bc6695d8ff7b5afab79f4841600c"
"backup_dast","aespa_data/db-backups/aespa-2026-06-16.db","45","924","","confirmed","Sensitive data exposed in API response","5b973d3f6d8c14239bd54eb64733e65ecc62c1d4b2a26862eff6575531d34b01"
"backup_dast","aespa_data/db-backups/aespa-2026-06-16.db","45","925","","confirmed","Sensitive data exposed in API response","4d7b37b132d5e4e7e7362ca7e52b55fa1e860b138f3493c49742c6c3fc647501"
"backup_dast","aespa_data/db-backups/aespa-2026-06-16.db","45","926","","confirmed","SQL injection error disclosure","51c10492f30f73ceaeb82832fec89f059bf98c16b7ae65ee794deaa1d6c2626d"
"backup_dast","aespa_data/db-backups/aespa-2026-06-16.db","45","927","","confirmed","SQL injection error disclosure","837eeb502fa61ad0a978ec4b12ef3fa13751d9a93521025c74658cf43b2e12dc"
"backup_dast","aespa_data/db-backups/aespa-2026-06-16.db","45","928","","confirmed","SQL injection error disclosure","42c08a2e71b0e17cc7ad0033770c912ec014ba4a346eca5a4ef4985ef02e6ba7"
"backup_dast","aespa_data/db-backups/aespa-2026-06-16.db","45","929","","confirmed","Sensitive data exposed in API response","8adc541be4a65d890516b22232f6281eaf73d93bf6fe6ec34528413f4139f193"
"backup_dast","aespa_data/db-backups/aespa-2026-06-16.db","44","930","","unvalidated","Potential stored XSS sink identified in JS source: .innerHTML","eb4c0eeb739e9532a114b2ac392be87c19838dff19dad5a0c45026deccf659ec"
"backup_dast","aespa_data/db-backups/aespa-2026-06-16.db","44","931","","unvalidated","Potential stored XSS sink identified in JS source: .innerHTML","b96c7cd281952b70b69fed4023a7953dc1b18ddd7ec9c800fe5619dd0adab4f9"
"backup_dast","aespa_data/db-backups/aespa-2026-06-16.db","44","932","","unvalidated","Potential stored XSS sink identified in JS source: perspective","5dc32a5206543c36a016d5c3d25c49e3a490cfad13cfefdd3b30da32d7e08a5f"
"backup_dast","aespa_data/db-backups/aespa-2026-06-16.db","44","933","","unvalidated","Potential stored XSS sink identified in JS source: amount","59417532a7b5a769edbcbfa4acac5438c93ce09a99b23dd8ca1ac4d67127e197"
"backup_dast","aespa_data/db-backups/aespa-2026-06-16.db","44","934","","unvalidated","Potential stored XSS sink identified in JS source: .innerHTML","79453012a38ca14b57beafcce50d7814bf6b1392ab9b94da39509ef8dc9cd229"
"backup_dast","aespa_data/db-backups/aespa-2026-06-16.db","44","935","","unvalidated","Potential stored XSS sink identified in JS source: pagination","bbc58c1104040035adc0abbd876bc29fdb2ea27f7f9968c3d8c1577f3718a3aa"
"backup_dast","aespa_data/db-backups/aespa-2026-06-16.db","44","936","","unvalidated","Potential stored XSS sink identified in JS source: amount","08a6fd8662066e7ad808ac5138269253a011c84ba3699c3f33c362a6512664c3"
"backup_dast","aespa_data/db-backups/aespa-2026-06-16.db","44","937","","unvalidated","Potential stored XSS sink identified in JS source: .innerHTML","ab84465f2f452b02c28180e9b4dac3dcea0e2bf430ac63d0b33e1cb8ec97061f"
"backup_dast","aespa_data/db-backups/aespa-2026-06-16.db","44","938","","unvalidated","Potential stored XSS sink identified in JS source: converted_amount","2772e419291f9157cb4519df624713b60134868cd80250cfa598c7bae14149b7"
"backup_dast","aespa_data/db-backups/aespa-2026-06-16.db","44","939","","unvalidated","Potential stored XSS sink identified in JS source: rate","e69103f2469996774584e28bea0c75b036fe04ffc16aee69c86ca4ae053e848e"
"backup_dast","aespa_data/db-backups/aespa-2026-06-16.db","44","940","","unvalidated","Potential stored XSS sink identified in JS source: payee_name","3b366900a76e7b2ae8d2b46f0a70840dd25908dfc8bf8ee1136837e8639a66d5"
"backup_dast","aespa_data/db-backups/aespa-2026-06-16.db","44","941","","unvalidated","Potential stored XSS sink identified in JS source: .innerHTML","b7014fc9f9e318f224ded9dab5750c41214d282ce1553c3b89ecdcd12ad3017d"
"backup_dast","aespa_data/db-backups/aespa-2026-06-16.db","44","942","","unvalidated","Potential stored XSS sink identified in JS source: .innerHTML","325c6981d281e46eac5d4ad683d524dbb52e81b9b6613e3718be34f6beef11dc"
"backup_dast","aespa_data/db-backups/aespa-2026-06-16.db","44","943","","confirmed","Unauthenticated access to protected endpoint","19ca7d1f878e4f5af1b2ad9cf0a245bd4608b8ebf2c91ccde7cbe0ae4ff9e9cd"
"backup_dast","aespa_data/db-backups/aespa-2026-06-16.db","44","944","","confirmed","Unauthenticated access to protected endpoint","ff86201ce1fcc3edcf0fcd058bbc35adcd72512f5618ec92d533feaef4ffbd7f"
"backup_dast","aespa_data/db-backups/aespa-2026-06-16.db","44","945","","confirmed","Unauthenticated access to protected endpoint","63dd615a5f90328816eb3a4363b5b530b901894e7c43c8314b6dfc4f2b5f1314"
"backup_dast","aespa_data/db-backups/aespa-2026-06-16.db","44","946","","unvalidated","Potential stored XSS sink identified in JS source: .innerHTML","eb4c0eeb739e9532a114b2ac392be87c19838dff19dad5a0c45026deccf659ec"
"backup_dast","aespa_data/db-backups/aespa-2026-06-16.db","44","947","","unvalidated","Potential stored XSS sink identified in JS source: .innerHTML","b96c7cd281952b70b69fed4023a7953dc1b18ddd7ec9c800fe5619dd0adab4f9"
"backup_dast","aespa_data/db-backups/aespa-2026-06-16.db","44","948","","unvalidated","Potential stored XSS sink identified in JS source: perspective","5dc32a5206543c36a016d5c3d25c49e3a490cfad13cfefdd3b30da32d7e08a5f"
"backup_dast","aespa_data/db-backups/aespa-2026-06-16.db","44","949","","unvalidated","Potential stored XSS sink identified in JS source: amount","59417532a7b5a769edbcbfa4acac5438c93ce09a99b23dd8ca1ac4d67127e197"
"backup_dast","aespa_data/db-backups/aespa-2026-06-16.db","44","950","","unvalidated","Potential stored XSS sink identified in JS source: .innerHTML","79453012a38ca14b57beafcce50d7814bf6b1392ab9b94da39509ef8dc9cd229"
"backup_dast","aespa_data/db-backups/aespa-2026-06-16.db","44","951","","unvalidated","Potential stored XSS sink identified in JS source: pagination","bbc58c1104040035adc0abbd876bc29fdb2ea27f7f9968c3d8c1577f3718a3aa"
"backup_dast","aespa_data/db-backups/aespa-2026-06-16.db","44","952","","unvalidated","Potential stored XSS sink identified in JS source: amount","08a6fd8662066e7ad808ac5138269253a011c84ba3699c3f33c362a6512664c3"
"backup_dast","aespa_data/db-backups/aespa-2026-06-16.db","44","953","","unvalidated","Potential stored XSS sink identified in JS source: .innerHTML","ab84465f2f452b02c28180e9b4dac3dcea0e2bf430ac63d0b33e1cb8ec97061f"
"backup_dast","aespa_data/db-backups/aespa-2026-06-16.db","44","954","","unvalidated","Potential stored XSS sink identified in JS source: converted_amount","2772e419291f9157cb4519df624713b60134868cd80250cfa598c7bae14149b7"
"backup_dast","aespa_data/db-backups/aespa-2026-06-16.db","44","955","","unvalidated","Potential stored XSS sink identified in JS source: rate","e69103f2469996774584e28bea0c75b036fe04ffc16aee69c86ca4ae053e848e"
"backup_dast","aespa_data/db-backups/aespa-2026-06-16.db","44","956","","unvalidated","Potential stored XSS sink identified in JS source: payee_name","3b366900a76e7b2ae8d2b46f0a70840dd25908dfc8bf8ee1136837e8639a66d5"
"backup_dast","aespa_data/db-backups/aespa-2026-06-16.db","44","957","","unvalidated","Potential stored XSS sink identified in JS source: .innerHTML","b7014fc9f9e318f224ded9dab5750c41214d282ce1553c3b89ecdcd12ad3017d"
"backup_dast","aespa_data/db-backups/aespa-2026-06-16.db","44","958","","unvalidated","Potential stored XSS sink identified in JS source: .innerHTML","325c6981d281e46eac5d4ad683d524dbb52e81b9b6613e3718be34f6beef11dc"
"backup_dast","aespa_data/db-backups/aespa-2026-06-16.db","44","959","","unvalidated","Potential stored XSS sink identified in JS source: .innerHTML","eb4c0eeb739e9532a114b2ac392be87c19838dff19dad5a0c45026deccf659ec"
"backup_dast","aespa_data/db-backups/aespa-2026-06-16.db","44","960","","unvalidated","Potential stored XSS sink identified in JS source: .innerHTML","b96c7cd281952b70b69fed4023a7953dc1b18ddd7ec9c800fe5619dd0adab4f9"
"backup_dast","aespa_data/db-backups/aespa-2026-06-16.db","44","961","","unvalidated","Potential stored XSS sink identified in JS source: perspective","5dc32a5206543c36a016d5c3d25c49e3a490cfad13cfefdd3b30da32d7e08a5f"
"backup_dast","aespa_data/db-backups/aespa-2026-06-16.db","44","962","","unvalidated","Potential stored XSS sink identified in JS source: amount","59417532a7b5a769edbcbfa4acac5438c93ce09a99b23dd8ca1ac4d67127e197"
"backup_dast","aespa_data/db-backups/aespa-2026-06-16.db","44","963","","unvalidated","Potential stored XSS sink identified in JS source: .innerHTML","79453012a38ca14b57beafcce50d7814bf6b1392ab9b94da39509ef8dc9cd229"
"backup_dast","aespa_data/db-backups/aespa-2026-06-16.db","44","964","","unvalidated","Potential stored XSS sink identified in JS source: pagination","bbc58c1104040035adc0abbd876bc29fdb2ea27f7f9968c3d8c1577f3718a3aa"
"backup_dast","aespa_data/db-backups/aespa-2026-06-16.db","44","965","","unvalidated","Potential stored XSS sink identified in JS source: amount","08a6fd8662066e7ad808ac5138269253a011c84ba3699c3f33c362a6512664c3"
"backup_dast","aespa_data/db-backups/aespa-2026-06-16.db","44","966","","unvalidated","Potential stored XSS sink identified in JS source: .innerHTML","ab84465f2f452b02c28180e9b4dac3dcea0e2bf430ac63d0b33e1cb8ec97061f"
"backup_dast","aespa_data/db-backups/aespa-2026-06-16.db","44","967","","unvalidated","Potential stored XSS sink identified in JS source: converted_amount","2772e419291f9157cb4519df624713b60134868cd80250cfa598c7bae14149b7"
"backup_dast","aespa_data/db-backups/aespa-2026-06-16.db","44","968","","unvalidated","Potential stored XSS sink identified in JS source: rate","e69103f2469996774584e28bea0c75b036fe04ffc16aee69c86ca4ae053e848e"
"backup_dast","aespa_data/db-backups/aespa-2026-06-16.db","44","969","","unvalidated","Potential stored XSS sink identified in JS source: payee_name","3b366900a76e7b2ae8d2b46f0a70840dd25908dfc8bf8ee1136837e8639a66d5"
"backup_dast","aespa_data/db-backups/aespa-2026-06-16.db","44","970","","unvalidated","Potential stored XSS sink identified in JS source: .innerHTML","b7014fc9f9e318f224ded9dab5750c41214d282ce1553c3b89ecdcd12ad3017d"
"backup_dast","aespa_data/db-backups/aespa-2026-06-16.db","44","971","","unvalidated","Potential stored XSS sink identified in JS source: .innerHTML","325c6981d281e46eac5d4ad683d524dbb52e81b9b6613e3718be34f6beef11dc"
"backup_dast","aespa_data/db-backups/aespa-2026-06-16.db","44","972","","unvalidated","JWT Secret Exposed in /api/health Response - The /api/health endpoint exposes the JWT signing secret (jwt_secret: [redacted]","23c6e325f70c13a256ade506591cc0d473e76aac3a1ca6460d088285d9958494"
"backup_dast","aespa_data/db-backups/aespa-2026-06-16.db","44","973","","unvalidated","CORS Misconfiguration - Overly Permissive Access-Control-Allow-Origin - The application's API endpoints return a wildcard Access-Control-Allow-Origin header (or reflect the requesting Origin),","cab4f88b86ab9bc95227205a8d9e7f7a7d2f35dea00e9a10c4715f381403611e"
"backup_dast","aespa_data/db-backups/aespa-2026-06-16.db","44","974","","confirmed","Sensitive data exposed in API response","6cd7f6e6ce3b68622ed2bf399d8b58eed3f672636a5e1e64eed13d3b9eaea127"
"backup_dast","aespa_data/db-backups/aespa-2026-06-16.db","44","975","","confirmed","Sensitive data exposed in API response","ad5f34b9382b7fbd29998a2da60fada1266d48545b5e3d57e33312ff104ce602"
"backup_dast","aespa_data/db-backups/aespa-2026-06-16.db","44","976","","unvalidated","JWT Secret Exposed in /api/health Response","98e33681828cf2700bd3485b2dadcad504845285aa52cff46a07f2207ac85186"
"backup_dast","aespa_data/db-backups/aespa-2026-06-16.db","44","977","","unvalidated","[A05] [LOW] Verbose PHP Stack Traces Exposed in API Errors","59e6f8c7922b39cf3fc926887dc2bbf5b623516762e7cd67f492cf349a98f6a9"
"backup_dast","aespa_data/db-backups/aespa-2026-06-16.db","44","978","","unvalidated","CORS Misconfiguration - Overly Permissive Access-Control-Allow-Origin","4cee2cc53c844ec1bf6a600b7deb2ad4aad73014bfe13675ab0d1187ad414b66"
"backup_dast","aespa_data/db-backups/aespa-2026-06-16.db","44","979","","unvalidated","[A05] [LOW] Sensitive Database Credentials Exposed in Health Endpoint","3ea804fe3f7ea98e221cc63c7856bc951906ef4df6bf3979a02e9ba669880ab7"
"backup_dast","aespa_data/db-backups/aespa-2026-06-16.db","44","980","","unvalidated","CORS Misconfiguration - Overly Permissive Access-Control-Allow-Origin","41c3a981439369e3f91292716eb98a7973897c01b39852bf9fa495192b5782d9"
"backup_dast","aespa_data/db-backups/aespa-2026-06-16.db","44","981","","unvalidated","CORS Misconfiguration - Overly Permissive Access-Control-Allow-Origin","d921840dfacd2b2364ddd8f8bafac9a7c8c7e340548b8900b7b23d82f9699584"
"backup_dast","aespa_data/db-backups/aespa-2026-06-16.db","46","982","","unvalidated","Potential stored XSS sink identified in JS source: .innerHTML","eb4c0eeb739e9532a114b2ac392be87c19838dff19dad5a0c45026deccf659ec"
"backup_dast","aespa_data/db-backups/aespa-2026-06-16.db","46","1008","","confirmed","Unauthenticated access to protected endpoint","4ae3fd02221fb000740ea7ddacaf9f8b188f89f36a85291c64df189c5317584f"
"backup_dast","aespa_data/db-backups/aespa-2026-06-16.db","46","1011","","unvalidated","Sensitive Data Exposure: Password Hash and TOTP Secret Returned in API Profile Response","432db298e9c4bb57dde22db9b0eff918e0f1198da38ddd9e6ddca2b6927571bd"
"backup_dast","aespa_data/db-backups/aespa-2026-06-16.db","46","1012","","unvalidated","Default Admin Credentials Allow Unauthenticated Administrative Access","14131fcbfaa21514bfcd3dd57f15445fc0ca4f127ba8f4dd1b7d85b4e93a9520"
"backup_dast","aespa_data/db-backups/aespa-2026-06-16.db","46","1014","","unvalidated","CORS Misconfiguration: Wildcard Origin with Credentials Header on API Endpoints","7eeda6b10dd6443069987c556b3ca43dc1625aa2ddf97b8b290a5604a03f7b90"
"backup_dast","aespa_data/db-backups/aespa-2026-06-16.db","46","1016","","confirmed","Sensitive data exposed in API response","6f0a705f82f64ecf06d1dd688aa2cd49cafd5efd73622dd0a4c9cde7cc91c97a"
"backup_dast","aespa_data/db-backups/aespa-2026-06-16.db","46","1018","","unvalidated","MD5 Used for Password Hashing on New Accounts","1f0555526ed205783126f485d6f76372914f7994a1dbfd6ef30e0319b2dbb578"
"backup_dast","aespa_data/db-backups/aespa-2026-06-16.db","46","1019","","unvalidated","Sensitive PII of Other Users Returned in Login Response","3235982059352141392b3a1f80d766ca514b794a5b0b0187c5dab603792086b2"
"backup_dast","aespa_data/db-backups/aespa-2026-06-16.db","46","1021","","unvalidated","Admin Authentication Endpoint Publicly Accessible","b465986df3b56dcc4b620b32e18c18d3d4b5ac3cae4a7c1aa9c0bb39b003bad3"
"backup_dast","aespa_data/db-backups/aespa-2026-06-16.db","46","1036","","unvalidated","IDOR in External Transfer Endpoint Allows Unauthorized Fund Transfers from Any Account","065c9a472d9d0082abaa16fd8cf1e02bdd1c9239db91c0468158341e76256bef"
"backup_dast","aespa_data/db-backups/aespa-2026-06-16.db","46","1037","","unvalidated","TOTP Verification Bypass on External Transfer Endpoint - The `/api/transfers/external` endpoint does not enforce TOTP verification for manual (external) transfers, despite the `","ab8f3952b9a91f3fb16fc77a376e60062adfb56b28e29151690db3841809b1ca"
"backup_dast","aespa_data/db-backups/aespa-2026-06-16.db","46","1039","","unvalidated","Stored XSS via Transfer Description Field Rendered Unescaped in Account Transaction History","852d613e68175dcd3d12721a94c3a6f03011263e230907460d9f37f9da846b3e"
"backup_dast","aespa_data/db-backups/aespa-2026-06-16.db","46","1040","","confirmed","Sensitive data exposed in API response","e0b7dab92e4e6cfe3b09216850e18c424af12b092fae2c04adefb17c0b40b065"
"backup_dast","aespa_data/db-backups/aespa-2026-06-16.db","46","1050","","unvalidated","Stored XSS via Unsanitised Input in Address Book Payee Name","ef8e05bfec9e5c181b1283256046ded269267e0a7af42ea4fd4f866f19214b93"
"backup_dast","aespa_data/db-backups/aespa-2026-06-16.db","46","1071","","unvalidated","Sensitive Internal Configuration Disclosed via Health Endpoint - The unauthenticated /api/health endpoint discloses internal infrastructure details including database hostname (db_host:","0d84e12347c1b4054d429aee056d30fa2639c6423b46278be93ee3f8c60de68b"
"backup_dast","aespa_data/db-backups/aespa-2026-06-16.db","46","1115","","unvalidated","Verbose Internal Stack Trace Exposed in Error Response - A malformed or unauthenticated request to GET /api/accounts/1 triggered a PHP exception that was returned in the HTTP 50","47f89fd4d602a32842c31db7e1deccd638b1cddd9f7117c9e7f56d24df23a3b1"
"backup_dast","aespa_data/db-backups/aespa-2026-06-16.db","46","1116","","unvalidated","Potential stored XSS sink identified in JS source: .innerHTML","eb4c0eeb739e9532a114b2ac392be87c19838dff19dad5a0c45026deccf659ec"
"backup_dast","aespa_data/db-backups/aespa-2026-06-16.db","46","1117","","unvalidated","Potential stored XSS sink identified in JS source: .innerHTML","b96c7cd281952b70b69fed4023a7953dc1b18ddd7ec9c800fe5619dd0adab4f9"
"backup_dast","aespa_data/db-backups/aespa-2026-06-16.db","46","1118","","unvalidated","Potential stored XSS sink identified in JS source: perspective","5dc32a5206543c36a016d5c3d25c49e3a490cfad13cfefdd3b30da32d7e08a5f"
"backup_dast","aespa_data/db-backups/aespa-2026-06-16.db","46","1119","","unvalidated","Potential stored XSS sink identified in JS source: amount","59417532a7b5a769edbcbfa4acac5438c93ce09a99b23dd8ca1ac4d67127e197"
"backup_dast","aespa_data/db-backups/aespa-2026-06-16.db","46","1120","","unvalidated","Potential stored XSS sink identified in JS source: .innerHTML","79453012a38ca14b57beafcce50d7814bf6b1392ab9b94da39509ef8dc9cd229"
"backup_dast","aespa_data/db-backups/aespa-2026-06-16.db","46","1121","","unvalidated","Potential stored XSS sink identified in JS source: pagination","bbc58c1104040035adc0abbd876bc29fdb2ea27f7f9968c3d8c1577f3718a3aa"
"backup_dast","aespa_data/db-backups/aespa-2026-06-16.db","46","1122","","unvalidated","Potential stored XSS sink identified in JS source: amount","08a6fd8662066e7ad808ac5138269253a011c84ba3699c3f33c362a6512664c3"
"backup_dast","aespa_data/db-backups/aespa-2026-06-16.db","46","1123","","unvalidated","Potential stored XSS sink identified in JS source: .innerHTML","ab84465f2f452b02c28180e9b4dac3dcea0e2bf430ac63d0b33e1cb8ec97061f"
"backup_dast","aespa_data/db-backups/aespa-2026-06-16.db","46","1124","","unvalidated","Potential stored XSS sink identified in JS source: converted_amount","2772e419291f9157cb4519df624713b60134868cd80250cfa598c7bae14149b7"
"backup_dast","aespa_data/db-backups/aespa-2026-06-16.db","46","1125","","unvalidated","Potential stored XSS sink identified in JS source: rate","e69103f2469996774584e28bea0c75b036fe04ffc16aee69c86ca4ae053e848e"
"backup_dast","aespa_data/db-backups/aespa-2026-06-16.db","46","1126","","unvalidated","Potential stored XSS sink identified in JS source: payee_name","3b366900a76e7b2ae8d2b46f0a70840dd25908dfc8bf8ee1136837e8639a66d5"
"backup_dast","aespa_data/db-backups/aespa-2026-06-16.db","46","1127","","unvalidated","Potential stored XSS sink identified in JS source: .innerHTML","b7014fc9f9e318f224ded9dab5750c41214d282ce1553c3b89ecdcd12ad3017d"
"backup_dast","aespa_data/db-backups/aespa-2026-06-16.db","46","1128","","unvalidated","Potential stored XSS sink identified in JS source: .innerHTML","325c6981d281e46eac5d4ad683d524dbb52e81b9b6613e3718be34f6beef11dc"
"backup_dast","aespa_data/db-backups/aespa-2026-06-16.db","46","1129","","confirmed","Unauthenticated access to protected endpoint","705d32e12b8b9d2d042c7dedd5dfbf0aa286a9449820b0a85bb400d2826b4cc8"
"backup_dast","aespa_data/db-backups/aespa-2026-06-16.db","46","1130","","confirmed","Unauthenticated access to protected endpoint","8a385710e36990c449d32322d4d050de74b8732e29a2ec486fe9a3513dd1a1e4"
"backup_dast","aespa_data/db-backups/aespa-2026-06-16.db","46","1131","","confirmed","Sensitive Internal Configuration Disclosed via Health Endpoint","1f57b48cab13d5d63df750dbfbd2106f9d64f0ae6a6b370379eec1f06d8a44de"
"backup_dast","aespa_data/db-backups/aespa-2026-06-16.db","46","1132","","false_positive","TOTP Verification Bypass on External Transfer Endpoint - The `/api/transfers/external` endpoint does not enforce TOTP verification for manual (external) transfers, despite the","6e48adc651e5fc132032b316bbf6885c51c700ccaafc0150c8d44b4093ef33be"
"backup_dast","aespa_data/db-backups/aespa-2026-06-16.db","46","1133","","confirmed","Stored XSS via Unsanitised Input in Address Book Payee Name","885ee535314d57d37b3b71fd75efd98f6914a15395351b3c1b453329d63bb931"
"backup_dast","aespa_data/db-backups/aespa-2026-06-16.db","46","1134","","confirmed","User Enumeration via Login Error Messages","43ec84dc07712be26ae1496f47af06173da7ae562e2830ceed464c0f29b9f66b"
"backup_dast","aespa_data/db-backups/aespa-2026-06-16.db","46","1135","","confirmed","Stored XSS via Transfer Description Field Rendered Unescaped in Account Transaction History","536c56b0f151db7e1df042a6922942e46f63873d2f6a2b21fbf82183553867c0"
"backup_dast","aespa_data/db-backups/aespa-2026-06-16.db","46","1136","","confirmed","Sensitive data exposed in API response","0c0ce1740ef996df92415923bbfcd04d8a2763bc4543cfe6f6caf8b828f42a7f"
"backup_dast","aespa_data/db-backups/aespa-2026-06-16.db","46","1137","","unvalidated","Cross-Site Request Forgery (CSRF) on Transfer Endpoint","119eeff270a7b8d05771e455b6d4427753cdf0b151b135a27035a57a8d119b5a"
"backup_dast","aespa_data/db-backups/aespa-2026-06-16.db","46","1138","","unvalidated","CORS Misconfiguration: Wildcard Origin with Credentials Header on API Endpoints","d43174bcdca5ebd89d514b190a229aae234724eb486ab8745d1eb4897198f8e3"
"backup_dast","aespa_data/db-backups/aespa-2026-06-16.db","46","1139","","unvalidated","Sensitive Data Exposure: Password Hash and TOTP Secret Returned in API Profile Response","64498eb75039752dbf461face1a1427e017147f593434188451e06c8f1502c9e"
"backup_dast","aespa_data/db-backups/aespa-2026-06-16.db","46","1140","","unvalidated","Server Version Disclosure","7c4fb264d7371a92138c96f7d3e62ffd40efd5a8de9f6f04408449c636feba5f"
"backup_dast","aespa_data/db-backups/aespa-2026-06-16.db","46","1141","","unvalidated","Admin Authentication Endpoint Publicly Accessible","e16b9ca7048615592d06b5f3651f9aed4db9cb235c9832a728afb9afe54f2d74"
"backup_dast","aespa_data/db-backups/aespa-2026-06-16.db","46","1142","","unvalidated","Stored XSS via Unsanitised Input in Address Book Payee Name","e63b53c9dd75cb02fff7777dc3fda30eeb583c36e00d9d356bab87ca3500f423"
"backup_dast","aespa_data/db-backups/aespa-2026-06-16.db","46","1143","","unvalidated","Stored XSS via Transfer Description Field Rendered Unescaped in Account Transaction History","75355e23272e11c7fa9646944fabb5f098c6298c8793230781dfd521df598209"
"backup_dast","aespa_data/db-backups/aespa-2026-06-16.db","46","1144","","unvalidated","Insufficient Input Validation on Pagination Parameters","588d854f7b0e79b17f0dc495d93bd5c7d843e5a185bba1d1b16d34a89b38368e"
"backup_dast","aespa_data/db-backups/aespa-2026-06-16.db","46","1145","","unvalidated","Server Crash on Malformed Transfer Request","05b90b58227a4f37271bd2c7d993af2c69655ecfd50e56ec03bec4b9f9f8a8d1"
"backup_dast","aespa_data/db-backups/aespa-2026-06-16.db","46","1146","","unvalidated","Sensitive PII of Other Users Returned in Login Response","56c300dd5a8803f7e174898bf7471ea54fc1df078fb8c63a9fef2934dd3fc605"
"backup_dast","aespa_data/db-backups/aespa-2026-06-16.db","46","1147","","unvalidated","CORS Misconfiguration: Wildcard Origin with Credentials Header on API Endpoints","fceec8269bcad190fa435884bc1413e65f5393ecb903d860680dc5f789bb34d6"
"backup_dast","aespa_data/db-backups/aespa-2026-06-16.db","46","1148","","unvalidated","Potential stored XSS sink identified in JS source: .innerHTML","eb4c0eeb739e9532a114b2ac392be87c19838dff19dad5a0c45026deccf659ec"
"backup_dast","aespa_data/db-backups/aespa-2026-06-16.db","46","1149","","unvalidated","Potential stored XSS sink identified in JS source: .innerHTML","b96c7cd281952b70b69fed4023a7953dc1b18ddd7ec9c800fe5619dd0adab4f9"
"backup_dast","aespa_data/db-backups/aespa-2026-06-16.db","46","1150","","unvalidated","Potential stored XSS sink identified in JS source: perspective","5dc32a5206543c36a016d5c3d25c49e3a490cfad13cfefdd3b30da32d7e08a5f"
"backup_dast","aespa_data/db-backups/aespa-2026-06-16.db","46","1151","","unvalidated","Potential stored XSS sink identified in JS source: amount","59417532a7b5a769edbcbfa4acac5438c93ce09a99b23dd8ca1ac4d67127e197"
"backup_dast","aespa_data/db-backups/aespa-2026-06-16.db","46","1152","","unvalidated","Potential stored XSS sink identified in JS source: .innerHTML","79453012a38ca14b57beafcce50d7814bf6b1392ab9b94da39509ef8dc9cd229"
"backup_dast","aespa_data/db-backups/aespa-2026-06-16.db","46","1153","","unvalidated","Potential stored XSS sink identified in JS source: pagination","bbc58c1104040035adc0abbd876bc29fdb2ea27f7f9968c3d8c1577f3718a3aa"
"backup_dast","aespa_data/db-backups/aespa-2026-06-16.db","46","1154","","unvalidated","Potential stored XSS sink identified in JS source: amount","08a6fd8662066e7ad808ac5138269253a011c84ba3699c3f33c362a6512664c3"
"backup_dast","aespa_data/db-backups/aespa-2026-06-16.db","46","1155","","unvalidated","Potential stored XSS sink identified in JS source: .innerHTML","ab84465f2f452b02c28180e9b4dac3dcea0e2bf430ac63d0b33e1cb8ec97061f"
"backup_dast","aespa_data/db-backups/aespa-2026-06-16.db","46","1156","","unvalidated","Potential stored XSS sink identified in JS source: converted_amount","2772e419291f9157cb4519df624713b60134868cd80250cfa598c7bae14149b7"
"backup_dast","aespa_data/db-backups/aespa-2026-06-16.db","46","1157","","unvalidated","Potential stored XSS sink identified in JS source: rate","e69103f2469996774584e28bea0c75b036fe04ffc16aee69c86ca4ae053e848e"
"backup_dast","aespa_data/db-backups/aespa-2026-06-16.db","46","1158","","unvalidated","Potential stored XSS sink identified in JS source: payee_name","3b366900a76e7b2ae8d2b46f0a70840dd25908dfc8bf8ee1136837e8639a66d5"
"backup_dast","aespa_data/db-backups/aespa-2026-06-16.db","46","1159","","unvalidated","Potential stored XSS sink identified in JS source: .innerHTML","b7014fc9f9e318f224ded9dab5750c41214d282ce1553c3b89ecdcd12ad3017d"
"backup_dast","aespa_data/db-backups/aespa-2026-06-16.db","46","1160","","unvalidated","Potential stored XSS sink identified in JS source: .innerHTML","325c6981d281e46eac5d4ad683d524dbb52e81b9b6613e3718be34f6beef11dc"
"backup_dast","aespa_data/db-backups/aespa-2026-06-16.db","46","1161","","unvalidated","SQL Injection in External Transfer Description Field","23a84404670cf3854f4e75a8dbaed4e05772c8db6f74e3b7c757673e549052d4"
"backup_dast","aespa_data/db-backups/aespa-2026-06-16.db","46","1162","","unvalidated","Missing Rate Limiting on Login Endpoint","0804a2b7256dcb535b66bd5dcf1cf46368d9831878d17ae152ca1dddf93203cb"
"backup_dast","aespa_data/db-backups/aespa-2026-06-16.db","46","1163","","low_confidence","Potential stored XSS sink identified in JS source: .innerHTML","4a493274ba4952c48f398d14ba5501cdc3bd5ea766fa3c4dea7bb13598d6db27"
"backup_dast","aespa_data/db-backups/aespa-2026-06-16.db","46","1164","","low_confidence","Potential stored XSS sink identified in JS source: .innerHTML","7b2c0ebc486ed4be0210296b8d61b413178383da3d363a63f69accce70b91406"
"backup_dast","aespa_data/db-backups/aespa-2026-06-16.db","46","1165","","low_confidence","Potential stored XSS sink identified in JS source: perspective","72068e48f6a091bb41f82310f23f5fee2a4c1981442ca9f70e824352ed6a2544"
"backup_dast","aespa_data/db-backups/aespa-2026-06-16.db","46","1166","","low_confidence","Potential stored XSS sink identified in JS source: amount","b24ae853b7d9b7c500b88617df2f09cfe558bddac15d46a5bc44d95c96963aaa"
"backup_dast","aespa_data/db-backups/aespa-2026-06-16.db","46","1167","","low_confidence","Potential stored XSS sink identified in JS source: .innerHTML","32fa50bb54e41bcc3354a2ec8bbd4529b087f9750024c3d3cfa9111f9c5fa942"
"backup_dast","aespa_data/db-backups/aespa-2026-06-16.db","46","1168","","low_confidence","Potential stored XSS sink identified in JS source: pagination","6b7a422a75d4bf007a49abc5fce939f721dba80cc69d5a57bd1abb96fcb3e464"
"backup_dast","aespa_data/db-backups/aespa-2026-06-16.db","46","1169","","low_confidence","Potential stored XSS sink identified in JS source: amount","96ef778b6d1d8685a2c6a99bd1eda1ebb3e21e6657c83787c520b16f7db7f0c4"
"backup_dast","aespa_data/db-backups/aespa-2026-06-16.db","46","1170","","low_confidence","Potential stored XSS sink identified in JS source: .innerHTML","ef3aa0b8edf909d5c22b358e5245487458dd44b1b0263dd55ad0db6dae8e2249"
"backup_dast","aespa_data/db-backups/aespa-2026-06-16.db","46","1171","","low_confidence","Potential stored XSS sink identified in JS source: converted_amount","c42ad8d6d52e92b5b13f8fbe866349d2758e58e2a452739cb6b71dbf0d7fdd1b"
"backup_dast","aespa_data/db-backups/aespa-2026-06-16.db","46","1172","","low_confidence","Potential stored XSS sink identified in JS source: rate","870d132a676b6c48b30eff8cc23173c8bb8f76b4cbf09b54877c90eeb9096930"
"backup_dast","aespa_data/db-backups/aespa-2026-06-16.db","46","1173","","low_confidence","Potential stored XSS sink identified in JS source: payee_name","71fd5b197ddb7596234f04f28730622bd16696a466ab0a6132bf7489087892dc"
"backup_dast","aespa_data/db-backups/aespa-2026-06-16.db","46","1174","","low_confidence","Potential stored XSS sink identified in JS source: .innerHTML","b2f8a4d7f590b9d7decbce4d576e28e2d2c74e93f5358a9af911ea378b9d3bd6"
"backup_dast","aespa_data/db-backups/aespa-2026-06-16.db","46","1175","","low_confidence","Potential stored XSS sink identified in JS source: .innerHTML","41a84d7b9989b86b08c75b19d54f2ca802fc7dae9b6f6d1ec2e44cf4388000ac"
"backup_dast","aespa_data/db-backups/aespa-2026-06-16.db","46","1176","","unvalidated","[A03:2021 – Injection] [HIGH] SQL Injection in Admin Customers Search Parameter - The search parameter in the admin customers API endpoint is vulnerable to SQL injection. The application constructs SQL","31cda630ed7b52a05b4af9d18021c3695c76b24d525bf4aee362b140492454d0"
"backup_dast","aespa_data/db-backups/aespa-2026-06-16.db","46","1177","","confirmed","Sensitive data exposed in API response","c5157297bf4050090be7320e523e5037e07b3384c30e607974fdfd5bb590dc6f"
"backup_dast","aespa_data/db-backups/aespa-2026-06-16.db","46","1178","","unvalidated","Broken Access Control - Admin Password Reset Without Authorization","5ad1f8b8c75b124c272616a099b43daf2bbb104efdd1385669d6f92073b226ef"
"backup_dast","aespa_data/db-backups/aespa-2026-06-16.db","46","1179","","unvalidated","Broken Access Control - Admin Account Balance Manipulation","a8f529731e5ce25cfefd65cb8a44e5540723b2fd37b1279cf7ad47ac4d750195"
"backup_dast","aespa_data/db-backups/aespa-2026-06-16.db","46","1180","","unvalidated","Broken Access Control - Unrestricted Admin System Reset","8f5f7f83f4ea156f7d22bb95b762ad8a7c7019ab7c0f91541dc78e014be24da6"
"backup_dast","aespa_data/db-backups/aespa-2026-06-16.db","46","1181","","unvalidated","Broken Access Control - Admin FX Rate Manipulation","ac30037a2174f2a24f67c6757bd35e057c81cbf836b7fc02e9993b8a9d16dfea"
"backup_dast","aespa_data/db-backups/aespa-2026-06-16.db","46","1182","","unvalidated","Broken Access Control - Unauthenticated Admin Endpoint Discovery","095aa00173a706878c6fc26a2a1e30fdd264366b7ece2fc2607a9be80c418d68"
"backup_dast","aespa_data/db-backups/aespa-2026-06-16.db","46","1183","","unvalidated","CORS Misconfiguration: Wildcard Origin with Credentials Header on API Endpoints","6d9187bccd0ed3a74176b96baf004a8bdbcd50df3b6e8ab423fc756b786fb01e"
"backup_dast","aespa_data/db-backups/aespa-2026-06-16.db","46","1184","","unvalidated","Stored XSS via Transfer Description Field Rendered Unescaped in Account Transaction History","6137d428279ac1bb8da0a49589e1bd2c0b2e001f5bfaad72da3310dbe5c74cdf"
"backup_dast","aespa_data/db-backups/aespa-2026-06-16.db","46","1185","","unvalidated","Stored XSS via Unsanitised Input in Address Book Payee Name","e2c5eeb5e8361764188527ae0b0bc34628861d8ed4efd87cc5eb8460d17b2176"
"backup_dast","aespa_data/db-backups/aespa-2026-06-16.db","46","1186","","unvalidated","Broken Access Control - No Authorization on Address Book Deletion","3c3a1a6672b032f1467dc69e8f567043ac3850506e80daf35f13e756a4046681"
"backup_dast","aespa_data/db-backups/aespa-2026-06-16.db","46","1187","","unvalidated","Sensitive Data Exposure: Password Hash and TOTP Secret Returned in API Profile Response","1bb7b5b3bdf49c07bc42396fe8b3516d320ecf63c3a1f81c4aafc3b780e0bffd"
"backup_dast","aespa_data/db-backups/aespa-2026-06-16.db","46","1188","","unvalidated","CORS Misconfiguration: Wildcard Origin with Credentials Header on API Endpoints","dde64cc96622457bfec7d6d47434c92836041e14ef129c521d7d1e5b650c9ccf"
"backup_dast","aespa_data/db-backups/aespa-2026-06-16.db","46","1189","","unvalidated","Broken Access Control - No Authorization on Profile Update","409cc38a36507c8cd3f7d9a41b120791c12a75c8dd983ba5c12ee39b1212d799"
"backup_dast","aespa_data/db-backups/aespa-2026-06-16.db","46","1190","","unvalidated","IDOR in External Transfer Endpoint Allows Unauthorized Fund Transfers from Any Account","f2026a01e34c58b65a30f3b0a317d64e9a7c95a836f35aa9f8f809f957d63fa1"
"backup_dast","aespa_data/db-backups/aespa-2026-06-16.db","46","1191","","unvalidated","Insufficient Input Validation - Negative Account Balance","6f370218c40d66100f6de187520cc40d3862e6b85bfe00951a648b0f392b5b37"
"backup_dast","aespa_data/db-backups/aespa-2026-06-16.db","46","1192","","unvalidated","Sensitive Internal Configuration Disclosed via Health Endpoint","8affab2963b430654bf9cf0179ae33bf61c553a3d59cdb1a9737f016065eaf61"
"backup_dast","aespa_data/db-backups/aespa-2026-06-16.db","46","1193","","unvalidated","Unauthenticated access to protected endpoint","d42c2949087a2f8ea844b59b339c1b8e8ff0d4544ed055c6ef3bca3d4a4d0515"
"backup_dast","aespa_data/db-backups/aespa-2026-06-16.db","46","1194","","unvalidated","Stored XSS via Transfer Description Field Rendered Unescaped in Account Transaction History","cd37eb78ecdf3b61bd3f8f25f1e573ee40e7cba368db520aac0ed1ed9927ca1c"
"backup_dast","aespa_data/db-backups/aespa-2026-06-16.db","46","1195","","unvalidated","Stored SQL Injection in Admin FX Rate Endpoint","c2e75a83e1da99c58a3287ba251f829df333f5435af3cf791d345a7047e433f0"
"backup_dast","aespa_data/db-backups/aespa-2026-06-16.db","46","1196","","unvalidated","Stored SQL Injection in Transfer Description Field","65a8c5f0fc206059b3a129e47758adbedd8258357af4baa84bb01068ba134ab5"
"backup_dast","aespa_data/db-backups/aespa-2026-06-16.db","46","1197","","unvalidated","Broken Access Control - No Rate Limiting on Login Endpoint","30e6b7e4c7f9b5984b610367da8f6c7c02f3fb5413979d2919f3ea87f3e4a49e"
"backup_dast","aespa_data/db-backups/aespa-2026-06-16.db","46","1198","","unvalidated","Sensitive Data Exposure: Password Hash and TOTP Secret Returned in API Profile Response","94c9cc67a71c62a392ebcb80d7141af8c41c0b049b1f71454499ef05f15af491"
"backup_dast","aespa_data/db-backups/aespa-2026-06-16.db","46","1199","","unvalidated","Sensitive Internal Configuration Disclosed via Health Endpoint","6d0706d4c39a7a2e937b90bfac0539d47b1e2563b38307abf9b3e73cfeac4676"
"backup_dast","aespa_data/db-backups/aespa-2026-06-16.db","46","1200","","unvalidated","Sensitive Data Exposure: Password Hash and TOTP Secret Returned in API Profile Response","31017dd36f2859bafa073f3c134511b424cd182279169998e3c9aad475280980"
"backup_dast","aespa_data/db-backups/aespa-2026-06-16.db","46","1201","","unvalidated","Sensitive PII of Other Users Returned in Login Response","8c8bc982ec02edfb7afbffd24d2c42bbc4030ac98c6dba23dac21add56ee6c37"
"backup_dast","aespa_data/db-backups/aespa-2026-06-16.db","46","1202","","unvalidated","Sensitive Financial Data Accessible via API","797c5f16a83d6e028ee51d7b40e81c3e84355f5ac04247b10e1badcecd197910"
"backup_dast","aespa_data/db-backups/aespa-2026-06-16.db","46","1203","","unvalidated","Potential stored XSS sink identified in JS source: .innerHTML","eb4c0eeb739e9532a114b2ac392be87c19838dff19dad5a0c45026deccf659ec"
"backup_dast","aespa_data/db-backups/aespa-2026-06-16.db","46","1204","","unvalidated","Potential stored XSS sink identified in JS source: .innerHTML","b96c7cd281952b70b69fed4023a7953dc1b18ddd7ec9c800fe5619dd0adab4f9"
"backup_dast","aespa_data/db-backups/aespa-2026-06-16.db","46","1205","","unvalidated","Potential stored XSS sink identified in JS source: perspective","5dc32a5206543c36a016d5c3d25c49e3a490cfad13cfefdd3b30da32d7e08a5f"
"backup_dast","aespa_data/db-backups/aespa-2026-06-16.db","46","1206","","unvalidated","Potential stored XSS sink identified in JS source: amount","59417532a7b5a769edbcbfa4acac5438c93ce09a99b23dd8ca1ac4d67127e197"
"backup_dast","aespa_data/db-backups/aespa-2026-06-16.db","46","1207","","unvalidated","Potential stored XSS sink identified in JS source: .innerHTML","79453012a38ca14b57beafcce50d7814bf6b1392ab9b94da39509ef8dc9cd229"
"backup_dast","aespa_data/db-backups/aespa-2026-06-16.db","46","1208","","unvalidated","Potential stored XSS sink identified in JS source: pagination","bbc58c1104040035adc0abbd876bc29fdb2ea27f7f9968c3d8c1577f3718a3aa"
"backup_dast","aespa_data/db-backups/aespa-2026-06-16.db","46","1209","","unvalidated","Potential stored XSS sink identified in JS source: amount","08a6fd8662066e7ad808ac5138269253a011c84ba3699c3f33c362a6512664c3"
"backup_dast","aespa_data/db-backups/aespa-2026-06-16.db","46","1210","","unvalidated","Potential stored XSS sink identified in JS source: .innerHTML","ab84465f2f452b02c28180e9b4dac3dcea0e2bf430ac63d0b33e1cb8ec97061f"
"backup_dast","aespa_data/db-backups/aespa-2026-06-16.db","46","1211","","unvalidated","Potential stored XSS sink identified in JS source: converted_amount","2772e419291f9157cb4519df624713b60134868cd80250cfa598c7bae14149b7"
"backup_dast","aespa_data/db-backups/aespa-2026-06-16.db","46","1212","","unvalidated","Potential stored XSS sink identified in JS source: rate","e69103f2469996774584e28bea0c75b036fe04ffc16aee69c86ca4ae053e848e"
"backup_dast","aespa_data/db-backups/aespa-2026-06-16.db","46","1213","","unvalidated","Potential stored XSS sink identified in JS source: payee_name","3b366900a76e7b2ae8d2b46f0a70840dd25908dfc8bf8ee1136837e8639a66d5"
"backup_dast","aespa_data/db-backups/aespa-2026-06-16.db","46","1214","","unvalidated","Potential stored XSS sink identified in JS source: .innerHTML","b7014fc9f9e318f224ded9dab5750c41214d282ce1553c3b89ecdcd12ad3017d"
"backup_dast","aespa_data/db-backups/aespa-2026-06-16.db","46","1215","","unvalidated","Potential stored XSS sink identified in JS source: .innerHTML","325c6981d281e46eac5d4ad683d524dbb52e81b9b6613e3718be34f6beef11dc"
"backup_dast","aespa_data/db-backups/aespa-2026-06-16.db","46","1216","","confirmed","Unauthorized role access to admin endpoint","b5eda8fb5e30d396c92867163fe6954c381090ff4faef39db79452407592124e"
"backup_dast","aespa_data/db-backups/aespa-2026-06-16.db","46","1217","","unvalidated","SQL Injection in Admin Customers Search Parameter","0f33cfb69ff27f549fbb5afccab7806c353355445620c76df9cdc27636fb5510"
"backup_dast","aespa_data/db-backups/aespa-2026-06-16.db","46","1218","","unvalidated","[A03:2021 - Injection] [CRITICAL] SQL Injection in Admin Customers API Endpoint","fbb662491bdcd20fd2531359b12f60c46742e68b2ab603d819f1e072c9ebb7d8"
"backup_dast","aespa_data/db-backups/aespa-2026-06-16.db","46","1219","","unvalidated","[A03:2021 - Injection] [CRITICAL] SQL Injection in Admin Customers Search Parameter","c48e7319323218d21b346c6806536d2cade91e2a4d8933442ac16d7e0a100d94"
"backup_dast","aespa_data/db-backups/aespa-2026-06-16.db","47","1220","","unvalidated","Unauthenticated health endpoint exposes JWT signing secret and backend configuration","5a13a5bf4a873bd7aa8ef94273f740a9a70c0f6284ec97b4d7d00742b7f017e9"
"backup_dast","aespa_data/db-backups/aespa-2026-06-16.db","47","1221","","unvalidated","Default admin credentials allow access to admin API","11f22bcefacacf29874a2c6bbcac07240378408ed54348352a77f1ae52d18716"
"backup_dast","aespa_data/db-backups/aespa-2026-06-16.db","47","1222","","unvalidated","Registration response exposes password hash and TOTP secret fields","47d6535a6c18aec007556faa0d85403a9bcfe121e15d8aa8bbd91aacc457434c"
"backup_dast","aespa_data/db-backups/aespa-2026-06-16.db","47","1223","","unvalidated","Overly permissive CORS policy on API responses","0bb0701e40886d432510c70afac369470a89c7acbd995ddbe3686561f264eeb3"
"backup_dast","aespa_data/db-backups/aespa-2026-06-16.db","48","1224","","unvalidated","Default Admin Credentials Grant Full Administrative Access","ece43bb7f2dfbfd7f7089d26c7c25824e292445eee551175c8b652253d80293e"
"backup_dast","aespa_data/db-backups/aespa-2026-06-16.db","48","1225","","unvalidated","SQL Injection in Admin Customer Search Parameter","cac8c97e60f09bb56808824ad4fe83fab11f9f5e63f4fab979897da0e06958c1"
"backup_dast","aespa_data/db-backups/aespa-2026-06-16.db","48","1226","","unvalidated","CORS Misconfiguration – Arbitrary Origin Reflected with Credentials Allowed on Admin API","3b5c7e9ed75b5b5d562fe6b2476e412b24c7421761cc03d43fa65aa13e8c34b6"
"backup_dast","aespa_data/db-backups/aespa-2026-06-16.db","48","1227","","unvalidated","Stored XSS in Admin Customer List via first_name Field","6b88e042ecca9c56fa61dfb568d9418491fc81264df5a3005f617afd865f754c"
"backup_dast","aespa_data/db-backups/aespa-2026-06-16.db","48","1228","","unvalidated","Publicly Accessible Admin API Exposes Destructive Operations via Default Credentials","45b154a483309c453af7f6b421c8a3163dbaccc5e23c87737856ffaa1d9aa017"
"backup_dast","aespa_data/db-backups/aespa-2026-06-16.db","48","1229","","unvalidated","No Rate Limiting or Account Lockout on Admin Login Endpoint","3b683b54226862eacea8b93287646692b541ed0b99c368313c4fa67112fd035d"
"backup_dast","aespa_data/db-backups/aespa-2026-06-16.db","49","1230","","unvalidated","Default Admin Credentials Accepted on Admin Login Endpoint","c4b09648d567fdc4cf17772fe89f115beffaee31343c231225e7c6564c0b58f7"
"backup_dast","aespa_data/db-backups/aespa-2026-06-16.db","49","1231","","unvalidated","CORS Misconfiguration – Arbitrary Origin Reflected with Credentials Allowed","a125b7eeed1bcad7045de6e74d56ddb63dbf5c04e11e4ddee41e890010f42346"
"backup_dast","aespa_data/db-backups/aespa-2026-06-16.db","49","1232","","unvalidated","SQL Injection in Admin Customer Search Parameter","406c67962552e22142448fe23a43168afa5d30a6126d83384d969ab62cc46acd"
"backup_dast","aespa_data/db-backups/aespa-2026-06-16.db","49","1233","","unvalidated","Stored XSS in Admin Panel via Customer Name Fields","7f9a04a3c2a16a8e08738cb0bc069a3d0d92d11dbb916dfe995c15be250d2dae"
"backup_dast","aespa_data/db-backups/aespa-2026-06-16.db","49","1234","","unvalidated","Admin Balance Endpoint Accepts Arbitrary Values Without Validation or Approval Controls","b3e6ee5c8cbbe62a6fd84fbd443cf9857c82407264b3ade1fcf0493370fc2c45"
"backup_dast","aespa_data/db-backups/aespa-2026-06-16.db","49","1235","","unvalidated","Unauthenticated Full Database Wipe via Exposed Admin Reset Endpoint","6b9eda8dda8a595194150c47f62101c419d48c934cd665328d9c7176954b28cf"
"backup_dast","aespa_data/db-backups/aespa-2026-06-16.db","49","1236","","unvalidated","Missing Content-Security-Policy Header on Admin Panel","04bcae1ac859469591752ffc9716db85708e546dd4f27b73de38e89585d64fd6"
"backup_dast","aespa_data/db-backups/aespa-2026-06-16.db","48","1237","","confirmed","Reflected SSRF via Avatar URL Parameter Discloses Full Internal HTTP Responses","96d0909f96a402cc0f0008133ee8dc96ef077fd4526a25a0507588be655e901c"
"backup_dast","aespa_data/db-backups/aespa-2026-06-16.db","48","1238","","unvalidated","Full-Read SSRF with Arbitrary File Read via Avatar URL Parameter","0dc66b18a0e5a53fde2561c6fe6ef4befd7a18ff1fac5133b8923d5d6d573bda"
"backup_dast","aespa_data/db-backups/aespa-2026-06-16.db","48","1239","","unvalidated","SSRF via file:// Protocol Exposes Plaintext .env File Containing Database Credentials and JWT Secrets","fb5144ea5912a667cf8c0cf91ab472ab490e5c85ecd83fcf9a64482b782ae2b0"
"backup_dast","aespa_data/db-backups/aespa-2026-06-16.db","49","1240","","unvalidated","SSRF with Arbitrary File Read via file:// Scheme - Full Application Credential Exposure","dd83d6fe26d9b6b373fb30c9fcd05dae1eba1bb7ac7950e1dad8affddb873cd6"
"backup_dast","aespa_data/db-backups/aespa-2026-06-16.db","48","1241","","unvalidated","Unsalted MD5 Password Hash Returned in Login and Registration API Responses","e2d153118b761d84cd75cf6452fc6e95c8dd1d2119eea3cba3eca5c9da4d2fad"
"backup_dast","aespa_data/db-backups/aespa-2026-06-16.db","48","1242","","unvalidated","No Rate Limiting on Login Endpoint Permits Unrestricted Brute-Force Attacks","e059e876685b2fd7628b8be0a22ac5dacfca883812d476e06824fb5f7423c631"
"backup_dast","aespa_data/db-backups/aespa-2026-06-16.db","48","1243","","unvalidated","User Enumeration via Distinct Login Error Codes","257210568f390edc9f55f4ba93e1db736536042a978182ab3e6cdc358ea35670"
"backup_dast","aespa_data/db-backups/aespa-2026-06-16.db","48","1244","","unvalidated","No Server-Side Password Complexity Enforcement – Single-Character Password Accepted","83d0973fdddff0f56dce15b534bccfccf422ba23d65e151d86d8433217e0d179"
"backup_dast","aespa_data/db-backups/aespa-2026-06-16.db","48","1245","","unvalidated","JWT Algorithm Confusion – alg:none Accepted (Authentication Bypass)","a245d45e4af78957ba6dcb92d334d8ca37122174b9dc8fb502a8a64b8785e300"
"backup_dast","aespa_data/db-backups/aespa-2026-06-16.db","50","1255","","unvalidated","JWT Signing Secret Exposed via /api/health Endpoint","2fdad145d335312131e5f762c9b77163c58ad6c6c754dcd93bb4c2760542a477"
"backup_dast","aespa_data/db-backups/aespa-2026-06-16.db","50","1256","","unvalidated","JWT Secret and Database Credentials Exposed via Unauthenticated /api/health Endpoint","3c1feb941cc93f6b5537bcada1fd716d1791d3911828fe5b495ffd5667b0e454"
"backup_dast","aespa_data/db-backups/aespa-2026-06-16.db","50","1257","","unvalidated","CORS Misconfiguration: Wildcard Origin Combined with Credentials Allowed","3484c467c6af056123be297ee5dfd8efefef1076172d988d592c1931562a27fb"
"backup_dast","aespa_data/db-backups/aespa-2026-06-16.db","50","1258","","unvalidated","Missing Rate Limiting on Login Endpoint Permits Brute-Force Attacks","36b750d59baa4a87a459c383658e87ede48af657205e584c073bd94fbdb5e273"
"backup_dast","aespa_data/db-backups/aespa-2026-06-16.db","50","1259","","unvalidated","User Enumeration via Distinct Login Error Messages","bd11ca4848c2c026693b264c76f92c84e40436270bb0274c7984297e06da578c"
"backup_dast","aespa_data/db-backups/aespa-2026-06-16.db","50","1260","","unvalidated","Password Hash and TOTP Secret Returned in API Responses (Weak MD5 Hashing)","6347a6da467c37111c64212015e99206bbe875fb6732b3022333acbadfb981b1"
"backup_dast","aespa_data/db-backups/aespa-2026-06-16.db","50","1261","","unvalidated","Server-Side Password Policy Not Enforced on Registration Endpoint","f77a580fbaaf21bc56bf070c302744c6ebc6827e5a4b993a8b32644caf2d535f"
"backup_dast","aespa_data/db-backups/aespa-2026-06-16.db","50","1264","","unvalidated","Insecure Direct Object Reference on Transaction Endpoint Exposes Other Users' Financial Data","6f3fc6c49ec1134c2a485113b1ff1fa07ed63ad5a41d3f1c22790addce3ad139"
"backup_dast","aespa_data/db-backups/aespa-2026-06-16.db","50","1265","","unvalidated","Insecure Direct Object Reference Allows Unauthorized Fund Transfers from Arbitrary Accounts","6e0ce3a65769fc4c19d3f0f285f2f5bc526ac72b34c3ad35d85214778656be41"
"backup_dast","aespa_data/db-backups/aespa-2026-06-16.db","50","1267","","unvalidated","Stored XSS via Unsanitized Currency Name in FX Rates API","b3b6afc28c98154a5ed0e95bb38abce823d141b546af6f17f7fc655d2e0eb015"
"backup_dast","aespa_data/db-backups/aespa-2026-06-16.db","50","1269","","unvalidated","Stored XSS via Unsanitized User Profile Fields","ce2687a0cfb84baaaba946b231db76ef12ab47ba7a6fd9a7408b47eef2e18e10"
"backup_dast","aespa_data/db-backups/aespa-2026-06-16.db","50","1271","","unvalidated","Server-Side TOTP Enforcement Missing on External Transfer Endpoint","ec035b1c33469b7322d78855aadfa88aa2a21e64c4550454cd28cea2858e4b48"
"backup_dast","aespa_data/db-backups/aespa-2026-06-16.db","50","1273","","unvalidated","JWT 'alg=none' Accepted - Complete Authentication Bypass","83f5e6fd3c8ba5f1a84dfde54137470cf4a4a773112db6e31c75822646f177e8"
"backup_dast","aespa_data/db-backups/aespa-2026-06-16.db","54","1274","","unvalidated","Potential stored XSS sink identified in JS source: .innerHTML","eb4c0eeb739e9532a114b2ac392be87c19838dff19dad5a0c45026deccf659ec"
"backup_dast","aespa_data/db-backups/aespa-2026-06-16.db","54","1275","","unvalidated","Potential stored XSS sink identified in JS source: .innerHTML","b96c7cd281952b70b69fed4023a7953dc1b18ddd7ec9c800fe5619dd0adab4f9"
"backup_dast","aespa_data/db-backups/aespa-2026-06-16.db","54","1276","","unvalidated","Potential stored XSS sink identified in JS source: perspective","5dc32a5206543c36a016d5c3d25c49e3a490cfad13cfefdd3b30da32d7e08a5f"
"backup_dast","aespa_data/db-backups/aespa-2026-06-16.db","54","1277","","unvalidated","Potential stored XSS sink identified in JS source: amount","59417532a7b5a769edbcbfa4acac5438c93ce09a99b23dd8ca1ac4d67127e197"
"backup_dast","aespa_data/db-backups/aespa-2026-06-16.db","54","1278","","unvalidated","Potential stored XSS sink identified in JS source: .innerHTML","79453012a38ca14b57beafcce50d7814bf6b1392ab9b94da39509ef8dc9cd229"
"backup_dast","aespa_data/db-backups/aespa-2026-06-16.db","54","1279","","unvalidated","Potential stored XSS sink identified in JS source: pagination","bbc58c1104040035adc0abbd876bc29fdb2ea27f7f9968c3d8c1577f3718a3aa"
"backup_dast","aespa_data/db-backups/aespa-2026-06-16.db","54","1280","","unvalidated","Potential stored XSS sink identified in JS source: amount","08a6fd8662066e7ad808ac5138269253a011c84ba3699c3f33c362a6512664c3"
"backup_dast","aespa_data/db-backups/aespa-2026-06-16.db","54","1281","","unvalidated","Potential stored XSS sink identified in JS source: .innerHTML","ab84465f2f452b02c28180e9b4dac3dcea0e2bf430ac63d0b33e1cb8ec97061f"
"backup_dast","aespa_data/db-backups/aespa-2026-06-16.db","54","1282","","unvalidated","Potential stored XSS sink identified in JS source: converted_amount","2772e419291f9157cb4519df624713b60134868cd80250cfa598c7bae14149b7"
"backup_dast","aespa_data/db-backups/aespa-2026-06-16.db","54","1283","","unvalidated","Potential stored XSS sink identified in JS source: rate","e69103f2469996774584e28bea0c75b036fe04ffc16aee69c86ca4ae053e848e"
"backup_dast","aespa_data/db-backups/aespa-2026-06-16.db","54","1284","","unvalidated","Potential stored XSS sink identified in JS source: payee_name","3b366900a76e7b2ae8d2b46f0a70840dd25908dfc8bf8ee1136837e8639a66d5"
"backup_dast","aespa_data/db-backups/aespa-2026-06-16.db","54","1285","","unvalidated","Potential stored XSS sink identified in JS source: .innerHTML","b7014fc9f9e318f224ded9dab5750c41214d282ce1553c3b89ecdcd12ad3017d"
"backup_dast","aespa_data/db-backups/aespa-2026-06-16.db","54","1286","","unvalidated","Potential stored XSS sink identified in JS source: .innerHTML","325c6981d281e46eac5d4ad683d524dbb52e81b9b6613e3718be34f6beef11dc"
"backup_dast","aespa_data/db-backups/aespa-2026-06-16.db","54","1287","","unvalidated","Potential stored XSS sink identified in JS source: .innerHTML","f9c240b6697a9395a6b3713e09edbe1f3f5fd1baa652262ab1160b6876cc50b4"
"backup_dast","aespa_data/db-backups/aespa-2026-06-16.db","54","1288","","unvalidated","Potential stored XSS sink identified in JS source: .innerHTML","e1b24ec2210cb8848e692b0d210ed53c6afdf90ee105001fa711b46ee7425dc0"
"backup_dast","aespa_data/db-backups/aespa-2026-06-16.db","54","1289","","unvalidated","Potential stored XSS sink identified in JS source: .innerHTML","e81e0ae5084d4408f4f0330f4b6b2249383e881c5ba88cff4fa8dac631dd9e33"
"backup_dast","aespa_data/db-backups/aespa-2026-06-16.db","54","1290","","unvalidated","Potential stored XSS sink identified in JS source: .innerHTML","97fd05d1f87f7313bda2327d4e0aefeebdec9bfa8925b4a7cb56e6e8c7031a8c"
"backup_dast","aespa_data/db-backups/aespa-2026-06-16.db","54","1291","","confirmed","Unauthenticated access to protected endpoint","e384212aed68e86a5c81a623dc9ab8a991f19870a740cdd61ea3297302e1482a"
"backup_dast","aespa_data/db-backups/aespa-2026-06-16.db","54","1292","","confirmed","Unauthenticated access to protected endpoint","22b8174ec36922fde3775991ad26326943d6859d056ff61f2d330f4c9a667c10"
"backup_dast","aespa_data/db-backups/aespa-2026-06-16.db","54","1293","","confirmed","Unauthenticated access to protected endpoint","b7d01350db8872564dafae21c64d7f5f288a9496d92df438595b113e63d97b2c"
"backup_dast","aespa_data/db-backups/aespa-2026-06-16.db","54","1294","","confirmed","Unauthenticated access to protected endpoint","96ee743c9d38ef9f5409830a4b50b359bb64391c9d9f7ec9bd179b91f97a9107"
"backup_dast","aespa_data/db-backups/aespa-2026-06-16.db","54","1295","","confirmed","Unauthenticated access to protected endpoint","e263d0f84a8003d97f0c801e509d176c768497947ccfeb79f5e4d29c66610eb7"
"backup_dast","aespa_data/db-backups/aespa-2026-06-16.db","54","1296","","confirmed","Unauthenticated access to protected endpoint","e2a681ec78a68e641e00e733d83424c9469166e963e609656e8f7a7c3e65e46b"
"backup_dast","aespa_data/db-backups/aespa-2026-06-16.db","54","1297","","confirmed","Unauthenticated access to protected endpoint","466d2891e92b6f78b0b47e683f24673526653ccc13155f0f0bf0ea2e16e3c60a"
"backup_dast","aespa_data/db-backups/aespa-2026-06-16.db","54","1298","","confirmed","Unauthenticated access to protected endpoint","bcd632ec9741f71278686c07974f4d36a3293b92d5a8a834119234a218fd667b"
"backup_dast","aespa_data/db-backups/aespa-2026-06-16.db","54","1299","","confirmed","Unauthenticated access to protected endpoint","449fdc3b200ccf0a0d0dd66db827c57137018eab1f3c107e403e9e0d44defc33"
"backup_dast","aespa_data/db-backups/aespa-2026-06-16.db","54","1300","","confirmed","Unauthenticated access to protected endpoint","83d9759a61287b75af53618028d3b76913069a0bb10e1576d07f94a3839154c3"
"backup_dast","aespa_data/db-backups/aespa-2026-06-16.db","54","1301","","confirmed","Unauthenticated access to protected endpoint","becdcb6cbfb2cc954cb13173a5bde3413a99dfc98272878913ddec561ab985be"
"backup_dast","aespa_data/db-backups/aespa-2026-06-16.db","54","1302","","confirmed","JWT Signing Secret and Database Credentials Exposed via Unauthenticated /api/health Endpoint","be19dff5b808359eb00cb00feca15220f8c4a6f2ab4a60c544aa3fa9ba73e5f9"
"backup_dast","aespa_data/db-backups/aespa-2026-06-16.db","54","1303","","confirmed","Login API Response Leaks bcrypt Password Hash and TOTP Secret","4e6c42452287a6c4cea5b64e095ae86db2a0fd653d37df8ea0b0fd793eb87e56"
"backup_dast","aespa_data/db-backups/aespa-2026-06-16.db","55","1304","","unvalidated","Potential stored XSS sink identified in JS source: .innerHTML","eb4c0eeb739e9532a114b2ac392be87c19838dff19dad5a0c45026deccf659ec"
"backup_dast","aespa_data/db-backups/aespa-2026-06-16.db","55","1305","","unvalidated","Potential stored XSS sink identified in JS source: .innerHTML","b96c7cd281952b70b69fed4023a7953dc1b18ddd7ec9c800fe5619dd0adab4f9"
"backup_dast","aespa_data/db-backups/aespa-2026-06-16.db","55","1306","","unvalidated","Potential stored XSS sink identified in JS source: perspective","5dc32a5206543c36a016d5c3d25c49e3a490cfad13cfefdd3b30da32d7e08a5f"
"backup_dast","aespa_data/db-backups/aespa-2026-06-16.db","55","1307","","unvalidated","Potential stored XSS sink identified in JS source: amount","59417532a7b5a769edbcbfa4acac5438c93ce09a99b23dd8ca1ac4d67127e197"
"backup_dast","aespa_data/db-backups/aespa-2026-06-16.db","55","1308","","unvalidated","Potential stored XSS sink identified in JS source: .innerHTML","79453012a38ca14b57beafcce50d7814bf6b1392ab9b94da39509ef8dc9cd229"
"backup_dast","aespa_data/db-backups/aespa-2026-06-16.db","55","1309","","unvalidated","Potential stored XSS sink identified in JS source: pagination","bbc58c1104040035adc0abbd876bc29fdb2ea27f7f9968c3d8c1577f3718a3aa"
"backup_dast","aespa_data/db-backups/aespa-2026-06-16.db","55","1310","","unvalidated","Potential stored XSS sink identified in JS source: amount","08a6fd8662066e7ad808ac5138269253a011c84ba3699c3f33c362a6512664c3"
"backup_dast","aespa_data/db-backups/aespa-2026-06-16.db","55","1311","","unvalidated","Potential stored XSS sink identified in JS source: .innerHTML","ab84465f2f452b02c28180e9b4dac3dcea0e2bf430ac63d0b33e1cb8ec97061f"
"backup_dast","aespa_data/db-backups/aespa-2026-06-16.db","55","1312","","unvalidated","Potential stored XSS sink identified in JS source: converted_amount","2772e419291f9157cb4519df624713b60134868cd80250cfa598c7bae14149b7"
"backup_dast","aespa_data/db-backups/aespa-2026-06-16.db","55","1313","","unvalidated","Potential stored XSS sink identified in JS source: rate","e69103f2469996774584e28bea0c75b036fe04ffc16aee69c86ca4ae053e848e"
"backup_dast","aespa_data/db-backups/aespa-2026-06-16.db","55","1314","","unvalidated","Potential stored XSS sink identified in JS source: payee_name","3b366900a76e7b2ae8d2b46f0a70840dd25908dfc8bf8ee1136837e8639a66d5"
"backup_dast","aespa_data/db-backups/aespa-2026-06-16.db","55","1315","","unvalidated","Potential stored XSS sink identified in JS source: .innerHTML","b7014fc9f9e318f224ded9dab5750c41214d282ce1553c3b89ecdcd12ad3017d"
"backup_dast","aespa_data/db-backups/aespa-2026-06-16.db","55","1316","","unvalidated","Potential stored XSS sink identified in JS source: .innerHTML","325c6981d281e46eac5d4ad683d524dbb52e81b9b6613e3718be34f6beef11dc"
"backup_dast","aespa_data/db-backups/aespa-2026-06-16.db","55","1317","","unvalidated","Potential stored XSS sink identified in JS source: .innerHTML","f9c240b6697a9395a6b3713e09edbe1f3f5fd1baa652262ab1160b6876cc50b4"
"backup_dast","aespa_data/db-backups/aespa-2026-06-16.db","55","1318","","unvalidated","Potential stored XSS sink identified in JS source: .innerHTML","e1b24ec2210cb8848e692b0d210ed53c6afdf90ee105001fa711b46ee7425dc0"
"backup_dast","aespa_data/db-backups/aespa-2026-06-16.db","55","1319","","unvalidated","Potential stored XSS sink identified in JS source: .innerHTML","e81e0ae5084d4408f4f0330f4b6b2249383e881c5ba88cff4fa8dac631dd9e33"
"backup_dast","aespa_data/db-backups/aespa-2026-06-16.db","55","1320","","unvalidated","Potential stored XSS sink identified in JS source: .innerHTML","97fd05d1f87f7313bda2327d4e0aefeebdec9bfa8925b4a7cb56e6e8c7031a8c"
"backup_dast","aespa_data/db-backups/aespa-2026-06-16.db","55","1321","","confirmed","Unauthenticated access to protected endpoint","6ef48dfceec852e50987a9d54743a1a5ea94f6f7f9be8e94579a1eec9d73f27a"
"backup_dast","aespa_data/db-backups/aespa-2026-06-16.db","55","1322","","confirmed","Unauthorized role access to admin endpoint","cfbca8946b85759d2b249e5d2a8413654bf98243959557e27ae4ef6e24191c93"
"backup_dast","aespa_data/db-backups/aespa-2026-06-16.db","55","1323","","confirmed","Unauthenticated access to protected endpoint","4bb99e843aec483e31f89e4720e563975d2ff1f99f78ef5364260fe486545f24"
"backup_dast","aespa_data/db-backups/aespa-2026-06-16.db","55","1324","","confirmed","Unauthorized role access to admin endpoint","ad86e8f530a9383d342b44dedaa22682cf6c5248357d92bc447996d6019c471f"
"backup_dast","aespa_data/db-backups/aespa-2026-06-16.db","55","1325","","confirmed","Unauthenticated access to protected endpoint","20219f0af7f144233232a811084936f0c3428248b905e82b80c717e2f09b7037"
"backup_dast","aespa_data/db-backups/aespa-2026-06-16.db","55","1326","","confirmed","Unauthorized role access to admin endpoint","580a57aa03d4e5a1a6c3c2baa63d2c2d18b7044064867e3e6e2686a6af80646e"
"backup_dast","aespa_data/db-backups/aespa-2026-06-16.db","55","1327","","confirmed","Unauthenticated access to protected endpoint","c62f907456cf988ce906442efdd4df533e45358605cd92dfe5c0ef84b124f135"
"backup_dast","aespa_data/db-backups/aespa-2026-06-16.db","55","1328","","confirmed","Unauthorized role access to admin endpoint","4dc416206224f347df470f7cffac6f04587629f298344a81232215ba7dad23d7"
"backup_dast","aespa_data/db-backups/aespa-2026-06-16.db","55","1329","","confirmed","Unauthenticated access to protected endpoint","4e4863df8c13d7c7fbe18911ddd98252399db74aeb8ab31d573983be02c19563"
"backup_dast","aespa_data/db-backups/aespa-2026-06-16.db","55","1330","","confirmed","Unauthorized role access to admin endpoint","db10115559000776f1fc6e8f67b239046f30e484940b4d91841f63e38419e9b1"
"backup_dast","aespa_data/db-backups/aespa-2026-06-16.db","55","1331","","confirmed","Unauthenticated access to protected endpoint","c1461c9fe91d511ebc18663a4c5451897332abf30089886bd22582d70a4184a4"
"backup_dast","aespa_data/db-backups/aespa-2026-06-16.db","55","1332","","confirmed","Unauthorized role access to admin endpoint","245b666e5b65cddc14e6ed11e9c9a43a1401ff0fabfa9c9303844b931e659133"
"backup_dast","aespa_data/db-backups/aespa-2026-06-16.db","55","1333","","confirmed","Unauthenticated access to protected endpoint","d7e9ac6e0d63da4c16b646719a2018534a1cfb461db05088e41279db2fd2b43f"
"backup_dast","aespa_data/db-backups/aespa-2026-06-16.db","55","1334","","confirmed","Unauthorized role access to admin endpoint","3194e3950fb9b8575ffb7398726b29931a341fbdf610cc8f8000ed650767df5c"
"backup_dast","aespa_data/db-backups/aespa-2026-06-16.db","55","1335","","confirmed","Unauthenticated access to protected endpoint","0de6999e08c5bb826ef7dda8f61950b45acdae3050b5795d6a30a6d1de8e733e"
"backup_dast","aespa_data/db-backups/aespa-2026-06-16.db","55","1336","","confirmed","Unauthorized role access to admin endpoint","6401e55ef78c4fc1ffbb90af16ba48f7c9b3ef8ee2f73cf99c6e156d27e167af"
"backup_dast","aespa_data/db-backups/aespa-2026-06-16.db","55","1337","","confirmed","Unauthorized role access to admin endpoint","71582f7533e2f7f4405238ee77d62bda8cd53a37fe2d6085d770f17b04a194b6"
"backup_dast","aespa_data/db-backups/aespa-2026-06-16.db","55","1338","","confirmed","Unauthorized role access to admin endpoint","0b692380b428844a6dfd0e0603d4784a1dde73d4c6194b6da95abe2b745bdad5"
"backup_dast","aespa_data/db-backups/aespa-2026-06-16.db","55","1339","","confirmed","Unauthorized role access to admin endpoint","7ef6b0ce9cf277fc96ea0b85453d861cb3b70bac87a1457ed4ec258bd305f70b"
"backup_dast","aespa_data/db-backups/aespa-2026-06-16.db","55","1340","","confirmed","Unauthorized role access to admin endpoint","f7a01648af6dbeb5e726362403d865513a2b3e7a27b322cef1f06a83c2e315ec"
"backup_dast","aespa_data/db-backups/aespa-2026-06-16.db","55","1341","","confirmed","Unauthorized role access to admin endpoint","1072c85936da232579e9fd00c2ee501ecbb5fef8e8efc110bbadfb52a7f0e728"
"backup_dast","aespa_data/db-backups/aespa-2026-06-16.db","55","1342","","confirmed","Unauthorized role access to admin endpoint","83d050c3334de2bf318bc31134c8d8b228799ff6f954b145e1fcd095acf48b16"
"backup_dast","aespa_data/db-backups/aespa-2026-06-16.db","55","1343","","confirmed","Unauthorized role access to admin endpoint","aa9468d2e51b65b69bfba59d776e278f271a69077183e083abe3e51b0e8a33ff"
"backup_dast","aespa_data/db-backups/aespa-2026-06-16.db","55","1344","","confirmed","Unauthorized role access to admin endpoint","679fe891001c884765b51a5a563c530ffff9b977298de896b80e8cefdf6f4627"
"backup_dast","aespa_data/db-backups/aespa-2026-06-16.db","55","1345","","confirmed","Unauthorized role access to admin endpoint","00c680992cdb113f74885a2f0e15fbb189a4d04ec09c8af2ab24d0788347f6f8"
"backup_dast","aespa_data/db-backups/aespa-2026-06-16.db","55","1346","","confirmed","Unauthorized role access to admin endpoint","15688597a633df62f0963d50c1ca02df1804407d12eccf5aefae6c59d7f326ad"
"backup_dast","aespa_data/db-backups/aespa-2026-06-16.db","55","1347","","confirmed","Unauthorized role access to admin endpoint","85b0ba94876f12d3cacad79f14105db687b53e9ec7fc66018adec8f5f29361a8"
"backup_dast","aespa_data/db-backups/aespa-2026-06-16.db","55","1348","","confirmed","Unauthorized role access to admin endpoint","8101449d434eb63857119007ff9c41300f1838f2393058b31acc1922efa87c17"
"backup_dast","aespa_data/db-backups/aespa-2026-06-16.db","55","1349","","confirmed","Unauthorized role access to admin endpoint","0602571230a5fca6dc7b28fa3df9be05c92115fe0732a207f81421c21f628c42"
"backup_dast","aespa_data/db-backups/aespa-2026-06-16.db","55","1350","","confirmed","Unauthorized role access to admin endpoint","45ee2004ac044b527657d41fa3d9b290389d697457ad19b190d33083f4a94125"
"backup_dast","aespa_data/db-backups/aespa-2026-06-16.db","55","1351","","confirmed","Unauthorized role access to admin endpoint","3eb2b76b76f3c2549fe4c2019e72d12576e73665e7cd8964d8a347ccd4ed9239"
"backup_dast","aespa_data/db-backups/aespa-2026-06-16.db","55","1352","","confirmed","Unauthorized role access to admin endpoint","36d3b3e998f389b838645c1fbb5d6f420abc8c8e28d959e886de76c0ccf3185a"
"backup_dast","aespa_data/db-backups/aespa-2026-06-16.db","55","1353","","confirmed","Unauthorized role access to admin endpoint","03efbd391ebb54d53d34680cb8dc43298981fbeb80f1f8ca705fb33ee8a37671"
"backup_dast","aespa_data/db-backups/aespa-2026-06-16.db","55","1354","","confirmed","Unauthorized role access to admin endpoint","6ea860be7c2fc3d244332886f356ba5772b28e45c35f0a887793c69b71607f44"
"backup_dast","aespa_data/db-backups/aespa-2026-06-16.db","55","1355","","confirmed","JWT Signing Secret Exposed in Unauthenticated /api/health Response","86bfd5724c72ea68fcb8268877d85da9b8e53de716b1e4eaf911ca1e8896a58f"
"backup_dast","aespa_data/db-backups/aespa-2026-07-15-edmanda.db","1","3","","unvalidated","Potential stored XSS sink identified in JS source: .innerHTML","eb4c0eeb739e9532a114b2ac392be87c19838dff19dad5a0c45026deccf659ec"
"backup_dast","aespa_data/db-backups/aespa-2026-07-15-edmanda.db","1","4","","unvalidated","Potential stored XSS sink identified in JS source: .innerHTML","b96c7cd281952b70b69fed4023a7953dc1b18ddd7ec9c800fe5619dd0adab4f9"
"backup_dast","aespa_data/db-backups/aespa-2026-07-15-edmanda.db","1","5","","unvalidated","Potential stored XSS sink identified in JS source: perspective","5dc32a5206543c36a016d5c3d25c49e3a490cfad13cfefdd3b30da32d7e08a5f"
"backup_dast","aespa_data/db-backups/aespa-2026-07-15-edmanda.db","1","6","","unvalidated","Potential stored XSS sink identified in JS source: amount","59417532a7b5a769edbcbfa4acac5438c93ce09a99b23dd8ca1ac4d67127e197"
"backup_dast","aespa_data/db-backups/aespa-2026-07-15-edmanda.db","1","7","","unvalidated","Potential stored XSS sink identified in JS source: .innerHTML","79453012a38ca14b57beafcce50d7814bf6b1392ab9b94da39509ef8dc9cd229"
"backup_dast","aespa_data/db-backups/aespa-2026-07-15-edmanda.db","1","8","","unvalidated","Potential stored XSS sink identified in JS source: pagination","bbc58c1104040035adc0abbd876bc29fdb2ea27f7f9968c3d8c1577f3718a3aa"
"backup_dast","aespa_data/db-backups/aespa-2026-07-15-edmanda.db","1","9","","unvalidated","Potential stored XSS sink identified in JS source: amount","08a6fd8662066e7ad808ac5138269253a011c84ba3699c3f33c362a6512664c3"
"backup_dast","aespa_data/db-backups/aespa-2026-07-15-edmanda.db","1","10","","unvalidated","Potential stored XSS sink identified in JS source: .innerHTML","ab84465f2f452b02c28180e9b4dac3dcea0e2bf430ac63d0b33e1cb8ec97061f"
"backup_dast","aespa_data/db-backups/aespa-2026-07-15-edmanda.db","1","11","","unvalidated","Potential stored XSS sink identified in JS source: converted_amount","2772e419291f9157cb4519df624713b60134868cd80250cfa598c7bae14149b7"
"backup_dast","aespa_data/db-backups/aespa-2026-07-15-edmanda.db","1","12","","unvalidated","Potential stored XSS sink identified in JS source: rate","e69103f2469996774584e28bea0c75b036fe04ffc16aee69c86ca4ae053e848e"
"backup_dast","aespa_data/db-backups/aespa-2026-07-15-edmanda.db","1","13","","unvalidated","Potential stored XSS sink identified in JS source: payee_name","3b366900a76e7b2ae8d2b46f0a70840dd25908dfc8bf8ee1136837e8639a66d5"
"backup_dast","aespa_data/db-backups/aespa-2026-07-15-edmanda.db","1","14","","unvalidated","Potential stored XSS sink identified in JS source: .innerHTML","b7014fc9f9e318f224ded9dab5750c41214d282ce1553c3b89ecdcd12ad3017d"
"backup_dast","aespa_data/db-backups/aespa-2026-07-15-edmanda.db","1","15","","unvalidated","Potential stored XSS sink identified in JS source: .innerHTML","325c6981d281e46eac5d4ad683d524dbb52e81b9b6613e3718be34f6beef11dc"
"backup_dast","aespa_data/db-backups/aespa-2026-07-15-edmanda.db","1","16","","unvalidated","Potential stored XSS sink identified in JS source: .innerHTML","f9c240b6697a9395a6b3713e09edbe1f3f5fd1baa652262ab1160b6876cc50b4"
"backup_dast","aespa_data/db-backups/aespa-2026-07-15-edmanda.db","1","17","","unvalidated","Potential stored XSS sink identified in JS source: .innerHTML","e1b24ec2210cb8848e692b0d210ed53c6afdf90ee105001fa711b46ee7425dc0"
"backup_dast","aespa_data/db-backups/aespa-2026-07-15-edmanda.db","1","18","","unvalidated","Potential stored XSS sink identified in JS source: .innerHTML","e81e0ae5084d4408f4f0330f4b6b2249383e881c5ba88cff4fa8dac631dd9e33"
"backup_dast","aespa_data/db-backups/aespa-2026-07-15-edmanda.db","1","19","","unvalidated","Potential stored XSS sink identified in JS source: .innerHTML","97fd05d1f87f7313bda2327d4e0aefeebdec9bfa8925b4a7cb56e6e8c7031a8c"
"backup_dast","aespa_data/db-backups/aespa-2026-07-15-edmanda.db","1","59","","confirmed","JWT Signing Secret Exposed via Unauthenticated Health Endpoint","5b013d1c2370f359bb55398bcef14da104d68ca5d3aa527c61d046a227674b51"
"backup_dast","aespa_data/db-backups/aespa-2026-07-15-edmanda.db","1","60","","confirmed","Login Response Exposes bcrypt Password Hash and TOTP Secret","269ec20872c1ae1b721b7f778d9c3aa1a6dafb0599023ad4c73990ecf370f61d"
"backup_dast","aespa_data/db-backups/aespa-2026-07-15-edmanda.db","1","61","","confirmed","Stack Traces and Internal File Paths Disclosed in API Error Responses","b05486e9f0f7505b52050993bed8da46d186c6fab282be3326f43ad3eb6f7099"
"backup_dast","aespa_data/db-backups/aespa-2026-07-15-edmanda.db","1","62","","false_positive","Insecure Direct Object Reference: Cross-User Transaction Access via /api/transactions/{id}","c234398dd8714c27af2b0644e367fd6c086cb0af5ab0607eb7036bf2390baf42"
"backup_dast","aespa_data/db-backups/aespa-2026-07-15-edmanda.db","1","63","","confirmed","No Rate Limiting on Login Endpoint Permits Unrestricted Brute-Force Attempts","a879bf8ac85879c799b48f631203808ece4477db82997ef601213b6146a6bcd0"
"backup_dast","aespa_data/db-backups/aespa-2026-07-15-edmanda.db","1","64","","confirmed","TOTP Verification Not Enforced on External Transfer Endpoint","8c0fb2ac9cbcc3cc97c6e72673811a6f492bd9629f9a941ec83f3d2b6a78f917"
"backup_dast","aespa_data/db-backups/aespa-2026-07-15-edmanda.db","1","70","","confirmed","MD5 Used for Password Hashing on Registration Endpoint","b5c69da69e88ac5898e0670c7c4215f1c02016fcbafbd8b12cd4c1698ea4b75d"
"backup_dast","aespa_data/db-backups/aespa-2026-07-15-edmanda.db","1","71","","confirmed","No Password Complexity Requirements Enforced at Registration","2b4513c3411ad3e0785c737222cb0e63b04fcbaa7e958ea6ee9306f8765d92fe"
"backup_dast","aespa_data/db-backups/aespa-2026-07-15-edmanda.db","1","73","","confirmed","User Enumeration via Distinct Login Error Codes","e1104382990b8af9af43ed3789069da27426dab02793608698f5074c982fff74"
"backup_dast","aespa_data/db-backups/aespa-2026-07-15-edmanda.db","1","74","","confirmed","Stored XSS in Transaction Description Field (Dashboard and Account Detail Pages)","83fe41cf9c1f547f2f1dcf7a2b755b6225243b9c0eddc997c10a6267b703a587"
"backup_dast","aespa_data/db-backups/aespa-2026-07-15-edmanda.db","1","75","","confirmed","Content-Security-Policy Header Absent on All Responses","872bfaf858ed8491ac7264f670a7e0b023aeaf308c25a59df8a89f310837c593"
"backup_dast","aespa_data/db-backups/aespa-2026-07-15-edmanda.db","1","76","","confirmed","Unauthenticated Loan Self-Issuance Allows Arbitrary Fund Disbursement","01fc7346fedf2308a0f1e5b8b39bae784c8f5cac2a8c1b8af3fdd4c67cae5270"
"backup_dast","aespa_data/db-backups/aespa-2026-07-15-edmanda.db","1","89","","confirmed","Default Administrative Credentials Accepted on Admin Login Endpoint","58c4589b0c1c9a4633225041daa3746fc0a561a2d87947be7e3d494f8d3e7112"
"backup_dast","aespa_data/db-backups/aespa-2026-07-15-edmanda.db","1","91","","confirmed","No Rate Limiting or Account Lockout on Admin Login Endpoint","fc2580a3f8d76044fa9c511c470fe92b272b50a2ca26e7a77d498f8efc4418af"
"backup_dast","aespa_data/db-backups/aespa-2026-07-15-edmanda.db","1","92","","confirmed","Error-Based SQL Injection in Admin Customer Search Endpoint","e2e767a5a599a948e8b11be6d87227f12330494a0bf6e66e929f796f591fbb05"
"backup_dast","aespa_data/db-backups/aespa-2026-07-15-edmanda.db","1","93","","confirmed","Stored XSS via Admin Customer Name Fields","461c6ad31a31f10b7a2fa8cc6455f4638fa41c818076a91437b4f9a9bbebe033"
"backup_dast","aespa_data/db-backups/aespa-2026-07-15-edmanda.db","1","94","","confirmed","Stored XSS via Currency Name Field in Admin FX Rates API","13091509c1ae3b67f60169f4a2d7da99a1a1168d2582f6c885bb834a5c598d7e"
"backup_dast","aespa_data/db-backups/aespa-2026-07-15-edmanda.db","1","95","","confirmed","CORS Misconfiguration: Arbitrary Origin Reflected with Credentials Permitted (Banking and Admin APIs)","abfc344214722fd548d524613c0c58d25acf133cf5cc7ad47dae5dce518dc374"
"backup_dast","aespa_data/db-backups/aespa-2026-07-15-edmanda.db","5","99","","low_confidence","Potential stored XSS sink identified in JS source: .innerHTML","7a2bb19a50d6d425fe970ea63fdac35223c957a7f9e3109ec5c7a1af510a8c3e"
"backup_dast","aespa_data/db-backups/aespa-2026-07-15-edmanda.db","5","100","","low_confidence","Potential stored XSS sink identified in JS source: .innerHTML","c2a0a2635fe8efa59304b7d5bc191a639f0083fed6d4a1c1c7235e4ec3a8f3cc"
"backup_dast","aespa_data/db-backups/aespa-2026-07-15-edmanda.db","5","101","","low_confidence","Potential stored XSS sink identified in JS source: perspective","12c528f883a118118a0c36b9173afc2bff165e1009c344045e4bfebc2c537482"
"backup_dast","aespa_data/db-backups/aespa-2026-07-15-edmanda.db","5","102","","low_confidence","Potential stored XSS sink identified in JS source: amount","d5b492aae2995dec314d4e03e245505a2741d2fca804dcd640f6d3de21e0c473"
"backup_dast","aespa_data/db-backups/aespa-2026-07-15-edmanda.db","5","103","","low_confidence","Potential stored XSS sink identified in JS source: .innerHTML","4a3ca80763bc9055ec1def1d4a1157a96acbca886d340478592b763c13855d71"
"backup_dast","aespa_data/db-backups/aespa-2026-07-15-edmanda.db","5","104","","low_confidence","Potential stored XSS sink identified in JS source: pagination","ab93a1f0d2ee86b7b56b66cd5649ebd854b0500e40a08f4350b74f84393956c0"
"backup_dast","aespa_data/db-backups/aespa-2026-07-15-edmanda.db","5","105","","low_confidence","Potential stored XSS sink identified in JS source: amount","2f6ce2cd6cab9ed5dc3e1f6548e251b83cc88b7d73343559604e66c8c63d93f3"
"backup_dast","aespa_data/db-backups/aespa-2026-07-15-edmanda.db","5","106","","low_confidence","Potential stored XSS sink identified in JS source: .innerHTML","5ba23e68f0bfc7b814ab0909da0b793b5c12dcce6a483144daabe8b655d88f75"
"backup_dast","aespa_data/db-backups/aespa-2026-07-15-edmanda.db","5","107","","low_confidence","Potential stored XSS sink identified in JS source: converted_amount","2b800504333102df53779b957a3e75edfff497664547757940455f93d85ed0f7"
"backup_dast","aespa_data/db-backups/aespa-2026-07-15-edmanda.db","5","108","","low_confidence","Potential stored XSS sink identified in JS source: rate","5859995c0dd9c64fcb0e51f0d3412f0a534677a8b8c091e1cd9ec5040c9fa75c"
"backup_dast","aespa_data/db-backups/aespa-2026-07-15-edmanda.db","5","109","","low_confidence","Potential stored XSS sink identified in JS source: payee_name","3289491bb58a3046c82509930c175dc5169200b9b4ecb05880ffbd20d499c427"
"backup_dast","aespa_data/db-backups/aespa-2026-07-15-edmanda.db","5","110","","low_confidence","Potential stored XSS sink identified in JS source: .innerHTML","4c8795d833c56afc44cf0658a494d965f8219bf4d99b99649dc8a68e5349bec1"
"backup_dast","aespa_data/db-backups/aespa-2026-07-15-edmanda.db","5","111","","low_confidence","Potential stored XSS sink identified in JS source: .innerHTML","ff18d65c2f152adc29a711d5d715276f09d27d61867624951ef465fa8ac4fe44"
"backup_dast","aespa_data/db-backups/aespa-2026-07-15-edmanda.db","5","112","","low_confidence","Potential stored XSS sink identified in JS source: .innerHTML","fb4abf936af4d6060a40ec7d1e8de2792eaddfe71d91e634b586a38818be7e62"
"backup_dast","aespa_data/db-backups/aespa-2026-07-15-edmanda.db","5","113","","low_confidence","Potential stored XSS sink identified in JS source: .innerHTML","969fbb3ee5661a13b999dbd16bce0450fe14eeb3121f779e6022802416a975a6"
"backup_dast","aespa_data/db-backups/aespa-2026-07-15-edmanda.db","5","114","","low_confidence","Potential stored XSS sink identified in JS source: .innerHTML","a956ad9c8d9684f370ed34843de10e34e433f8b3dbe71384ea686e8f7791e9bc"
"backup_dast","aespa_data/db-backups/aespa-2026-07-15-edmanda.db","5","115","","low_confidence","Potential stored XSS sink identified in JS source: .innerHTML","49321f75502f554440fdfb62e432e58f49465efd3b7e45482e8a689e03930c57"
"backup_dast","aespa_data/db-backups/aespa-2026-07-15-edmanda.db","5","129","","unconfirmed","IDOR in Transfer Endpoints Allows Unauthorized Fund Transfers Between Users","015c6436c0f71b87f6f7cae775b8a244f71813878f0ce48eb307232cfb874041"
"backup_dast","aespa_data/db-backups/aespa-2026-07-15-edmanda.db","5","130","","confirmed","Transfer Endpoints Bypass TOTP Verification, Allowing 2FA-Free Transfers","9c75629c7f5100ce6383fcb431801042ff7202021e9eafc0d4566845d4edd372"
"backup_dast","aespa_data/db-backups/aespa-2026-07-15-edmanda.db","5","132","","confirmed","Weak Password Policy and MD5 Password Hashing on Registration Endpoint","4025b0a47ce52478e1d7d62cb0705b758f9b3992fcf28f8045ffc0459168b983"
"backup_dast","aespa_data/db-backups/aespa-2026-07-15-edmanda.db","5","133","","confirmed","Missing Rate Limiting and Account Lockout on Login Endpoint","0d6dab7499681fdca39afaca84640bf3083ce987d53dba9e1a8c46f234d9fd43"
"backup_dast","aespa_data/db-backups/aespa-2026-07-15-edmanda.db","5","135","","confirmed","Destructive Admin System Reset Endpoint Lacks Multi-Factor Authentication and Re-Authentication","ca3e5117fe81fe73f820aeb5b7ef5c7eeae89112ef14c623eab12913d75e4f69"
"backup_dast","aespa_data/db-backups/aespa-2026-07-15-edmanda.db","5","136","","confirmed","Stored Cross-Site Scripting (XSS) via Unsanitized Nickname Field in Address Book API","c93b85d3a0e11d20ea9e92c3d8317558c119499b3d89ec870d0942b9e141e041"
"backup_dast","aespa_data/db-backups/aespa-2026-07-15-edmanda.db","5","146","","confirmed","Weak/default credentials for admin and user accounts","fbf4e0196341bd6e6eca435225ed9f457ffdba55730a8ddf8a77d831a2920e44"
"backup_dast","aespa_data/db-backups/aespa-2026-07-15-edmanda.db","5","149","","confirmed","Broken Access Control: Admin balance manipulation accessible to any authenticated user","eeb5a6b9fa5722bae61918f086a3ebf28de51e65530bcdf4570af57d7a01aed1"
"backup_dast","aespa_data/db-backups/aespa-2026-07-15-edmanda.db","5","150","","confirmed","Broken Access Control: Admin password reset accessible to any authenticated user","36210d30a320ed62b48fdf2b376e3f7c7ed8c6f8d1e7a041efc34a7877aa9eca"
"backup_dast","aespa_data/db-backups/aespa-2026-07-15-edmanda.db","5","152","","false_positive","Broken Access Control: Admin endpoints expose all customer and account PII","49c8325e5136e8b0b81b7839bea349d77d1f122f68c2767b2bf7cf901483149d"
"backup_dast","aespa_data/db-backups/aespa-2026-07-15-edmanda.db","5","153","","confirmed","IDOR: Address book entry accessible to other users","f4e40e3f0b9a1df6a935d402bf47a2a1c6c26f2d74cd336ae3abc8ec860b6c75"
"backup_dast","aespa_data/db-backups/aespa-2026-07-15-edmanda.db","5","161","","confirmed","User enumeration via distinct login error code","1bd28b24b00e3df18439b4382b62e7ae97b6d420d3f238781d8fca0c534f39d5"
"backup_dast","aespa_data/db-backups/aespa-2026-07-15-edmanda.db","5","169","","confirmed","JWT Signing Secret and Database Credentials Exposed via Unauthenticated /api/health Endpoint","e164213dea87852423945f2b4ceabf02ae96bd90805ce7defc2d6bc5c4a3c300"
"backup_dast","aespa_data/db-backups/aespa-2026-07-15-edmanda.db","5","170","","confirmed","SQL Injection in Admin Customer Search Endpoint","5fa14cb66c60dfbd6a23592a06c5a3da111efd4ca5349c185a9be92632bfa3ce"
"backup_dast","aespa_data/db-backups/aespa-2026-07-15-edmanda.db","5","171","","confirmed","Verbose Error Responses Expose Stack Traces, File Paths, and Server Version","b79b9e97440184486acbdff3245a3c1b5f364b4daf26dad8a33ab230924cdc32"
"backup_dast","aespa_data/db-backups/aespa-2026-07-15-edmanda.db","5","172","","confirmed","Missing Security Headers and Web Server Version Disclosure","7577767a93babf65b4b26ccb20551603dbb2964c01e5a01cf5821154db853124"
"backup_dast","aespa_data/db-backups/aespa-2026-07-15-edmanda.db","5","173","","false_positive","Unauthenticated Access to Admin and Banking Application JavaScript Source Files","63bd5727e53a6dd7c01a22c1531310e6ada2232b9e7ded479b3bc5c9ed6fc04a"
"backup_dast","aespa_data/db-backups/aespa-2026-07-15-edmanda.db","6","203","","confirmed","Unauthenticated /api/health endpoint discloses JWT signing secret and database credentials","ce7c209b2b8632cd0cb802c147be91926378792ab4b2e801eadc539686ba7b98"
"backup_dast","aespa_data/db-backups/aespa-2026-07-15-edmanda.db","6","204","","confirmed","Login API exposes bcrypt password_hash and TOTP secret in response body","f75091f9f6334c295d6e52f2566e109e3a67f45dfa8d16162de587f1c83b0191"
"backup_dast","aespa_data/db-backups/aespa-2026-07-15-edmanda.db","6","207","","confirmed","Destructive Database Reset Endpoint Exposed Without Adequate Safeguards","d4fa6f9cbfe07cd1ebf599e54995965a7f5edbd4d91ebc0cc21b78021c44e247"
"backup_dast","aespa_data/db-backups/aespa-2026-07-15-edmanda.db","6","208","","confirmed","Unrestricted Admin FX Rate Endpoint Enables Arbitrary Currency Conversion Manipulation","abcb5105045483829acff91d512c5bf27d1dcbeceff57b557af8f6bc34e175c4"
"backup_dast","aespa_data/db-backups/aespa-2026-07-15-edmanda.db","6","210","","confirmed","User enumeration via distinguishable login error responses and response-time differences","bb7f3885040bd4f71adaff4a8c3a258928c35fcf298a39e2cd30ab8740e9cf9e"
"backup_dast","aespa_data/db-backups/aespa-2026-07-15-edmanda.db","6","211","","confirmed","SQL Injection in Admin Search Endpoints Enables Full Database Extraction","2f029d12664b466cbcaebbcd26e2e3f66434f257e3eedfca32603e279dc81a99"
"backup_dast","aespa_data/db-backups/aespa-2026-07-15-edmanda.db","6","212","","confirmed","Stored Cross-Site Scripting (XSS) in Transaction Description via innerHTML Sink","3378d12d41ef9fcf19129857bd40b6eb0fc4f8b4c9f4f039ec0099efd2ca8dce"
"backup_dast","aespa_data/db-backups/aespa-2026-07-15-edmanda.db","6","213","","confirmed","Missing Content-Security-Policy and related security headers on SPA HTML responses","b9888bf3252c238083b2485357d13fb9e360342ddaf06c0e741f7fe780a352db"
"backup_dast","aespa_data/db-backups/aespa-2026-07-15-edmanda.db","6","223","","confirmed","Login API exposes bcrypt password_hash and TOTP secret in response body","325d4510dc1c52cc3ad9d3beb809cf3cb1f7045e9b2200d3c6cb0590cac8f2fc"
"backup_dast","aespa_data/db-backups/aespa-2026-07-15-edmanda.db","6","230","","confirmed","Authentication Bypass on Transfer Endpoints","4bc6937432ff394dd809062edec6d85ae77dd0a9c90a383ad0471999cfdeb998"
"backup_dast","aespa_data/db-backups/aespa-2026-07-15-edmanda.db","6","232","","confirmed","Stored Cross-Site Scripting (XSS) in Transaction Description via innerHTML Sink","7934a019ed463f17ba237102e0a3023d1b37488c04bba35494def332e0b82df5"
"backup_dast","aespa_data/db-backups/aespa-2026-07-15-edmanda.db","6","239","","confirmed","IDOR in GET /api/address-book/{id} exposes other users' payee data","9d8306bbbc8ee41fc10079c67aafad3f175943a2fcb7e110eb0419758c885b18"
"backup_dast","aespa_data/db-backups/aespa-2026-07-15-edmanda.db","6","244","","confirmed","SQL Injection in Admin Search Endpoints Enables Full Database Extraction","8bbda291113b9783bf84152b662e8dd9f4419bbb37d5c8a925fead952ca5f0ff"
"backup_dast","aespa_data/db-backups/aespa-2026-07-15-edmanda.db","6","247","","confirmed","Stored Cross-Site Scripting (XSS) in Transaction Description via innerHTML Sink","237355c9655f2f6acff6857bf5228a28b151bdf8e681069cff2cdf94ba237678"
"backup_dast","aespa_data/db-backups/aespa-2026-07-15-edmanda.db","6","265","","confirmed","Stored Cross-Site Scripting via Unsanitized innerHTML Sinks in Banking and Admin SPAs","a642a600d5868a6a32def0ecece249d84c81e32f0c2156e131810ae00de3304a"
"backup_dast","aespa_data/db-backups/aespa-2026-07-15-edmanda.db","6","266","","false_positive","Auth-matrix false positives on public SPA JavaScript bundles (informational)","25e1f1988b723ca9445eb7a1807762fb7878921ec2255759dff60c2eeb78c7b3"
"backup_dast","aespa_data/db-backups/aespa-2026-07-15-edmanda.db","6","267","","confirmed","CORS misconfiguration: wildcard or reflected Origin with Access-Control-Allow-Credentials: true on all API endpoints","522dab5f881b0b6612c0ffb9d3f4fff72f0757b77f2aa9fcb74bb1a5caadba3b"
"backup_dast","aespa_data/db-backups/aespa-2026-07-15-edmanda.db","6","268","","confirmed","Server software version disclosed in HTTP response headers and /api/health body","6f405f1722bdf43ec8cab2cef7842a0ea52d0bafb4ec9c482792a92ce407e431"
"backup_dast","aespa_data/db-backups/aespa-2026-07-15-edmanda.db","6","269","","confirmed","Sensitive server-side secrets exposed in API response bodies across multiple endpoints","b05aa158c69612202988ae7ea391655ff05daf5de03b11271603ec606855e536"
"backup_dast","aespa_data/db-backups/aespa-2026-07-15-edmanda.db","6","270","","false_positive","Verbose PHP error responses disclose class names, file paths, SQL fragments, and stack traces","579a118aff5abc9f84980ac978aa0a45e650456c69f800d4c11905eccca0335e"
"backup_dast","aespa_data/db-backups/aespa-2026-07-15-edmanda.db","6","271","","confirmed","Public /api/health endpoint discloses server runtime, database, and environment metadata","b163d916597b99f43c66ff396acbcd4609f152f98193a7a85521ace1d1cb1351"
"backup_dast","aespa_data/db-backups/aespa-2026-07-15-edmanda.db","6","272","","confirmed","Stored Cross-Site Scripting (XSS) via Profile first_name/last_name Fields","de599d4d7a1756c6b0f0ad8744208844aff715a10b24c2d8ab36515b83a4f6ab"
"backup_dast","aespa_data/db-backups/aespa-2026-07-15-edmanda.db","6","273","","confirmed","Stored Cross-Site Scripting (XSS) in Transfer Description, Address Book, and Admin FX Currency Fields","cce6db1c06626695c22e9a5f37487e9c187fe73662d23bc974c03edcb261fbd7"
"backup_dast","aespa_data/db-backups/aespa-2026-07-15-edmanda.db","6","274","","false_positive","Privileged admin endpoints lack dual-control, authorization, and audit safeguards","0e050100dd79647e6b97bd89a0fe2305c1c4c587a930d40869e96a682187ebec"
"backup_dast","aespa_data/db-backups/aespa-2026-07-15-edmanda.db","6","275","","confirmed","Default administrator credentials accepted on admin authentication endpoint","4476c1d797d323bf09130dd3815815b282d86996fad3d8ae9499c8aa7f0690b0"
"backup_dast","aespa_data/db-backups/aespa-2026-07-15-edmanda.db","6","276","","confirmed","JWT alg=none authentication bypass on customer API endpoints","696350e621e9ad7c996db6dd91ba4db460ef74dc88c43c3b0c07d0db0a589305"
"backup_dast","aespa_data/db-backups/aespa-2026-07-15-edmanda.db","7","277","","low_confidence","Potential stored XSS sink identified in JS source: .innerHTML","31ae341e6cfd16467933eb4e6fedfcf18f40a48424ecb760943057a0b635a5a8"
"backup_dast","aespa_data/db-backups/aespa-2026-07-15-edmanda.db","7","278","","low_confidence","Potential stored XSS sink identified in JS source: .innerHTML","85e7511af39ddb716bdd5dcfa5d91293d6eddb0033552ffb1f5df4adb06ed9b1"
"backup_dast","aespa_data/db-backups/aespa-2026-07-15-edmanda.db","7","279","","low_confidence","Potential stored XSS sink identified in JS source: perspective","e27a9b5e0abc48443bb131439eb364b34abc9e8c23183b374f0839398c886b57"
"backup_dast","aespa_data/db-backups/aespa-2026-07-15-edmanda.db","7","280","","low_confidence","Potential stored XSS sink identified in JS source: amount","74f0e81664e10cd7fe12f60bfab05cfec3eee4e29a48b372616efb549b72866c"
"backup_dast","aespa_data/db-backups/aespa-2026-07-15-edmanda.db","7","281","","low_confidence","Potential stored XSS sink identified in JS source: .innerHTML","8e3943065b3095fd015ed2f9fdf5313cd38ffd99e37684506e09fe346d3dae21"
"backup_dast","aespa_data/db-backups/aespa-2026-07-15-edmanda.db","7","282","","low_confidence","Potential stored XSS sink identified in JS source: pagination","b91758d0e49b355a2fb2eefa6379895adbeb785c1ef44b3fac0b6401113183db"
"backup_dast","aespa_data/db-backups/aespa-2026-07-15-edmanda.db","7","283","","low_confidence","Potential stored XSS sink identified in JS source: amount","6f22717b9fac08d3fb0e1c4f568b7215efa4cd6ae884ec2b88e402a1806fdac8"
"backup_dast","aespa_data/db-backups/aespa-2026-07-15-edmanda.db","7","284","","low_confidence","Potential stored XSS sink identified in JS source: .innerHTML","3a40e1c13614749611446f40050931e2ef320849a5d1e090929c427fa91c261f"
"backup_dast","aespa_data/db-backups/aespa-2026-07-15-edmanda.db","7","285","","low_confidence","Potential stored XSS sink identified in JS source: converted_amount","d1a8905fd5d682b5d1587c2767cbd8939616f940d9aac44d9d71be9be01ea1dd"
"backup_dast","aespa_data/db-backups/aespa-2026-07-15-edmanda.db","7","286","","low_confidence","Potential stored XSS sink identified in JS source: rate","3ddf8c1eb9ed58f8c8fa48804a559a08407b05a77a6ce548afe1da8a87dab202"
"backup_dast","aespa_data/db-backups/aespa-2026-07-15-edmanda.db","7","287","","low_confidence","Potential stored XSS sink identified in JS source: payee_name","5ad6519d2bf826ba49bdc550b4ac8fba40d4f1e08829bff85cc19c0cb22a8f6d"
"backup_dast","aespa_data/db-backups/aespa-2026-07-15-edmanda.db","7","288","","low_confidence","Potential stored XSS sink identified in JS source: .innerHTML","bc938f6fa328e92f6cf5dbeb200c7047fd4e9b189c369d6ab9bdd713077ee00e"
"backup_dast","aespa_data/db-backups/aespa-2026-07-15-edmanda.db","7","289","","low_confidence","Potential stored XSS sink identified in JS source: .innerHTML","f509c9028d9cbd5bdd90e0b1f9b17e14e12a9eb0e107365f98571fcfbad7bbf6"
"backup_dast","aespa_data/db-backups/aespa-2026-07-15-edmanda.db","7","290","","low_confidence","Potential stored XSS sink identified in JS source: .innerHTML","0882528613cbecb24a92683af50d37c64a5fb6852ca4e624d294d8a2f8db6a7b"
"backup_dast","aespa_data/db-backups/aespa-2026-07-15-edmanda.db","7","291","","low_confidence","Potential stored XSS sink identified in JS source: .innerHTML","9ede1556e71ee9e0bfeccdcdb0d12f7ae9212f2166d75698d7f67bda10901420"
"backup_dast","aespa_data/db-backups/aespa-2026-07-15-edmanda.db","7","292","","low_confidence","Potential stored XSS sink identified in JS source: .innerHTML","d281f5a523589dede33032d7cd48d71cc65aa2127eba46cd4ebdbde685735ad6"
"backup_dast","aespa_data/db-backups/aespa-2026-07-15-edmanda.db","7","293","","low_confidence","Potential stored XSS sink identified in JS source: .innerHTML","4c0978b9ab66103be142e0d90638fd0ceaacb1ba47a01985271f6b4614bd10a9"
"backup_dast","aespa_data/db-backups/aespa-2026-07-15-edmanda.db","7","304","","confirmed","Public /api/health endpoint exposes JWT signing secret and database connection details","a2dcff1c04717ae9ad069cfda137b9e8bc7ff2d8f3febcf387a7be5782823654"
"backup_dast","aespa_data/db-backups/aespa-2026-07-15-edmanda.db","7","305","","confirmed","Login API response discloses password hash and TOTP secret in user object","90c044ec03fc13f74134bd7590c5359420caf5ebed1e79b9f89661dc97259184"
"backup_dast","aespa_data/db-backups/aespa-2026-07-15-edmanda.db","7","306","","confirmed","Public /api/health endpoint discloses JWT signing secret, enabling full authentication bypass and user impersonation","1611a9655e96426e6c17d220de8dcf47602c25e7f7495f7d206864c227c01447"
"backup_dast","aespa_data/db-backups/aespa-2026-07-15-edmanda.db","7","307","","confirmed","External transfer endpoint does not enforce TOTP/2FA despite preflight indicating it is required (business logic bypass)","3eec590f7ed770c6d2590d22e75394908c7f41800982a02598004375f12ef1ec"
"backup_dast","aespa_data/db-backups/aespa-2026-07-15-edmanda.db","7","308","","confirmed","Unverified email change enables account takeover","62dacb27a77479ad76213b8e2751f3836b81fdb1eae75ca4d90ebf5d02ae3236"
"backup_dast","aespa_data/db-backups/aespa-2026-07-15-edmanda.db","7","309","","confirmed","Weak password policy and broken password hashing on registration endpoint","f0a00032b56aff75bb0aaec7cad6ca0eddb200dfd74768a75531efae23bf4512"
"backup_dast","aespa_data/db-backups/aespa-2026-07-15-edmanda.db","7","310","","confirmed","Login endpoint lacks rate limiting and enables user enumeration via response code and timing","26f349aa2ccfb8cf57d5ded804d5b3385bcd01845ea8aa4fa67c09a9cec560ed"
"backup_dast","aespa_data/db-backups/aespa-2026-07-15-edmanda.db","7","311","","confirmed","SQL Injection in Admin Customer Search Endpoint","cb8f66ec3c95517cd9bcc4b1b6683921425a76efac66819364660589928a1989"
"backup_dast","aespa_data/db-backups/aespa-2026-07-15-edmanda.db","7","312","","confirmed","Admin balance manipulation and destructive system endpoints lack validation, approval, and audit trail","3708cd59d71a1adf0bccd2a41e07797ff074ab6605c5058095f5fd778a97eb02"
"backup_dast","aespa_data/db-backups/aespa-2026-07-15-edmanda.db","7","313","","confirmed","CORS misconfiguration - server reflects arbitrary Origin header (including null)","d716f881725a6e6fe6d9fd7eb07931310d652066882281a308d59ed94ea2e7b5"
"backup_dast","aespa_data/db-backups/aespa-2026-07-15-edmanda.db","7","314","","unconfirmed","Cross-vertical privilege escalation: admin JWT impersonates user 1 on user endpoints","d5d3aaaa25daaefc958e69d54a468dd86473f8d5f05fa7834c137d44a1b8ddb5"
"backup_dast","aespa_data/db-backups/aespa-2026-07-15-edmanda.db","7","324","","confirmed","Default/weak administrator credentials accepted by /api/admin/auth/login","c95fc4315185bd0746712e69d5f5c88d64d7e3087c19e0a47c89850332a2e7c7"
"backup_dast","aespa_data/db-backups/aespa-2026-07-15-edmanda.db","7","327","","confirmed","Verbose error responses disclose server internals","ba4583a20e980feabf0121dc9bcf8498bc45645621e7d7cdb5cdb9f4de3612fa"
"backup_dast","aespa_data/db-backups/aespa-2026-07-15-edmanda.db","7","329","","skipped","Server and runtime version disclosure","84f85453fb05802f27a332a31a1fe083026743744497ef17c80a6ab4cb5a7666"
"backup_dast","aespa_data/db-backups/aespa-2026-07-15-edmanda.db","7","330","","confirmed","User enumeration via registration endpoint","e340df4aa986fd8e2c710d9529e82a36948c372b3be24b33029777bbb60915ad"
"backup_dast","aespa_data/db-backups/aespa-2026-07-15-edmanda.db","7","338","","confirmed","Admin balance manipulation and destructive system endpoints lack validation, approval, and audit trail","67ee8d579a92a5d1178ef53c24d2b0bc8de0d618b223ec092fb489ecf935b6b0"
"backup_dast","aespa_data/db-backups/aespa-2026-07-15-edmanda.db","7","344","","false_positive","Broken Access Control: regular user can read /api/admin/customers/{id}","c6caa1830d2f502d59e35ae485600dfc75728ab9e249a44e91b6702363dd3072"
"backup_dast","aespa_data/db-backups/aespa-2026-07-15-edmanda.db","7","345","","confirmed","Stored XSS: /api/auth/register accepts HTML/JS in first_name","03f081ca643eceebb5464ca99e240aca5aa4607b62cdcfa18c01e155a78da2bb"
"backup_dast","aespa_data/db-backups/aespa-2026-07-15-edmanda.db","10","441","","unvalidated","Potential stored XSS sink identified in JS source: .innerHTML","eb4c0eeb739e9532a114b2ac392be87c19838dff19dad5a0c45026deccf659ec"
"backup_dast","aespa_data/db-backups/aespa-2026-07-15-edmanda.db","10","442","","unvalidated","Potential stored XSS sink identified in JS source: .innerHTML","b96c7cd281952b70b69fed4023a7953dc1b18ddd7ec9c800fe5619dd0adab4f9"
"backup_dast","aespa_data/db-backups/aespa-2026-07-15-edmanda.db","10","443","","unvalidated","Potential stored XSS sink identified in JS source: perspective","5dc32a5206543c36a016d5c3d25c49e3a490cfad13cfefdd3b30da32d7e08a5f"
"backup_dast","aespa_data/db-backups/aespa-2026-07-15-edmanda.db","10","444","","unvalidated","Potential stored XSS sink identified in JS source: amount","59417532a7b5a769edbcbfa4acac5438c93ce09a99b23dd8ca1ac4d67127e197"
"backup_dast","aespa_data/db-backups/aespa-2026-07-15-edmanda.db","10","445","","unvalidated","Potential stored XSS sink identified in JS source: .innerHTML","79453012a38ca14b57beafcce50d7814bf6b1392ab9b94da39509ef8dc9cd229"
"backup_dast","aespa_data/db-backups/aespa-2026-07-15-edmanda.db","10","446","","unvalidated","Potential stored XSS sink identified in JS source: pagination","bbc58c1104040035adc0abbd876bc29fdb2ea27f7f9968c3d8c1577f3718a3aa"
"backup_dast","aespa_data/db-backups/aespa-2026-07-15-edmanda.db","10","447","","unvalidated","Potential stored XSS sink identified in JS source: amount","08a6fd8662066e7ad808ac5138269253a011c84ba3699c3f33c362a6512664c3"
"backup_dast","aespa_data/db-backups/aespa-2026-07-15-edmanda.db","10","448","","unvalidated","Potential stored XSS sink identified in JS source: .innerHTML","ab84465f2f452b02c28180e9b4dac3dcea0e2bf430ac63d0b33e1cb8ec97061f"
"backup_dast","aespa_data/db-backups/aespa-2026-07-15-edmanda.db","10","449","","unvalidated","Potential stored XSS sink identified in JS source: converted_amount","2772e419291f9157cb4519df624713b60134868cd80250cfa598c7bae14149b7"
"backup_dast","aespa_data/db-backups/aespa-2026-07-15-edmanda.db","10","450","","unvalidated","Potential stored XSS sink identified in JS source: rate","e69103f2469996774584e28bea0c75b036fe04ffc16aee69c86ca4ae053e848e"
"backup_dast","aespa_data/db-backups/aespa-2026-07-15-edmanda.db","10","451","","unvalidated","Potential stored XSS sink identified in JS source: payee_name","3b366900a76e7b2ae8d2b46f0a70840dd25908dfc8bf8ee1136837e8639a66d5"
"backup_dast","aespa_data/db-backups/aespa-2026-07-15-edmanda.db","10","452","","unvalidated","Potential stored XSS sink identified in JS source: .innerHTML","b7014fc9f9e318f224ded9dab5750c41214d282ce1553c3b89ecdcd12ad3017d"
"backup_dast","aespa_data/db-backups/aespa-2026-07-15-edmanda.db","10","453","","unvalidated","Potential stored XSS sink identified in JS source: .innerHTML","325c6981d281e46eac5d4ad683d524dbb52e81b9b6613e3718be34f6beef11dc"
"backup_dast","aespa_data/db-backups/aespa-2026-07-15-edmanda.db","10","454","","unvalidated","Potential stored XSS sink identified in JS source: .innerHTML","f9c240b6697a9395a6b3713e09edbe1f3f5fd1baa652262ab1160b6876cc50b4"
"backup_dast","aespa_data/db-backups/aespa-2026-07-15-edmanda.db","10","455","","unvalidated","Potential stored XSS sink identified in JS source: .innerHTML","e1b24ec2210cb8848e692b0d210ed53c6afdf90ee105001fa711b46ee7425dc0"
"backup_dast","aespa_data/db-backups/aespa-2026-07-15-edmanda.db","10","456","","unvalidated","Potential stored XSS sink identified in JS source: .innerHTML","e81e0ae5084d4408f4f0330f4b6b2249383e881c5ba88cff4fa8dac631dd9e33"
"backup_dast","aespa_data/db-backups/aespa-2026-07-15-edmanda.db","10","457","","unvalidated","Potential stored XSS sink identified in JS source: .innerHTML","97fd05d1f87f7313bda2327d4e0aefeebdec9bfa8925b4a7cb56e6e8c7031a8c"
"backup_dast","aespa_data/db-backups/aespa-2026-07-15-edmanda.db","10","458","","confirmed","Unauthenticated access to protected endpoint","1100c6dc5a59e89f58e79457b25892e17f5a43aa74007402449460ebaa9e731e"
"backup_dast","aespa_data/db-backups/aespa-2026-07-15-edmanda.db","10","459","","confirmed","Unauthenticated access to protected endpoint","0426f5e40745a8d8711207557141defce760c724d76452753014f8c003b434c0"
"backup_dast","aespa_data/db-backups/aespa-2026-07-15-edmanda.db","10","460","","confirmed","Unauthenticated access to protected endpoint","f13ada84e93266f6875cdcdc30089b0ea5070294201df2c7537d7a7f9c966567"
"backup_dast","aespa_data/db-backups/aespa-2026-07-15-edmanda.db","10","461","","confirmed","Unauthenticated access to protected endpoint","70d4f552ff41683de400d5fecf170548b75f0d72def5c61dfca6e4ac0c102cd4"
"backup_dast","aespa_data/db-backups/aespa-2026-07-15-edmanda.db","10","462","","confirmed","Unauthenticated access to protected endpoint","9286bb3f2ec58b52a366c0d9925b6b335edc824f2d80a5161a63b6ae53a692d5"
"backup_dast","aespa_data/db-backups/aespa-2026-07-15-edmanda.db","10","463","","confirmed","Unauthenticated access to protected endpoint","6e38e246cbf8618e1fcc99d0cb3481acc1eff7d6eef4edbccb77a9b7360a81fd"
"backup_dast","aespa_data/db-backups/aespa-2026-07-15-edmanda.db","10","464","","confirmed","Unauthenticated access to protected endpoint","fde628d847bcc924bcfc8e9bda2647f900b30443a2750023ac4b9ef8ef249ec9"
"backup_dast","aespa_data/db-backups/aespa-2026-07-15-edmanda.db","10","465","","confirmed","Unauthenticated access to protected endpoint","cd9ce4c52a7bda15317ad5877a21a51773393e828b3e844760cdca61f32464e9"
"backup_dast","aespa_data/db-backups/aespa-2026-07-15-edmanda.db","10","466","","confirmed","Unauthenticated access to protected endpoint","84ca0c4bfd2fd02723d829c077cad3d54c010c3776229bfc67d0718d46a31814"
"backup_dast","aespa_data/db-backups/aespa-2026-07-15-edmanda.db","10","467","","confirmed","Unauthenticated access to protected endpoint","0cdd0094b20413d23fc2cbb61e4ba81503d39b39516389478f20d4848b22e889"
"backup_dast","aespa_data/db-backups/aespa-2026-07-15-edmanda.db","10","468","","confirmed","High-Entropy Secrets Exposed in /api/health Endpoint","5f9826f669810f586f483d37cd537af1ff0514e9beb31a650592b176e74a0904"
"backup_dast","aespa_data/db-backups/aespa-2026-07-15-edmanda.db","10","472","","confirmed","Password Hash Exposed in API Responses","b53ccc87755c6f3dc0ec5f13dea1bc6daf5dbfea5ec6c0c5d8a19c335dcf1a3e"
"backup_dast","aespa_data/db-backups/aespa-2026-07-15-edmanda.db","10","474","","confirmed","JWT Token Forgery via Exposed Signing Secret","34645a43078b99e30342ca392752d8ba58e19b0fbbbf6d8a79db6561b29bfe92"
"backup_dast","aespa_data/db-backups/aespa-2026-07-15-edmanda.db","10","475","","confirmed","Weak Password Policy Allows 1-Character Passwords","8d4b2dfc40a2866f08a02d7a4a71829ce7cbaca238d31200f3b2a2a32c6dc496"
"backup_dast","aespa_data/db-backups/aespa-2026-07-15-edmanda.db","10","476","","unconfirmed","IDOR via JWT Forgery Enables Access to Any User's Banking Data","e090230415ba3ee127ebf57048949ccd7fb60f6a550aec1e5f9033aa04b0fcad"
"backup_dast","aespa_data/db-backups/aespa-2026-07-15-edmanda.db","10","479","","confirmed","Missing Rate Limiting on Login Endpoint","6b228fe71dfed10c2f199a1610d469aeba5f0e352b62441dab0c8fd37283de4f"
"backup_dast","aespa_data/db-backups/aespa-2026-07-15-edmanda.db","10","481","","confirmed","User Enumeration via Distinct Login Error Messages","c2f4c17ee1f9c8b29bd7a6fcdf173fd1448f99b73c65ded652ef2e5ae26f5b3f"
"backup_dast","aespa_data/db-backups/aespa-2026-07-15-edmanda.db","10","482","","unconfirmed","Permissive CORS Policy with Credentials on API Endpoint","fbd630714215dae6616695b6f0b9cfdb017624a66e957837eeea47fec796680d"
"backup_dast","aespa_data/db-backups/aespa-2026-07-15-edmanda.db","10","483","","confirmed","TOTP Verification Bypass on External Transfers","09eb533198131e6686a750b6c17f54e02ba66b5beaf5d17c467159a1982bdcc8"
"backup_dast","aespa_data/db-backups/aespa-2026-07-15-edmanda.db","10","485","","unconfirmed","IDOR on Transaction Detail Endpoint Exposes Other Users' Financial Data","35f58356b49d8152e75c808c55abb1627a8046435873764fa24c32371b38f9e1"
"backup_dast","aespa_data/db-backups/aespa-2026-07-15-edmanda.db","10","487","","confirmed","Stored Cross-Site Scripting (XSS) in Admin Panel via Customer Name Field","7bd338897bdc3a84faaa9068d14a1359e1f88f1a7752ef9aa36bf1b89fdcce42"
"backup_dast","aespa_data/db-backups/aespa-2026-07-15-edmanda.db","10","491","","confirmed","Missing Rate Limiting on Admin Login Endpoint","00797b6342a0ea9689b6abcc12a8e9c304222175b85c1ca52ab3797b287b8022"
"backup_dast","aespa_data/db-backups/aespa-2026-07-15-edmanda.db","10","492","","confirmed","Verbose Error and Internal Path Disclosure via alg=none JWT","89fec97d0a219bf4f6c8c9aad266b487b88598d047bc19f9cd7df3b89975f736"
"backup_dast","aespa_data/db-backups/aespa-2026-07-15-edmanda.db","10","493","","confirmed","Missing Content-Security-Policy Header and Server Version Disclosure","e88e29e66f34bcd26eee7518c51f116cbb5800d5984c807600dcf35312756bf7"
"backup_dast","aespa_data/db-backups/aespa-2026-07-15-edmanda.db","10","494","","confirmed","JWT alg=none Authentication Bypass","34f0d325b1abe46eea6f075b6ce3f9c75450164a93af1446a38058d0dc507d39"
"backup_dast","aespa_data/db-backups/aespa-2026-07-15-edmanda.db","4","501","","confirmed","SQL Injection in Username Path Parameter Enables Full Database Read Access","a925003a0fe3fe0e5a44d2edb14b2c802586afae0c94a5a6c18419185a3263e1"
"backup_dast","aespa_data/db-backups/aespa-2026-07-15-edmanda.db","4","502","","confirmed","Werkzeug Debug Mode Enabled - Interactive Python Console Exposed (RCE)","47bfabd360608a6a1f001dbee91c5e8868a52e18359b108c8aad61b60edb13c5"
"backup_dast","aespa_data/db-backups/aespa-2026-07-15-edmanda.db","4","503","","confirmed","Plaintext Password Storage Exposed via SQL Injection","1306744fc50a930c523f535c0b16b3e4d157995a91ccd04df7296398f4dce8b0"
"backup_dast","aespa_data/db-backups/aespa-2026-07-15-edmanda.db","7","605","","unvalidated","Potential stored XSS sink identified in JS source: .innerHTML","eb4c0eeb739e9532a114b2ac392be87c19838dff19dad5a0c45026deccf659ec"
"backup_dast","aespa_data/db-backups/aespa-2026-07-15-edmanda.db","7","606","","unvalidated","Potential stored XSS sink identified in JS source: .innerHTML","b96c7cd281952b70b69fed4023a7953dc1b18ddd7ec9c800fe5619dd0adab4f9"
"backup_dast","aespa_data/db-backups/aespa-2026-07-15-edmanda.db","7","607","","unvalidated","Potential stored XSS sink identified in JS source: perspective","5dc32a5206543c36a016d5c3d25c49e3a490cfad13cfefdd3b30da32d7e08a5f"
"backup_dast","aespa_data/db-backups/aespa-2026-07-15-edmanda.db","7","608","","unvalidated","Potential stored XSS sink identified in JS source: amount","59417532a7b5a769edbcbfa4acac5438c93ce09a99b23dd8ca1ac4d67127e197"
"backup_dast","aespa_data/db-backups/aespa-2026-07-15-edmanda.db","7","609","","unvalidated","Potential stored XSS sink identified in JS source: .innerHTML","79453012a38ca14b57beafcce50d7814bf6b1392ab9b94da39509ef8dc9cd229"
"backup_dast","aespa_data/db-backups/aespa-2026-07-15-edmanda.db","7","610","","unvalidated","Potential stored XSS sink identified in JS source: pagination","bbc58c1104040035adc0abbd876bc29fdb2ea27f7f9968c3d8c1577f3718a3aa"
"backup_dast","aespa_data/db-backups/aespa-2026-07-15-edmanda.db","7","611","","unvalidated","Potential stored XSS sink identified in JS source: amount","08a6fd8662066e7ad808ac5138269253a011c84ba3699c3f33c362a6512664c3"
"backup_dast","aespa_data/db-backups/aespa-2026-07-15-edmanda.db","7","612","","unvalidated","Potential stored XSS sink identified in JS source: .innerHTML","ab84465f2f452b02c28180e9b4dac3dcea0e2bf430ac63d0b33e1cb8ec97061f"
"backup_dast","aespa_data/db-backups/aespa-2026-07-15-edmanda.db","7","613","","unvalidated","Potential stored XSS sink identified in JS source: converted_amount","2772e419291f9157cb4519df624713b60134868cd80250cfa598c7bae14149b7"
"backup_dast","aespa_data/db-backups/aespa-2026-07-15-edmanda.db","7","614","","unvalidated","Potential stored XSS sink identified in JS source: rate","e69103f2469996774584e28bea0c75b036fe04ffc16aee69c86ca4ae053e848e"
"backup_dast","aespa_data/db-backups/aespa-2026-07-15-edmanda.db","7","615","","unvalidated","Potential stored XSS sink identified in JS source: payee_name","3b366900a76e7b2ae8d2b46f0a70840dd25908dfc8bf8ee1136837e8639a66d5"
"backup_dast","aespa_data/db-backups/aespa-2026-07-15-edmanda.db","7","616","","unvalidated","Potential stored XSS sink identified in JS source: .innerHTML","b7014fc9f9e318f224ded9dab5750c41214d282ce1553c3b89ecdcd12ad3017d"
"backup_dast","aespa_data/db-backups/aespa-2026-07-15-edmanda.db","7","617","","unvalidated","Potential stored XSS sink identified in JS source: .innerHTML","325c6981d281e46eac5d4ad683d524dbb52e81b9b6613e3718be34f6beef11dc"
"backup_dast","aespa_data/db-backups/aespa-2026-07-15-edmanda.db","7","618","","unvalidated","Potential stored XSS sink identified in JS source: .innerHTML","f9c240b6697a9395a6b3713e09edbe1f3f5fd1baa652262ab1160b6876cc50b4"
"backup_dast","aespa_data/db-backups/aespa-2026-07-15-edmanda.db","7","619","","unvalidated","Potential stored XSS sink identified in JS source: .innerHTML","e1b24ec2210cb8848e692b0d210ed53c6afdf90ee105001fa711b46ee7425dc0"
"backup_dast","aespa_data/db-backups/aespa-2026-07-15-edmanda.db","7","620","","unvalidated","Potential stored XSS sink identified in JS source: .innerHTML","e81e0ae5084d4408f4f0330f4b6b2249383e881c5ba88cff4fa8dac631dd9e33"
"backup_dast","aespa_data/db-backups/aespa-2026-07-15-edmanda.db","7","621","","unvalidated","Potential stored XSS sink identified in JS source: .innerHTML","97fd05d1f87f7313bda2327d4e0aefeebdec9bfa8925b4a7cb56e6e8c7031a8c"
"backup_dast","aespa_data/db-backups/aespa-2026-07-15-edmanda.db","15","622","","low_confidence","Potential stored XSS sink identified in JS source: .innerHTML","a9789ee35a0e6bb932f6f18893011b5c40022a27e0be8b528b65a3b9b30d1aee"
"backup_dast","aespa_data/db-backups/aespa-2026-07-15-edmanda.db","15","623","","low_confidence","Potential stored XSS sink identified in JS source: .innerHTML","7c3e4462a7f1b3ff7bea7c1e1ed6b13e75924b2775853b0227f994840c5d06e0"
"backup_dast","aespa_data/db-backups/aespa-2026-07-15-edmanda.db","15","624","","low_confidence","Potential stored XSS sink identified in JS source: perspective","7499f4e38228244a34cbef1eeb3f96d43106eb03da8844168a7eb921b4ab8ed9"
"backup_dast","aespa_data/db-backups/aespa-2026-07-15-edmanda.db","15","625","","low_confidence","Potential stored XSS sink identified in JS source: amount","c5c4286b3bf05af3c2e8d0157df5f94a16f8caad0574ae347e03371a7ce5804f"
"backup_dast","aespa_data/db-backups/aespa-2026-07-15-edmanda.db","15","626","","low_confidence","Potential stored XSS sink identified in JS source: .innerHTML","2cd583acffe86643fa9c2dbaeedd92f30a4320bbae6f658c4819545c703fc162"
"backup_dast","aespa_data/db-backups/aespa-2026-07-15-edmanda.db","15","627","","low_confidence","Potential stored XSS sink identified in JS source: pagination","4d568830e882d3816176dd9fdcfdc3cbaa154cc41594c4ac619e4520a7aeb1cc"
"backup_dast","aespa_data/db-backups/aespa-2026-07-15-edmanda.db","15","628","","low_confidence","Potential stored XSS sink identified in JS source: amount","72a21399df283e50ad84d2a722f916aa8d3f39018a5041f7916645e7ab653e97"
"backup_dast","aespa_data/db-backups/aespa-2026-07-15-edmanda.db","15","629","","low_confidence","Potential stored XSS sink identified in JS source: .innerHTML","ef36e3a64c02b794b66bf8cc7343e2643ce9332c1b3a4adb770a894d21a20eca"
"backup_dast","aespa_data/db-backups/aespa-2026-07-15-edmanda.db","15","630","","low_confidence","Potential stored XSS sink identified in JS source: converted_amount","bd1dc7cdd010c66fe3564fd3e0823e62a3c2a249bba0557ecc626c78b9e292dd"
"backup_dast","aespa_data/db-backups/aespa-2026-07-15-edmanda.db","15","631","","low_confidence","Potential stored XSS sink identified in JS source: rate","4f3468dd0bd9d35bd9ea60c12d0e162c633a4d319b92c1eab0b79b2a268ef35a"
"backup_dast","aespa_data/db-backups/aespa-2026-07-15-edmanda.db","15","632","","low_confidence","Potential stored XSS sink identified in JS source: payee_name","aaa77c7f23ed782d6f1fdb93bd111714bea7a8e9216571713e1df5e9cc454522"
"backup_dast","aespa_data/db-backups/aespa-2026-07-15-edmanda.db","15","633","","low_confidence","Potential stored XSS sink identified in JS source: .innerHTML","686090972f5d15a793d22e4e949c577b5063b4025a606805cfc151cb732a668d"
"backup_dast","aespa_data/db-backups/aespa-2026-07-15-edmanda.db","15","634","","low_confidence","Potential stored XSS sink identified in JS source: .innerHTML","58840a4daf2db74ef929a11149cdd1d740f36d97f30f6ccd99fcb28a278c7574"
"backup_dast","aespa_data/db-backups/aespa-2026-07-15-edmanda.db","15","635","","low_confidence","Potential stored XSS sink identified in JS source: .innerHTML","0f3e0720df83a754b9af5df293330621ff715e601691d5b4a42ca49ffd9839e7"
"backup_dast","aespa_data/db-backups/aespa-2026-07-15-edmanda.db","15","636","","low_confidence","Potential stored XSS sink identified in JS source: .innerHTML","3a3dc0eb3093af8fbd6b473165b1a8642fd22e614c7ed274c1132a11fcb03b72"
"backup_dast","aespa_data/db-backups/aespa-2026-07-15-edmanda.db","15","637","","low_confidence","Potential stored XSS sink identified in JS source: .innerHTML","a9ab4c846402ab8e2d878c1e29bf0b40b4811b4b56fe7ac7223fa2c0e5ac3a1f"
"backup_dast","aespa_data/db-backups/aespa-2026-07-15-edmanda.db","15","638","","low_confidence","Potential stored XSS sink identified in JS source: .innerHTML","c60f94370064b04015f4e8d78c89121f49bb8f389f108d0c0791b5f548cde820"
"backup_dast","aespa_data/db-backups/aespa-2026-07-15-edmanda.db","15","639","","confirmed","Unauthenticated access to protected endpoint","25231f3c5314e6a73a7a5ce1ca4fa219449f137e1207a012a22e7265c7bd6679"
"backup_dast","aespa_data/db-backups/aespa-2026-07-15-edmanda.db","15","640","","confirmed","Unauthenticated access to protected endpoint","41f1352a02d89622df8b08c01c704aec1f7550cb6612be642c3e6e3343d9f8ac"
"backup_dast","aespa_data/db-backups/aespa-2026-07-15-edmanda.db","15","641","","confirmed","Unauthenticated access to protected endpoint","0118a180a250912712d9b731366be915733f660228351a7dbbb945674d3d5384"
"backup_dast","aespa_data/db-backups/aespa-2026-07-15-edmanda.db","15","642","","confirmed","Unauthenticated access to protected endpoint","686019fca57170478a194e9de6d905da3071deb9271a702612c2c6b1cb17b46d"
"backup_dast","aespa_data/db-backups/aespa-2026-07-15-edmanda.db","15","643","","confirmed","Unauthenticated access to protected endpoint","c735fe189a6c89de7c24495694fa33637968b1a8412087841f28b9eaee809595"
"backup_dast","aespa_data/db-backups/aespa-2026-07-15-edmanda.db","15","644","","confirmed","Unauthenticated access to protected endpoint","95da40ccbf7bf1430c48f62c073b0fa11bdd3416800f4d9ac75f2063576df095"
"backup_dast","aespa_data/db-backups/aespa-2026-07-15-edmanda.db","15","645","","confirmed","Unauthenticated access to protected endpoint","24b7f596e169a06359b38504539f3fc42d1202efbdbcd66f9127897bf1977d52"
"backup_dast","aespa_data/db-backups/aespa-2026-07-15-edmanda.db","15","646","","confirmed","Unauthenticated access to protected endpoint","9702b503ac84b8516f1d95f8e1bff44c3e4ada44c17fb6a9697be0dd4171f003"
"backup_dast","aespa_data/db-backups/aespa-2026-07-15-edmanda.db","15","647","","confirmed","Unauthenticated access to protected endpoint","5b7a628c0331c03e8fcb2eee737dcd4d816527183ba21f280f2cbd8282a474a9"
"backup_dast","aespa_data/db-backups/aespa-2026-07-15-edmanda.db","15","648","","confirmed","Unauthenticated access to protected endpoint","12637c36aadf9f32b415572b2e2294f19588827362b841270fda80e746304a81"
"backup_dast","aespa_data/db-backups/aespa-2026-07-15-edmanda.db","15","649","","confirmed","Unauthenticated access to protected endpoint","ee087a264ecfa2f9d2daefd86adc1856cf13ebbdffee1c2e6889049b3779ccef"
"backup_dast","aespa_data/db-backups/aespa-2026-07-15-edmanda.db","15","650","","confirmed","Public /api/health endpoint exposes JWT signing secret and database credentials","c951e24e428de1f10d3ba8396634431dbed815d15b5eccc30f7e965f5c81fcda"
"backup_dast","aespa_data/db-backups/aespa-2026-07-15-edmanda.db","15","651","","confirmed","JWT forgery via leaked signing secret allows full authentication bypass for any user","25ab20631d60f4c8fd251aa897a79bcef6a0e2ead8c05132f6d564ea1d9700c1"
"backup_dast","aespa_data/db-backups/aespa-2026-07-15-edmanda.db","15","652","","confirmed","SQL injection in /api/admin/customers?search= via EXTRACTVALUE error-based extraction","5e931b0fc868a7096ad5c710d56ad72f77f80f80cf8e4b28261973efe0331296"
"backup_dast","aespa_data/db-backups/aespa-2026-07-15-edmanda.db","15","653","","confirmed","Unlimited self-issued loan: no maximum borrow amount enforced on account creation","d7b7561e7091d83518ea44db019c397f5abd9339dae323fc9662937d9e2fd25b"
"backup_dast","aespa_data/db-backups/aespa-2026-07-15-edmanda.db","15","654","","confirmed","External transfer endpoint completes without TOTP verification, enabling unauthenticated-second-factor fund exfiltration","fa6cfca28498245ced76015513d04ad0a1b35ac5d2b99bc052afe015a760e387"
"backup_dast","aespa_data/db-backups/aespa-2026-07-15-edmanda.db","15","655","","unconfirmed","Admin balance manipulation endpoint allows unbounded account balance changes with no audit trail","3bafb297de9754f14860fb08cbab464883216b73c620f64a9f32894e85fd6da8"
"backup_dast","aespa_data/db-backups/aespa-2026-07-15-edmanda.db","15","656","","unconfirmed","Broken Object Level Authorization (BOLA) on GET /api/transactions/{id} allows any authenticated user to read any transaction","fd96b2614688a138f7ff8aa2b56aeb64fccf9310aea6fe85744267a94b807abe"
"backup_dast","aespa_data/db-backups/aespa-2026-07-15-edmanda.db","15","657","","confirmed","User enumeration via distinct login error messages on /api/auth/login","827564ce5d343ddafad7bbd42b421366aed603bf5807e698c8acc066ed76ca01"
"backup_dast","aespa_data/db-backups/aespa-2026-07-15-edmanda.db","15","658","","confirmed","Insecure password storage - newly registered users' passwords hashed with MD5","cd9cf07678da7427224d1989a23670af312c1bb4c8db5dc1a708a54d8735f149"
"backup_dast","aespa_data/db-backups/aespa-2026-07-15-edmanda.db","15","659","","confirmed","Weak password policy on registration endpoint allows trivially guessable credentials","22481f7b6becb86ddcc8a3d3765423e0b9c236c9152341e2c1e9143bed96e696"
"backup_dast","aespa_data/db-backups/aespa-2026-07-15-edmanda.db","15","660","","confirmed","Public /api/health endpoint exposes JWT signing secret and database credentials","4800228dc777cc0f1825ecbd39fe3bfdcb33dbdabbd38112f7165be841b01b0d"
"backup_dast","aespa_data/db-backups/aespa-2026-07-15-edmanda.db","15","661","","unconfirmed","Broken Object Level Authorization (BOLA) on PUT /api/address-book/{id} allows any authenticated user to modify any user's payee entry","4c746690842595c742bf10bc8bf2605a81b3a17725ded69a1c8bb62599b3eb95"
"backup_dast","aespa_data/db-backups/aespa-2026-07-15-edmanda.db","15","662","","unconfirmed","Origin-Reflective CORS Policy on API Endpoints","06c851db3708c8eecb552182daf0f00df29f361934db27b919ec3ce9539104ba"
"backup_dast","aespa_data/db-backups/aespa-2026-07-15-edmanda.db","15","663","","confirmed","No rate limiting on TOTP verification endpoint enables 2FA brute-force","4a5dc0489899594a9a1ab15eda95fa8b7f8913b19ac8b2ec1389785b235bfd1f"
"backup_dast","aespa_data/db-backups/aespa-2026-07-15-edmanda.db","15","664","","confirmed","No rate limiting or account lockout on /api/auth/login enables password brute-force","5bf640627cf6bd74d1f38992244375b3a02debcf4b6ff3dd95db7590dfcbb8d8"
"backup_dast","aespa_data/db-backups/aespa-2026-07-15-edmanda.db","15","665","","confirmed","No rate limiting or account lockout on admin login enables password brute-force","1ad7ce1aee66301f7712efce71df050d6af84a26f3716e43e6677e5bca3ead22"
"backup_dast","aespa_data/db-backups/aespa-2026-07-15-edmanda.db","15","666","","confirmed","Sensitive data exposed in API response","61fe3f0e67cb3850da1b9228807c4aaafcef587a2f3c26ac551841d34e370ed6"
"backup_dast","aespa_data/db-backups/aespa-2026-07-15-edmanda.db","15","667","","confirmed","Sensitive data exposed in API response","0c351450b16d1857fbf2c852b72af8da4d0c2887093230cc75263cee54f2c036"
"backup_dast","aespa_data/db-backups/aespa-2026-07-15-edmanda.db","15","668","","confirmed","Sensitive data exposed in API response","0aca1bc12768e8a92b52fa634655acf08ee551a501045536d548e0e48eaa79f6"
"backup_dast","aespa_data/db-backups/aespa-2026-07-15-edmanda.db","15","669","","confirmed","Sensitive data exposed in API response","ecc48cececc1354cdcd9adb51a1328ee77f81e2a5fe1e4a15c4f414b92bb05c8"
"backup_dast","aespa_data/db-backups/aespa-2026-07-15-edmanda.db","15","670","","confirmed","SQL injection error disclosure","9ecbbd061aae1a952bb467e13a7371dd8573c9990892e77e821f4dca08feee1d"
"backup_dast","aespa_data/db-backups/aespa-2026-07-15-edmanda.db","15","671","","confirmed","SQL injection error disclosure","ee3b04663c33da1ca130c46917d23941f49b14877447b187a57cf35fc1786778"
"backup_dast","aespa_data/db-backups/aespa-2026-07-15-edmanda.db","15","672","","confirmed","SQL injection error disclosure","8e3e5bce9e2b98a25b96d42a59e346c552499717d3acb18a03b857e466ac7fa4"
"backup_dast","aespa_data/db-backups/aespa-2026-07-15-edmanda.db","15","673","","confirmed","Sensitive data exposed in API response","4414347d25963279f34105b9fea594c045bb01fe672084f8647802f1de251b1c"
"backup_dast","aespa_data/db-backups/aespa-2026-07-15-edmanda.db","15","674","","confirmed","Sensitive data exposed in API response","100669264739219e6bd086c207671f0ebb58e520b674732e67f1087db4d67e57"
"backup_dast","aespa_data/db-backups/aespa-2026-07-15-edmanda.db","15","675","","confirmed","Sensitive data exposed in API response","3c4acbcf6ae0e005fdffc4f5e2b6a32ca1df52c19dbb5d9bd307be9e930ca5d4"
"backup_dast","aespa_data/db-backups/aespa-2026-07-15-edmanda.db","15","676","","confirmed","Sensitive data exposed in API response","d64b6c09653c12b3c98860896241ce84252ed8836964956c79b8b31b9b420b1a"
"backup_dast","aespa_data/db-backups/aespa-2026-07-15-edmanda.db","15","677","","confirmed","Sensitive data exposed in API response","bcaf4a479cb65d7c007145515674e7dd50388e6ae46811f5d1d99e13c63cc6ba"
"backup_dast","aespa_data/db-backups/aespa-2026-07-15-edmanda.db","15","678","","confirmed","Default admin credentials accepted on /api/admin/auth/login","5e65daa4d9d7634ee554f8fe480a0bb455780ce31daf7d1e46af5ef51ea5c306"
"backup_dast","aespa_data/db-backups/aespa-2026-07-15-edmanda.db","15","679","","confirmed","Password hashes exposed in API responses","b65614d65138e61aba9f0e8f3b05f2d21c618dd0d207cb55985274596f1397c9"
"backup_dast","aespa_data/db-backups/aespa-2026-07-15-edmanda.db","15","680","","confirmed","No limits or balance checks on /api/transfers/own","ce2425731a3a7fcfd1fe97f3e481c89594d75dc492a2d165145fe038295e657f"
"backup_dast","aespa_data/db-backups/aespa-2026-07-15-edmanda.db","15","681","","confirmed","Overly permissive CORS configuration on API endpoints","8a0bf16fbae77d71cdaff361a5e2467d3e0108a726efd0ae38bb3c2da7a413fe"
"backup_dast","aespa_data/db-backups/aespa-2026-07-15-edmanda.db","15","682","","skipped","Verbose server/software version disclosure","7fa00bb47fc72b75f4617bacf157cd5c1468d9ca7147ef7adc58c74ab73d7f23"
"backup_dast","aespa_data/db-backups/aespa-2026-07-15-edmanda.db","15","683","","confirmed","Broken access control on admin endpoints (privileged actions exposed to regular users)","b6aaea5cfff2c207b0d21982eaed12e3b95f4eaff8e6d1b5106da308fb9ad49c"
"backup_dast","aespa_data/db-backups/aespa-2026-07-15-edmanda.db","15","684","","confirmed","Overly permissive CORS configuration on API endpoints","c6de25fcdfe87488db12fc8634d7131864a30effddecb12ad84e88348351e82d"
"backup_dast","aespa_data/db-backups/aespa-2026-07-15-edmanda.db","15","685","","confirmed","SQL injection in /api/admin/customers?search= via EXTRACTVALUE error-based extraction","84ffb6fa8bab7fb9906ec61d4e33d31f3fcdba8279cdeb95436f3b3bafc6b5ec"
"backup_dast","aespa_data/db-backups/aespa-2026-07-15-edmanda.db","15","686","","confirmed","Verbose Error Messages Disclose Internal Paths and Stack Traces","9a6d57c3cd6c008b0d983ff4ec3c351e140285e020c654a3fa82dc612346e934"
"backup_dast","aespa_data/db-backups/aespa-2026-07-15-edmanda.db","15","687","","confirmed","Overly permissive CORS configuration on API endpoints","d7299c652607cf602f962d2ddfdba3930df3bba97607f445b776ff40725382db"
"backup_dast","aespa_data/db-backups/aespa-2026-07-15-edmanda.db","15","688","","confirmed","SQL injection in /api/admin/customers?search= via EXTRACTVALUE error-based extraction","cfc26dfb23414a5c97912065675951b98c855fc81eb6cd4d7dc9f5943d22b5b5"
"backup_dast","aespa_data/db-backups/aespa-2026-07-15-edmanda.db","15","689","","confirmed","Password hashes exposed in API responses","78daed5e390d64adf491a9ba87a81a0f83bacc02d128c466ff7ff4a4cfe98431"
"backup_dast","aespa_data/db-backups/aespa-2026-07-15-edmanda.db","15","690","","confirmed","Verbose Error Messages Disclose Internal Paths and Stack Traces","afbb535f92d1251ab67da44315778a589242a6a2615ac85eb61f0a94958484fd"
"backup_dast","aespa_data/db-backups/aespa-2026-07-15-edmanda.db","15","691","","confirmed","Password hashes exposed in API responses","75c292cfa98b0fa9833b6b08614576af2d209d3fbaca8f00c417bcbbdb24c3ed"
"backup_dast","aespa_data/db-backups/aespa-2026-07-15-edmanda.db","15","692","","confirmed","Broken access control on admin endpoints (privileged actions exposed to regular users)","0e8cb108fcf5a5b7c2a50c912b9e28c78b1e17bdedd82c3780ccf175e13e4d2b"
"backup_dast","aespa_data/db-backups/aespa-2026-07-15-edmanda.db","15","693","","confirmed","Stored XSS in profile and address book fields","e2021fcbc3d4dbca8229de1b8b37fabb9819622be1b0005ee2232a3073be0185"
"backup_dast","aespa_data/db-backups/aespa-2026-07-15-edmanda.db","15","694","","confirmed","Overly permissive CORS configuration on API endpoints","18bece5227ca6ecceef97582117e1677b44589e6ec949e8064c9ccfd6ad69a5e"
"backup_dast","aespa_data/db-backups/aespa-2026-07-15-edmanda.db","15","695","","confirmed","Missing Content-Security-Policy header","1ad5695a8e6e4ae1e708c300a271b4cb9633c686a105332dfd9ca9ffd3c2c5e0"
"backup_dast","aespa_data/db-backups/aespa-2026-07-15-edmanda.db","15","696","","skipped","Verbose server/software version disclosure","c705c7ad1b9d913c9a1f1db3cbdfb041066b5b0ae4ad84e8e5bf77b8adfd7041"
"backup_dast","aespa_data/db-backups/aespa-2026-07-15-edmanda.db","15","697","","confirmed","SQL injection in /api/admin/customers?search= via EXTRACTVALUE error-based extraction","455e07ad14e4d881083f7e521891b7e61b6585d93f00db79fb70c857c61eebed"
"backup_dast","aespa_data/db-backups/aespa-2026-07-15-edmanda.db","15","698","","confirmed","Broken access control on admin endpoints (privileged actions exposed to regular users)","5f93fdd93eb55581e8897c813b7c1e81f2e0aa2dbd755331b1590a33c9112230"
"backup_dast","aespa_data/db-backups/aespa-2026-07-15-edmanda.db","15","699","","confirmed","Verbose Error Messages Disclose Internal Paths and Stack Traces","ba04869f40ecd130531757365de5ae3f4e4e50aee2040297f0e272581ba3d11f"
"backup_dast","aespa_data/db-backups/aespa-2026-07-15-edmanda.db","15","700","","false_positive","Broken Access Control / IDOR exposes user profiles (incl. password_hash and totp_secret)","9b81f40a615a1aad5e796247fa1f3451c9d6e26448ca322938a81e79cffe7903"
"backup_dast","aespa_data/db-backups/aespa-2026-07-15-edmanda.db","15","701","","confirmed","Insecure password storage - newly registered users' passwords hashed with MD5","643245db1300967a0b8a67f3d8221d87663557471c1cc0e220b11dd83cfc5fe7"
"backup_dast","aespa_data/db-backups/aespa-2026-07-15-edmanda.db","15","702","","confirmed","Stored XSS in profile and address book fields","f136826c63b71abf0f861c3ec7632a3a2fcbd1647649426aee264bbc4674b609"
"backup_dast","aespa_data/db-backups/aespa-2026-07-15-edmanda.db","15","703","","confirmed","Overly permissive CORS configuration on API endpoints","7310031b5319aa6828f1cd6838b276b755d2c5d078006590135b639033722606"
"backup_dast","aespa_data/db-backups/aespa-2026-07-15-edmanda.db","15","704","","skipped","Verbose server/software version disclosure","0a0c1f17a03dfa5628d00e819654514c579ee17819cfe684103064d6a350d263"
"backup_dast","aespa_data/db-backups/aespa-2026-07-15-edmanda.db","18","742","","confirmed","Unauthenticated Health Endpoint Exposes JWT Signing Secret and Database Configuration","e0a9ead80a84ab8895f7838cf193331d97d02d4e9dd2cd1f5ef0a633fd2d9d99"
"backup_dast","aespa_data/db-backups/aespa-2026-07-15-edmanda.db","18","743","","confirmed","Profile API Exposes Authentication Internals","975dc52d4910550cd19f29a227ad1d7f151b1f849a6adbdf42dafa2b40990c00"
"backup_dast","aespa_data/db-backups/aespa-2026-07-15-edmanda.db","18","744","","confirmed","Registration Permits One-Character Passwords","fffec8b7bfc0f8d46454e44720fa09ec9bd73543e5663c80c953e6109384935f"
"backup_dast","aespa_data/db-backups/aespa-2026-07-15-edmanda.db","18","745","","confirmed","Login Endpoint Permits Email Address Enumeration","beeb8c9cab8f11c1e7e5539a9a9b37cc4bbe8825f1a39191b68f86e6153ac48b"
"backup_dast","aespa_data/db-backups/aespa-2026-07-15-edmanda.db","18","746","","confirmed","External Transfer Endpoint Bypasses TOTP and Sufficient-Funds Validation","258698060e9b163b9f5c22f32f4d4b55c66dbc8feb0f05bf31eab4899889181a"
"backup_dast","aespa_data/db-backups/aespa-2026-07-15-edmanda.db","18","747","","confirmed","Insufficient Login Rate Limiting and Account Lockout","a0dc7f1a0b51145d48d43b71a567218b81db37454b42c61688e060669eeee318"
"backup_dast","aespa_data/db-backups/aespa-2026-07-15-edmanda.db","18","748","","false_positive","Broken Object-Level Authorization Exposes Other Customers' Transactions","1caf2223c8c849c8e075d774e41901cbd807153ddaca108cb77b0d3c2d58b544"
"backup_dast","aespa_data/db-backups/aespa-2026-07-15-edmanda.db","18","749","","unconfirmed","Broken Object-Level Authorization Allows Unauthorized External Account Debits","6010827d141ce5f7b27be702a10ee57ea47e661c36fab938ee56609ccc9046e6"
"backup_dast","aespa_data/db-backups/aespa-2026-07-15-edmanda.db","18","751","","confirmed","External Transfer Endpoint Allows Duplicate Concurrent Submissions","94ce1bb0e239616215da1ce6b1ab40f2d8064d4b326529640bb9bdfa48e69c79"
"backup_dast","aespa_data/db-backups/aespa-2026-07-15-edmanda.db","18","752","","confirmed","API reflects arbitrary CORS origins for sensitive authenticated responses","6bb667a7acda801738238be5073e37ce52155d038259f7fa5d7ebf754262e6b2"
"backup_dast","aespa_data/db-backups/aespa-2026-07-15-edmanda.db","18","753","","confirmed","Missing Browser Security Headers and Apache Version Disclosure","bc10e386a21ac585fabd3e8c5fbeef70807f48e5de9872f199fdee9b38063f8b"
"backup_dast","aespa_data/db-backups/aespa-2026-07-15-edmanda.db","18","756","","confirmed","Sensitive data exposed in API response","af5f6229a122ecb4f615a3211de7a606bbc31152728ced93142ebb7568f3389c"
"backup_dast","aespa_data/db-backups/aespa-2026-07-15-edmanda.db","18","757","","confirmed","Sensitive data exposed in API response","e48b0a78261fc61c2e6b2edd6d29445a4a65e8034adf529b53321792ff9be237"
"backup_dast","aespa_data/db-backups/aespa-2026-07-15-edmanda.db","18","758","","confirmed","Unauthorized role access to admin endpoint","89c9755b69ac557b76fe7f22ad8d602eb80d01b06cfab9b6270dcd5bfedd687e"
"backup_dast","aespa_data/db-backups/aespa-2026-07-15-edmanda.db","18","759","","confirmed","Unauthorized role access to admin endpoint","848195583de7973ce687b3e2e19a6b13ceae45d5cc106b6b91b14a9ea1047cb9"
"backup_dast","aespa_data/db-backups/aespa-2026-07-15-edmanda.db","18","767","","confirmed","Unauthorized role access to admin endpoint","f6e19a8ff418fe8db080bdb3eeb3e5959bca95a9886a01a6f24fd83d74317c85"
"backup_dast","aespa_data/db-backups/aespa-2026-07-15-edmanda.db","18","768","","confirmed","Unauthorized role access to admin endpoint","01004e4d462d2469cb4787239d57cab21687e02f39955e4ea8378e14111acafc"
"backup_dast","aespa_data/db-backups/aespa-2026-07-15-edmanda.db","18","769","","confirmed","Avatar URL Import Permits SSRF to Loopback Services and Returns Response Content","a9393dc31665a20ec30156fb3508c24943136b563011416fb0d423647cd8448a"
"backup_dast","aespa_data/db-backups/aespa-2026-07-15-edmanda.db","18","772","","confirmed","Administrative interface accessible with default credentials","22f5e839f689683d99e3aa05c088a880d6b076ccbaf56f67176b991cfd287b65"
"backup_dast","aespa_data/db-backups/aespa-2026-07-15-edmanda.db","18","773","","confirmed","Administrative credentials and bearer tokens transmitted over cleartext HTTP","1107fb30daffeb77cd1325823b6d838953a3f40b59ed5da3ff2049973d9cb0e4"
"backup_dast","aespa_data/db-backups/aespa-2026-07-15-edmanda.db","18","774","","confirmed","Authenticated Error-Based SQL Injection in Transaction Sort Parameter","0a74944ff2d23be37cf60e23f5a747242635ba53b9090897f0a668690686614d"
"backup_dast","aespa_data/db-backups/aespa-2026-07-15-edmanda.db","18","782","","confirmed","Insufficient Rate Limiting on Administrative Login","33d9b44b5d8b0a0b8ebc386c1f5774dedcedbc2dd4e087f42f589cffcb12201d"
"backup_dast","aespa_data/db-backups/aespa-2026-07-15-edmanda.db","18","783","","confirmed","Hardcoded JWT Signing Secret Enables Authentication Bypass","12a8a7d14e27b100076cd8e394da10d21c97787134dcc8c3a523e02adfc36480"
"backup_dast","aespa_data/db-backups/aespa-2026-07-15-edmanda.db","18","784","","confirmed","Unrestricted Self-Issued Loans Credit Arbitrary Funds","2fef9d04a358c06eb579ab5342d972173c1ef880ca514ace8530100d7e17f1d0"
"backup_dast","aespa_data/db-backups/aespa-2026-07-15-edmanda.db","18","785","","unconfirmed","Own-Account Transfers Bypass Loan Credit Limits and TOTP Authorization","23c08dfd6ac4d8bba317c62dadd88bd543e5645c07b9735b0cc1b2c4a490b7a8"
"backup_dast","aespa_data/db-backups/aespa-2026-07-15-edmanda.db","18","786","","false_positive","Administrative Endpoint Allows Unrestricted Balance Modification","961a0d275baf4207b9b1a550ee21a3cee24000013429c570ec85eddfb9048b73"
"backup_dast","aespa_data/db-backups/aespa-2026-07-15-edmanda.db","18","787","","confirmed","Authenticated SQL Injection in Administrative Customer Search","1516cbf64a9d69bfed171f3a99357e87929791e4828a7fe90f08d0f7363b8eda"
"backup_dast","aespa_data/db-backups/aespa-2026-07-15-edmanda.db","18","789","","confirmed","Sensitive data exposed in API response","0ebefb58023e364ec943d5e4cecd5dcc504ea39e8d244981d2001a74dfacd3c2"
"backup_dast","aespa_data/db-backups/aespa-2026-07-15-edmanda.db","18","790","","confirmed","Stored DOM XSS in Transfer Payee Dropdown","d6488259521681f3fddb9e0ecafe3ff8ca54d7aafa241a3da51e644d0cd1ca16"
"backup_dast","aespa_data/db-backups/aespa-2026-07-15-edmanda.db","19","791","","confirmed","Unauthenticated Health Endpoint Exposes JWT Signing Secret and Database Configuration","7e999a166c4cbbf0dd938db5e084d0826324d8af7e176d47e32a407ec59c2677"
"backup_dast","aespa_data/db-backups/aespa-2026-07-15-edmanda.db","19","792","","unconfirmed","Unauthenticated Admin Export API Exposes Customer and Banking Records","01ed9a490dbbbd26acf3140739f31c2a19d48625c145e3058878f9269732adfe"
"backup_dast","aespa_data/db-backups/aespa-2026-07-15-edmanda.db","19","793","","confirmed","API error responses expose stack traces and filesystem paths","6f607a84e61828267f653c0f254abc0103c1aa9f97b26892bcf792a4641ae5b3"
"backup_dast","aespa_data/db-backups/aespa-2026-07-15-edmanda.db","19","794","","confirmed","JWT signature validation bypass permits arbitrary account impersonation","d74c6ce599c6cba666dc6f541f946b266c522ab9fb8fbeceb13dd1f479b0f261"
"backup_dast","aespa_data/db-backups/aespa-2026-07-15-edmanda.db","19","795","","confirmed","Profile API Exposes Password Hash","30a9e06bd7fc921871b64fe40423c3bd49cc9a8aa7c63068813a2ab27c146687"
"backup_dast","aespa_data/db-backups/aespa-2026-07-15-edmanda.db","19","796","","unconfirmed","Transaction Detail API Allows Cross-Customer Access","b505001977a6b6dd1035ee512b28b86d45f36b487fc8916dcf941fdfa49fc289"
"backup_dast","aespa_data/db-backups/aespa-2026-07-15-edmanda.db","19","797","","unconfirmed","Profile Update API Allows Cross-Customer Modification","3cfb27bf599efb325746ad0b28bab414fdc12cd126758bea69f3041894e51d54"
"backup_dast","aespa_data/db-backups/aespa-2026-07-15-edmanda.db","19","798","","confirmed","Health Endpoint Reflects Arbitrary Origins and Exposes Sensitive Configuration","ff6dc8c62906c1f61c455af4978db253193c5356dd7f15098d4b86129ebf79c4"
"backup_dast","aespa_data/db-backups/aespa-2026-07-15-edmanda.db","19","799","","confirmed","SQL Injection in Transaction Sort Parameter","73efd0b04e5c063f2d26798382119e147224013b86e840eafd03420bddaf7ff8"
"backup_dast","aespa_data/db-backups/aespa-2026-07-15-edmanda.db","19","800","","confirmed","Stored Cross-Site Scripting in Own-Transfer Descriptions","935d3e065e18813d2100bf2f0f0a53aad008a54957cba3fa5c963691de767781"
"backup_dast","aespa_data/db-backups/aespa-2026-07-15-edmanda.db","19","801","","confirmed","External transfers complete without required TOTP verification","e284da718cc56f09e77335716aefdaf6481b8794f424dfc50ad10a0bd59c3e82"
"backup_dast","aespa_data/db-backups/aespa-2026-07-15-edmanda.db","19","802","","unconfirmed","External Transfer API Permits Debiting Other Customers' Accounts","ec649eb36686343c6948d7833835d375dfd30102d8938a7a1fd41b98f5f04e1d"
"backup_dast","aespa_data/db-backups/aespa-2026-07-15-edmanda.db","19","803","","confirmed","External transfers permitted from an overdrawn loan account","7ae48295444d236116f0139fc151937b39228f919d97bc2a78330879536d3ef4"
"backup_dast","aespa_data/db-backups/aespa-2026-07-15-edmanda.db","19","804","","confirmed","Sensitive data exposed in API response","8381971c1599370a351662ba82c06c313014b28155a561ff4d78b78c83fdb015"
"backup_dast","aespa_data/db-backups/aespa-2026-07-15-edmanda.db","19","805","","confirmed","Sensitive data exposed in API response","05986af14fc6a70c84e1e8d05dc3e1f162deb12225bb6587f95aa1be2680eb05"
"backup_dast","aespa_data/db-backups/aespa-2026-07-15-edmanda.db","19","806","","confirmed","Sensitive data exposed in API response","94728aa5255ea8191f68e877bc52ecfe77867d8d1a6bc42690359cf891eeec01"
"backup_dast","aespa_data/db-backups/aespa-2026-07-15-edmanda.db","19","807","","confirmed","Sensitive data exposed in API response","104a2cb9538533415f897cc909e65482a5e83b08da9aef612ac0f911678dea95"
"backup_dast","aespa_data/db-backups/aespa-2026-07-15-edmanda.db","19","808","","confirmed","SQL Injection in Transaction Sort Parameter","d0a5b7d92f82eaa8716d2350e13894e1e17d3cbb0a3336ce663b14ab309670d0"
"backup_dast","aespa_data/db-backups/aespa-2026-07-15-edmanda.db","19","809","","confirmed","JWT signature validation bypass permits arbitrary account impersonation","ac36beca3dc5241da0ec9c08f11837b118a5f4d4c9683b54d4c963ad96159b96"
"backup_dast","aespa_data/db-backups/aespa-2026-07-15-edmanda.db","19","810","","confirmed","Server-side request forgery through avatar URL fetch","655fb849f8a8a9569d094e2f0ccdcab23062f1ecdee717064ecaed7e539b1590"
"backup_dast","aespa_data/db-backups/aespa-2026-07-15-edmanda.db","19","811","","confirmed","Weak passwords accepted during registration","142b19b28ab5151cc9385bf23f82798c993846849b850997ea4c1aa618b01f3a"
"backup_dast","aespa_data/db-backups/aespa-2026-07-15-edmanda.db","19","812","","confirmed","Unauthenticated access to protected endpoint","174a8e8971144f9455aea394677878c7e646707245964b8d615b266535a9d510"
"backup_dast","aespa_data/db-backups/aespa-2026-07-15-edmanda.db","19","813","","confirmed","Unauthorized role access to admin endpoint","54cdac282bb704a0d6dd2fac45333492e862adf2bf9261ac3fbbb7065a88003a"
"backup_dast","aespa_data/db-backups/aespa-2026-07-15-edmanda.db","19","814","","confirmed","Server-Side Request Forgery in Avatar URL Import","080a37445924f2657385b51ddc778f51766b56eeb3eeb31f4b79d2797debbf40"
"backup_dast","aespa_data/db-backups/aespa-2026-07-15-edmanda.db","19","815","","confirmed","Registration Stores Passwords Using Unsalted MD5 Hashes","6260c43c8a5b815f5fe3dd24a00ea7d8425add5dfb301f2631f48caad6ca893e"
"backup_dast","aespa_data/db-backups/aespa-2026-07-15-edmanda.db","19","816","","confirmed","Registration accepts one-character passwords","05363dd2f3813a93b98badc2880d61fcadedff921e0248e307f4f43237d15a14"
"backup_dast","aespa_data/db-backups/aespa-2026-07-15-edmanda.db","19","817","","skipped","Web server version disclosed in response headers","e641967c535fb8e860f703c98e5eeb2c2e56d9b299bb971d2b82270a403a2e13"
"backup_dast","aespa_data/db-backups/aespa-2026-07-15-edmanda.db","20","820","","confirmed","Unauthenticated /api/health endpoint discloses JWT signing secret and database configuration","e5d1ab8c21ab18d798a9bed0b27d80e8b5eba16fd927d39f52ce671e12dffd09"
"backup_dast","aespa_data/db-backups/aespa-2026-07-15-edmanda.db","20","822","","confirmed","JWT Signature Not Verified - Forged Token Enables Full Account Impersonation","85c321b26f7306578cdb8ee562abdc1988ecc6fc898904d3bb3847f642881056"
"backup_dast","aespa_data/db-backups/aespa-2026-07-15-edmanda.db","20","823","","confirmed","Sensitive credential material (password hash and TOTP secret) exposed in /api/profile response","4e8d36d2070fcf1ea4d12752f1be6e639940e0c78f47fc415864daa825e1a81c"
"backup_dast","aespa_data/db-backups/aespa-2026-07-15-edmanda.db","20","824","","confirmed","Verbose Error Handling Discloses Stack Traces and Filesystem Paths","838d9378db3c889a0a09de1ed0948455586da86cfa860149917b26c5be578161"
"backup_dast","aespa_data/db-backups/aespa-2026-07-15-edmanda.db","20","825","","false_positive","Broken Object Level Authorization in PUT /api/profile Allows Modification of Arbitrary User Profiles","53d824cde63ae8daefc1687feeb4478bff6963eeed786c49f4ab3702841904ef"
"backup_dast","aespa_data/db-backups/aespa-2026-07-15-edmanda.db","20","826","","confirmed","SQL Injection via ORDER BY sort parameter in /api/transactions","ea804ff4bd21915961ef9e256330d1e37f937fa6fe230079581a3900547dc730"
"backup_dast","aespa_data/db-backups/aespa-2026-07-15-edmanda.db","20","827","","false_positive","Broken Object Level Authorization in GET /api/transactions/{id} Exposes Other Customers' Transaction Details","8afd8922af4489b0965dafa7fc9dbece1f7c2d0903ff514cd19ed94c5e60f3fe"
"backup_dast","aespa_data/db-backups/aespa-2026-07-15-edmanda.db","20","828","","unconfirmed","IDOR: External Transfer Debits Any Customer's Account (from_account_id Not Ownership-Checked)","42f357df81e3cbf7340e90d7d71b1413430b1b5c995885abebad63c054f065bc"
"backup_dast","aespa_data/db-backups/aespa-2026-07-15-edmanda.db","20","829","","confirmed","External Transfer Missing Balance Validation Allows Unlimited Overdraft","3e70b1ecbeda33cb5b5366e35c54fbcbd6e8b98cd35b2859b773dd87efbffdda"
"backup_dast","aespa_data/db-backups/aespa-2026-07-15-edmanda.db","20","830","","confirmed","Server-Side TOTP Step-Up Enforcement Bypassed on External Transfers","500169e6e827fd57e5a21c37a7abfbfab5fd98cd50d4850dee3028391b4d8229"
"backup_dast","aespa_data/db-backups/aespa-2026-07-15-edmanda.db","20","831","","confirmed","Full-Read Server-Side Request Forgery (SSRF) in Avatar URL Fetch with Private-IP Filter Bypass","ff8759a51aa297845305dd9a99e886991001393785017781e5238b2de1a43c40"
"backup_dast","aespa_data/db-backups/aespa-2026-07-15-edmanda.db","20","832","","confirmed","Passwords Stored as Unsalted MD5 and Disclosed in API Responses","ee71959ab7ccbcf3e43050c069965ba906daa485976aee55bdd0f535854b0695"
"backup_dast","aespa_data/db-backups/aespa-2026-07-15-edmanda.db","20","833","","confirmed","Weak Password Policy: Single-Character Passwords Accepted at Registration","a95a452fcfa4ec16821049998007c11bab5dcab6bff3f7c3f375eda6bcea886c"
"backup_dast","aespa_data/db-backups/aespa-2026-07-15-edmanda.db","20","834","","confirmed","SQL Injection in Admin Customer Search Parameter (/api/admin/customers)","5967cbbd32db870e522dd8f6ec0d835cd4feb0ab40345d3629a0415785a4c7ee"
"backup_dast","aespa_data/db-backups/aespa-2026-07-15-edmanda.db","20","835","","confirmed","Stored Cross-Site Scripting via Transfer Description Field","16e1fc19c8d0880294d83774d6bb056fb4baff737ead02ab9f1409d09c47a206"
"backup_dast","aespa_data/db-backups/aespa-2026-07-15-edmanda.db","20","836","","confirmed","Permissive CORS: Arbitrary Origin Reflected with Credentials on Authenticated Profile API","62dca47af4d28c084ef8ef56f01bb2ebc65137d44bf1de17a6b1542134e4810c"
"backup_dast","aespa_data/db-backups/aespa-2026-07-15-edmanda.db","20","837","","confirmed","Missing Rate-Limiting and Account Lockout on Login Endpoint","197fd8fc1cfd31b6ab78e8b0628b46900d9ea0109df1113d340edc6d099a2b01"
"backup_dast","aespa_data/db-backups/aespa-2026-07-15-edmanda.db","20","845","","confirmed","Default admin credentials accepted","74adde5f3ff5f72b63bcbd0e3aa94ca0e4f7140b3f1ee70435eacf342250f9ef"
"backup_dast","aespa_data/db-backups/aespa-2026-07-15-edmanda.db","20","850","","unvalidated","Unauthenticated Admin User Export Exposes Password Hashes, TOTP Secrets, and PII","6a942c68305e669c94da84f72707ba2dcc3365dba6c2a95c379b2efd579a7aec"
"backup_dast","aespa_data/db-backups/aespa-2026-07-15-edmanda.db","21","851","","confirmed","Unauthenticated access to protected endpoint","f99d0f60aacdba32bcbb6098e912b344715ea24d0c3b4868df75657e149d0fdc"
"backup_dast","aespa_data/db-backups/aespa-2026-07-15-edmanda.db","21","852","","confirmed","Unauthorized role access to admin endpoint","7a1c5c320f8116cbabb21a69dddec1a1695528e95257f082dfbe6bbeea34f9ee"
"backup_dast","aespa_data/db-backups/aespa-2026-07-15-edmanda.db","21","853","","confirmed","Unauthenticated Health Endpoint Exposes JWT Signing Secret and Database Configuration","65f2415a7545a52e794b1c50a220a8a966a2b33e978571398bd0268d4785b273"
"backup_dast","aespa_data/db-backups/aespa-2026-07-15-edmanda.db","21","854","","confirmed","Unhandled API exceptions disclose full stack traces and filesystem paths","5229828ecda4566502d3a62b56472ac501e64a7c52ed5887efd3ad32826ad585"
"backup_dast","aespa_data/db-backups/aespa-2026-07-15-edmanda.db","21","855","","confirmed","Unauthenticated full banking database export","d6efc135e8de69440f31ac0b19796ff8cc4944f551820505b8c5e567d577c896"
"backup_dast","aespa_data/db-backups/aespa-2026-07-15-edmanda.db","21","856","","confirmed","JWT signature verification bypass enables arbitrary customer impersonation","e8b821b726e834a49a3bb52949edf5263e6efc2fcd80a1d1d25faff24441c0c5"
"backup_dast","aespa_data/db-backups/aespa-2026-07-15-edmanda.db","21","857","","confirmed","Profile API discloses password hashes and TOTP secrets","4ba9d9e88fbcae00c0cee431b61c224099ef328f8a9f0fa8af0e5aa5a7aa7217"
"backup_dast","aespa_data/db-backups/aespa-2026-07-15-edmanda.db","21","858","","unconfirmed","Transaction Detail Endpoint Exposes Other Customers' Transactions","34d5d6de111b70f9ee475041e99ec26f1f863ef01c1f93ed0d3606f6008af695"
"backup_dast","aespa_data/db-backups/aespa-2026-07-15-edmanda.db","21","859","","confirmed","SQL Injection in Transaction Sort Parameter","c9a39b2a6081ad68ac4630a5e3ee5a47ce481d8d06bb4f54d0f755428fcbd233"
"backup_dast","aespa_data/db-backups/aespa-2026-07-15-edmanda.db","21","860","","confirmed","Registration Permits One-Character Passwords","ad158440f7f04d00ebddb1a8479e34a660abe4eeb6c3119f1eab98e641a8a6e7"
"backup_dast","aespa_data/db-backups/aespa-2026-07-15-edmanda.db","21","861","","confirmed","Passwords Stored Using Unsalted MD5","208a0e52aff0fac62a4516f343d0061f15ac379652e01633308d192bf4c6fdda"
"backup_dast","aespa_data/db-backups/aespa-2026-07-15-edmanda.db","21","862","","confirmed","Server-Side Request Forgery in Avatar Import","43adad45654a4d304e2d9fe4c0aec14bf6bc535b29ffe1e2fc6d7f5803466a3c"
"backup_dast","aespa_data/db-backups/aespa-2026-07-15-edmanda.db","21","863","","confirmed","Arbitrary server-side URL fetch in avatar import","bd477fb8288e62f3ce346932ca368d6e39cfb2058a3eea77d69b5a2296092b18"
"backup_dast","aespa_data/db-backups/aespa-2026-07-15-edmanda.db","21","864","","confirmed","Login Endpoint Permits Repeated Failed Authentication Attempts","d91775f432c4399dbc08e83c54ad24b28039f1433a8e92bb6cce48f910cd1f60"
"backup_dast","aespa_data/db-backups/aespa-2026-07-15-edmanda.db","21","865","","false_positive","Profile Update Endpoint Allows Modification of Arbitrary Users","b7183fc55645bdf0b63a6aeea038b0f4383d802bd244da4c415f9e57bc3ab8ad"
"backup_dast","aespa_data/db-backups/aespa-2026-07-15-edmanda.db","21","866","","unconfirmed","External Transfer Endpoint Allows Transfers from Arbitrary User Accounts","5cbda5226e0a8e64521180ab7f6c4839333c0aea21b70adfd2b9486032122ed8"
"backup_dast","aespa_data/db-backups/aespa-2026-07-15-edmanda.db","21","867","","confirmed","External transfer bypasses declared TOTP requirement when code is omitted","1cebe9c596f58a27979381891e0bf9674e03c99f817364b256d9611a8f51a226"
"backup_dast","aespa_data/db-backups/aespa-2026-07-15-edmanda.db","21","868","","confirmed","Profile update BOLA via attacker-supplied user_id","3a7836999709ffc7d1c448b1cbfbb85d09d7b8074bfcd7ea5ebc09435f2f9e81"
"backup_dast","aespa_data/db-backups/aespa-2026-07-15-edmanda.db","21","869","","confirmed","IDOR allows external transfers from any customer's account","be19a5e13d978d1428456ec37881efb89ffb7c706163fad04ee2766ca2c46cb0"
"backup_dast","aespa_data/db-backups/aespa-2026-07-15-edmanda.db","21","870","","confirmed","TOTP requirement is bypassed by omitting the code","42af49aab5e061b9cbb54a977742144cc7d7d97289fdb9c9f62dea44eb476a99"
"backup_dast","aespa_data/db-backups/aespa-2026-07-15-edmanda.db","21","871","","confirmed","External Transfers Permit Unlimited Overdrafts","27f90d8580e93c2679a6a4ed3ce3b34c619f30f6c492464e91e8aeb943574d0d"
"backup_dast","aespa_data/db-backups/aespa-2026-07-15-edmanda.db","21","872","","confirmed","External transfer endpoint permits unlimited overdrafts","c23f8063310cec26daf73df5ac9b7646046b6d24ce267821b87497f2612b33d0"
"backup_dast","aespa_data/db-backups/aespa-2026-07-15-edmanda.db","21","873","","confirmed","Login Error Responses Allow Email Address Enumeration","d21dfc3e1c3176a0b17e5d806d12a6afc31209bb85539341c7b95013e9cf80ac"
"backup_dast","aespa_data/db-backups/aespa-2026-07-15-edmanda.db","21","874","","confirmed","SQL Injection in Administrative Customer Search Parameter","24208498b6da3cbf504e89424e01886fbcd4de870d5e3543185f07f9bec60f2c"
"backup_dast","aespa_data/db-backups/aespa-2026-07-15-edmanda.db","21","875","","confirmed","SQL injection in admin customer search","81ec835e54e64ecf29e3aef85d5218f944da3fa717eea3aa1e7d04e9ddbce269"
"backup_dast","aespa_data/db-backups/aespa-2026-07-15-edmanda.db","21","876","","confirmed","Stored Cross-Site Scripting in Transfer Descriptions","3c8b18aaae627d9cd3259b6eea3e99914f989f1848f7e6a893ff6ed4bfa26c75"
"backup_dast","aespa_data/db-backups/aespa-2026-07-15-edmanda.db","21","877","","confirmed","Stored XSS through transfer description in banking transaction views","aa5841a0df8352280fbde8c698ae1e1c7ac1576ae3475de8ee24b89ec453e869"
"backup_dast","aespa_data/db-backups/aespa-2026-07-15-edmanda.db","21","878","","confirmed","Sensitive data exposed in API response","0ce43f20592369efab77903bd562e68736fa10ae935e1dc489ff8da1a47df19c"
"backup_dast","aespa_data/db-backups/aespa-2026-07-15-edmanda.db","21","879","","confirmed","Sensitive data exposed in API response","8bb41711a277cbeb970367be4d22e6755639ed19f3cc9ab6d3509a982474245d"
"backup_dast","aespa_data/db-backups/aespa-2026-07-15-edmanda.db","21","880","","confirmed","Sensitive data exposed in API response","1f23e7f48862194286aba37fe318ee4d11af16ea3e3681eb79128d58859e9fd0"
"backup_dast","aespa_data/db-backups/aespa-2026-07-15-edmanda.db","21","881","","confirmed","Sensitive data exposed in API response","d3b221429b73c58ea2b44d83087e43614a744b3890045182b8249852edbc2bae"
"backup_dast","aespa_data/db-backups/aespa-2026-07-15-edmanda.db","21","882","","confirmed","Invalidly signed JWT accepted for authenticated state-changing operations","586ae80f7350ff2adfbbbfe95ab89d341fc913818cc5d5da3e692b39a7391b85"
"backup_dast","aespa_data/db-backups/aespa-2026-07-15-edmanda.db","21","883","","confirmed","Production health endpoint discloses the JWT signing secret","934424e76a2559c3a87d9df2546789ecdb5e293eb2f605349835cec7411f7c42"
"backup_dast","aespa_data/db-backups/aespa-2026-07-15-edmanda.db","21","884","","unconfirmed","Unauthenticated administrative user export exposes all customer records","d7cba3e5c040cbe658f4a545f0f5674394ec8f0a4023a991c76b08d5c7490a1f"
"backup_dast","aespa_data/db-backups/aespa-2026-07-15-edmanda.db","21","885","","confirmed","Authenticated SSRF in remote avatar retrieval","5a023d379507f184366727e6734368d2f8d8c36c4293f27cc2a6874fa474dad1"
"backup_dast","aespa_data/db-backups/aespa-2026-07-15-edmanda.db","21","886","","unconfirmed","Unauthorized transfer from another user's account with TOTP bypass","c361801b79108937396e97c851a18bfd2f370a24dd3e7482d60105fab7c4286b"
"backup_dast","aespa_data/db-backups/aespa-2026-07-15-edmanda.db","21","887","","false_positive","Profile update accepts a client-supplied user ID","3072197ed0804fd391c502701515705193e37c7fd3fac9effad518058bbd150e"
"backup_dast","aespa_data/db-backups/aespa-2026-07-15-edmanda.db","21","888","","unconfirmed","Transaction endpoint exposes another user's transaction by ID","f12e455d7ebf5e40edb54f9df651643f29e158f1dd71bf513256b3c75362282f"
"backup_dast","aespa_data/db-backups/aespa-2026-07-15-edmanda.db","21","889","","confirmed","Arbitrary CORS origin allowed on sensitive authenticated responses","f4585cfc1bdce96ebb20f8f7e84b5ab588bb8ecd039166209d030d642475bc27"
"backup_dast","aespa_data/db-backups/aespa-2026-07-15-edmanda.db","21","890","","confirmed","Production API exposes verbose exception details and stack traces","80ac01077ffbdd1adb22798aa2b5b4f96b320206622b570c1040b38464003ba2"
"backup_dast","aespa_data/db-backups/aespa-2026-07-15-edmanda.db","21","891","","unconfirmed","JWT signature validation bypass permits unauthorized banking operations","9a9710d2dd063c2c27fc71453b6f7dd6640c85f5a0a8469d5d628e1cfdf65985"
"backup_dast","aespa_data/db-backups/aespa-2026-07-15-edmanda.db","21","892","","confirmed","Transfers can exceed the available account balance","5d506c6876be1908fd4ee391bf5210788a3840a2892957f7694e9bc9caa0f0a1"
"backup_dast","aespa_data/db-backups/aespa-2026-07-15-edmanda.db","21","893","","confirmed","Banking credentials and sessions transmitted over unencrypted HTTP","6538294fc90bef48d1365b746421e0dbf32d87c47502f819b0af66a98dcba504"
"backup_dast","aespa_data/db-backups/aespa-2026-07-15-edmanda.db","21","894","","confirmed","SQL injection in administrative customer search","f56735ce3d7797e0f4c3b7a4671027b7331c9aff4a3ab1222774c741e33aefe4"
"backup_dast","aespa_data/db-backups/aespa-2026-07-15-edmanda.db","21","895","","confirmed","Stored cross-site scripting in transfer descriptions","9d884ccfc9027642de0c7cc62a71bd33159d5e4bfc5ac8b2868bce6d1e476368"
"backup_dast","aespa_data/db-backups/aespa-2026-07-15-edmanda.db","21","896","","confirmed","Login response enables user enumeration","891eed43dbf94eeb353e60cb417c16b212afaddb0583e8aa4065d2e3631759a7"
"backup_dast","aespa_data/db-backups/aespa-2026-07-15-edmanda.db","21","897","","confirmed","Verbose database exceptions disclose internal implementation details","136b452b5c93cbec8a91bfd50f8b49c3b09c319756825a8b2d0b6220d6da7a53"
"backup_dast","aespa_data/db-backups/aespa-2026-07-15-edmanda.db","21","898","","skipped","Web server version disclosed in HTTP headers","4eb906f85d79b0829cb375735254a466413894a2d847291c7a8e4795624cf162"
"export_sast","docs/results/BankOfEd/boe-grok-4-6-sast-deep-2026-09-27.md","","1","","confirmed","Customer JWT signatures are never verified","a59eae24da94c540e1c0f2ad6dbd8f026a8fcc5bbc531c7365f1ccf496d2cbd5"
"export_sast","docs/results/BankOfEd/boe-grok-4-6-sast-deep-2026-09-27.md","","2","","confirmed","Hardcoded admin JWT secret allows forging admin tokens","68a575abbe8adb9adeb996d587fc85f524ae593ed638cc10c946e4f13a9c1383"
"export_sast","docs/results/BankOfEd/boe-grok-4-6-sast-deep-2026-09-27.md","","3","","confirmed","Unauthenticated /api/health leaks JWT secret and DB identity","ff3bb48306c5f96e45d7cbaa12c8a883f4cb105d30e3359719ab2eb0e4d419ec"
"export_sast","docs/results/BankOfEd/boe-grok-4-6-sast-deep-2026-09-27.md","","4","","confirmed","Hardcoded machine token authenticates payment APIs","7a0c9bcbfdb8cd28aa4a9d31412a0c2a8758e72921139875e65e0328412a8b2b"
"export_sast","docs/results/BankOfEd/boe-grok-4-6-sast-deep-2026-09-27.md","","5","","confirmed","Unauthenticated admin export dumps all banking data","8813e77db59216af16ecfb6974875378fb62aede123d7963bb06999abe4d1c73"
"export_sast","docs/results/BankOfEd/boe-grok-4-6-sast-deep-2026-09-27.md","","6","","confirmed","Profile update accepts attacker-controlled user_id (IDOR)","3ac33678ef69230185787499591aec0144e5341f2be68939f8f125ee13b702b6"
"export_sast","docs/results/BankOfEd/boe-grok-4-6-sast-deep-2026-09-27.md","","7","","confirmed","Transaction show has no ownership check","05377298dc3a7109324da4281d2a64b79f0f3e096fdd796a2c0bbef5dcdc151b"
"export_sast","docs/results/BankOfEd/boe-grok-4-6-sast-deep-2026-09-27.md","","8","","confirmed","Hardcoded insurance SSO HMAC secret","3cf5f2fb4ee821ec0980d58dc22e8471d4ea7b39b194f444fa7845c2392544c8"
"export_sast","docs/results/BankOfEd/boe-grok-4-6-sast-deep-2026-09-27.md","","9","","confirmed","User API responses include password_hash and totp_secret","4202c355d1adc56e9b8504f192f51d59effd05fc5e4959bbe10294bdcb0ab999"
"export_sast","docs/results/BankOfEd/boe-grok-4-6-sast-deep-2026-09-27.md","","10","","confirmed","Unauthenticated /api/health leaks JWT secret and database credentials","8428b21dc2f9ef51da4ae4f1456c6f9cd1dd77cddf2a224d1424fc3cbb6d1e78"
"export_sast","docs/results/BankOfEd/boe-grok-4-6-sast-deep-2026-09-27.md","","11","","confirmed","JWT authentication accepts unsigned/forged tokens","d672e3ae7718f2d346503d98ad072e767a481b87bccab6ce18d3c3256c993134"
"export_sast","docs/results/BankOfEd/boe-grok-4-6-sast-deep-2026-09-27.md","","12","","confirmed","Profile update IDOR via user_id allows mutating other customers","4f11dc71d0ac2c83f16013ecb5ee1f29aff9f603ae424c7bb305a500872eec46"
"export_sast","docs/results/BankOfEd/boe-grok-4-6-sast-deep-2026-09-27.md","","13","","confirmed","Transaction detail endpoint lacks ownership check","09ab0109c2e08b0176c6d27f49c8c23a98c4f8968056b3ad230ae7b1f6bbc025"
"export_sast","docs/results/BankOfEd/boe-grok-4-6-sast-deep-2026-09-27.md","","14","","confirmed","External transfer IDOR lets any user debit another customer's account","f8278219c502389b8b0e70a06365f7e309c880c56a3a43efa18585460543a702"
"export_sast","docs/results/BankOfEd/boe-grok-4-6-sast-deep-2026-09-27.md","","15","","confirmed","Unauthenticated admin export dumps all users, accounts, and transactions","25f25ae821fd9fdc410725644415941d348898b20952a3ecc8284d4f66f1f99e"
"export_sast","docs/results/BankOfEd/boe-grok-4-6-sast-deep-2026-09-27.md","","16","","confirmed","Auth and profile APIs return password hashes and TOTP secrets","ecaa546194e5f9beea4f9c6efd0a6d966aed59b4cadc09ca9b26114602312a8b"
"export_sast","docs/results/BankOfEd/boe-grok-4-6-sast-deep-2026-09-27.md","","17","","confirmed","Login issues JWT without verifying TOTP even when 2FA is enabled","20b95bb241000b6226d9fc659d5d3bd8beb55d9ad9c047f51f75aca3c4b6cfb2"
"export_sast","docs/results/BankOfEd/boe-grok-4-6-sast-deep-2026-09-27.md","","18","","confirmed","Hardcoded machine token fallback authenticates payment APIs","9a77b7f741994f7942e99ff323f9d3b15aa776d30ba1e20f828f63e431c16965"
"export_sast","docs/results/BankOfEd/boe-grok-4-6-sast-deep-2026-09-27.md","","19","","confirmed","Unauthenticated /api/health leaks JWT secret and database credentials","342fba001c8a39b432271aeb06164cb2c4e3197f052db54a8a9563082f98a6e0"
"export_sast","docs/results/BankOfEd/boe-grok-4-6-sast-deep-2026-09-27.md","","20","","confirmed","Customer JWT signatures are never verified","0354afe2dd8298c4de9b1ee960f798b217f4daedaa9cbff4a6c7d2eec67b9141"
"export_sast","docs/results/BankOfEd/boe-grok-4-6-sast-deep-2026-09-27.md","","21","","confirmed","External transfers debit any source account without ownership check","2e2d1628e6143536bfe14ffb85bcf030f5f7fb3885345a01cf7380424a6de5b9"
"export_sast","docs/results/BankOfEd/boe-grok-4-6-sast-deep-2026-09-27.md","","22","","confirmed","External transfers skip balance checks allowing unlimited overdraft","e3a9a19f80bf4fbecf215e2e6252e7f2452d79fc829cd45e3102a5b0d91da49d"
"export_sast","docs/results/BankOfEd/boe-grok-4-6-sast-deep-2026-09-27.md","","23","","confirmed","TOTP step-up on external transfers can be skipped","5cea0ec3bdd0adb742ea8d9f965fb9ce49ec4adcd46b81f40ffc222571def297"
"export_sast","docs/results/BankOfEd/boe-grok-4-6-sast-deep-2026-09-27.md","","24","","confirmed","GET /api/transactions/{id} returns any customer's transaction","1d3d802a77d55805d86b41c01c75fab6d9652ebb168278678eba9acb46b69f4c"
"export_sast","docs/results/BankOfEd/boe-grok-4-6-sast-deep-2026-09-27.md","","25","","confirmed","Stored XSS in admin customer Delete handler via HTML-entity decoding","11a8342fd369771562f2760db02a8983ae0b400459da67ecb763fdaac3e11710"
"export_sast","docs/results/BankOfEd/boe-grok-4-6-sast-deep-2026-09-27.md","","26","","confirmed","Stored XSS in admin accounts table via account_name onclick","aee793584f8628e2ae6ad09a7597397d26b4b1a0e856fa502ea82bc62bfaa518"
"export_sast","docs/results/BankOfEd/boe-grok-4-6-sast-deep-2026-09-27.md","","27","","confirmed","Stored XSS in admin customer detail via name in Delete onclick","2027956b5a218d144290e9762ff52fff7a4a6a16179dd24f4cf8f488b0d3ce40"
"export_sast","docs/results/BankOfEd/boe-grok-4-6-sast-deep-2026-09-27.md","","28","","confirmed","DOM XSS via unsanitized avatar_data in sidebar innerHTML","9d4c978acdf80859796bcb7ef055bddfc86a367449a6772ed88f6eb2e91cdb58"
"export_sast","docs/results/BankOfEd/boe-grok-4-6-sast-deep-2026-09-27.md","","29","","confirmed","Stored XSS via unescaped transaction description on account detail","5032d1c36dc0f0c5d41b4a08510b1da198f8a31a086f241640d982cb9a4352fa"
"export_sast","docs/results/BankOfEd/boe-grok-4-6-sast-deep-2026-09-27.md","","30","","confirmed","Stored XSS via unescaped transaction description on dashboard","c75a4af7b9836a380e1abe34034a4b2aebf4ea7c18b6fc2910c37ce94271b683"
"export_sast","docs/results/BankOfEd/boe-grok-4-6-sast-deep-2026-09-27.md","","31","","confirmed","Unauthenticated admin export dumps all users, hashes, and transactions","420853f18e0600b7ec8aa03240f5dfeec561680e2a440517da47cc39163c8b11"
"export_sast","docs/results/BankOfEd/boe-grok-4-6-sast-deep-2026-09-27.md","","32","","confirmed","JWT decoder ignores signatures, allowing authentication bypass","015a50b36dacb7f5899c9f6c8e390e0f9f54cef2b5821d5cd84023ec53365de9"
"export_sast","docs/results/BankOfEd/boe-grok-4-6-sast-deep-2026-09-27.md","","33","","confirmed","SQL injection in admin customer search","012080dd03d6d13fe5cacea609c1e2370b1893bbf4441e14b86f213039ea1b9b"
"export_sast","docs/results/BankOfEd/boe-grok-4-6-sast-deep-2026-09-27.md","","34","","confirmed","Unauthenticated admin export dumps all users, accounts, and transactions","692bf528530be5c58be88c188f6f4e095606793a3c3de36ba468c77628f81c71"
"export_sast","docs/results/BankOfEd/boe-grok-4-6-sast-deep-2026-09-27.md","","35","","confirmed","SQL injection in admin customer listing fetch query","6838c3e0c3a3a5e579d3cec97a72f70606a9c9d59cf43ce684355afa850f50de"
"export_sast","docs/results/BankOfEd/boe-grok-4-6-sast-deep-2026-09-27.md","","36","","confirmed","Unauthenticated export dumps all users, accounts, cards, and transactions","51cecce4816d906ccba905d43d72fbab4ad2ad18926bdb143e469e8087862220"
"export_sast","docs/results/BankOfEd/boe-grok-4-6-sast-deep-2026-09-27.md","","37","","confirmed","SSRF: avatar proxy fetches attacker-controlled URL and returns the body","fdf7e1f8c99d899cb20bdff1e981d8ce24d4ba8bb8aae5588b47a81c341b2f77"
"export_sast","docs/results/BankOfEd/boe-grok-4-6-sast-deep-2026-09-27.md","","38","","confirmed","IDOR: profile update accepts arbitrary user_id","980b76225e66db090e4dcf0fc61fbf6c968e18d7416a8ec982e41cf4b021ced5"
"export_sast","docs/results/BankOfEd/boe-grok-4-6-sast-deep-2026-09-27.md","","39","","confirmed","Profile and auth responses leak password_hash and totp_secret","8ab8f9cd0c497113c3a7def753399e3536d45ed7dfc1a6fd0a7e236778908f7a"
"export_sast","docs/results/BankOfEd/boe-grok-4-6-sast-deep-2026-09-27.md","","40","","confirmed","SQL injection in admin customer search","87edea427d311a28d08456d7bbfac124fb42c5664a8291e77144009101e17c00"
"export_sast","docs/results/BankOfEd/boe-grok-4-6-sast-deep-2026-09-27.md","","41","","confirmed","SQL injection via unsanitized transaction sort column","b08b7b96acb51cb17bc0e46302884d7fbbae431d91a32df336d85daedcea3184"
"export_sast","docs/results/BankOfEd/boe-grok-4-6-sast-deep-2026-09-27.md","","42","","confirmed","IDOR: any customer can read another user's transaction by ID","b6fa14cfb5995ef361a49b5c4a54555d92e402b70aded06f59b651a8d875d5c2"
"export_sast","docs/results/BankOfEd/boe-grok-4-6-sast-deep-2026-09-27.md","","43","","confirmed","IDOR: external transfer debits any account by ID","da03b4e0dc5129b8c560e9e31c036d5e3f2fe2427da7b5734b507537aec59f41"
"export_sast","docs/results/BankOfEd/boe-grok-4-6-sast-deep-2026-09-27.md","","44","","confirmed","TOTP required for external transfers can be skipped by omitting the code","860a3aaf01cfef48b16f88a9b1bd96ba047afaa50cd98490c705e296a5c09059"
"export_sast","docs/results/BankOfEd/boe-grok-4-6-sast-deep-2026-09-27.md","","45","","confirmed","Card payments skip CVV verification when the field is omitted","5c53140cbff155d79d4c0dda0391f9153d06c50773cd0aaa0349129f398bd04d"
"export_sast","docs/results/BankOfEd/boe-grok-4-6-sast-deep-2026-09-27.md","","46","","dismissed","Payments transfer API does not authenticate the source account holder","033563b0f640730bc4c8f20805d84ed0607bfed420bac68dc8a01c22848610b3"
"export_sast","docs/results/BankOfEd/boe-grok-4-6-sast-deep-2026-09-27.md","","47","","confirmed","Unauthenticated /api/health discloses JWT secret and database credentials","2789fabe74d1f0f256d2bd58332cf3be5eb6d8eba4a5efab5a40696e91e669c8"
"export_sast","docs/results/BankOfEd/boe-grok-4-6-sast-deep-2026-09-27.md","","48","","confirmed","SQL injection via unsanitized sort parameter in transaction listing","c96962e202562d8d43b0ae8e5e28efc10a60489671f87bae44de498fa450ac05"
"export_sast","docs/results/BankOfEd/boe-grok-4-6-sast-deep-2026-09-27.md","","49","","confirmed","BOLA: any authenticated user can read another user's transaction by ID","14d01c61742033648c59e6a4112e62a2807fdc34248ceb78e9c87d9a8afac927"
"export_sast","docs/results/BankOfEd/boe-grok-4-6-sast-deep-2026-09-27.md","","50","","confirmed","Hardcoded machine-token fallback always authenticates payment APIs","bfe69ecb414ebfdcd7a69c2fe9dbc9bd3fe42538b8be01a15c826f06bbed49dd"
"export_sast","docs/results/BankOfEd/boe-grok-4-6-sast-deep-2026-09-27.md","","51","","confirmed","SQL injection via sort in unfiltered transaction query branch","0eb0e2e06308d3fa3352b09ae33a632cc16d52692f9690aa14163fcd47b22c06"
"export_sast","docs/results/BankOfEd/boe-grok-4-6-sast-deep-2026-09-27.md","","52","","confirmed","SQL injection via unsanitized ORDER BY sort parameter","283a2b13481dbfd95ba6015095a55462c6ffca3de5ba2e2490e4dc2865236327"
"export_sast","docs/results/BankOfEd/boe-grok-4-6-sast-deep-2026-09-27.md","","53","","confirmed","User API responses leak password hashes and TOTP secrets","d6e538a477cae3f0597b1c5da9200571f1ba54125dadef428f0996b8c8b3389a"
"export_sast","docs/results/BankOfEd/boe-grok-4-6-sast-deep-2026-09-27.md","","54","","confirmed","IDOR allows updating and reading another user's profile","70e7f6aae74dbcabfb523061b131f6765b235a268631c82376b5dc2172387519"
"export_sast","docs/results/BankOfEd/boe-grok-4-6-sast-deep-2026-09-27.md","","55","","confirmed","Unsalted MD5 used for password hashing and verification","32c8728a4f874f6f8dae69b05e6b6c39fdc90baf0b8531ba5b8d90acb7326c71"
"export_sast","docs/results/BankOfEd/boe-grok-4-6-sast-deep-2026-09-27.md","","56","","confirmed","JWT decoded without signature verification enabling auth bypass","3f531b09416633226d20e33af652c84f65fbb0694d1c48df920a842842566cda"
"export_sast","docs/results/BankOfEd/boe-grok-4-6-sast-deep-2026-09-27.md","","57","","confirmed","External transfer IDOR drains any customer's source account","af2f745b518fe8b0e7e61a21ac994422531166988152e89227b728f88e781e03"
"export_sast","docs/results/BankOfEd/boe-grok-4-6-sast-deep-2026-09-27.md","","58","","confirmed","External transfers skip TOTP even when 2FA is required","8ad1633e89cecb3871f12a30d2ac9389651219681464f66eb2a3ffd1ec6dd8cf"
"export_sast","docs/results/BankOfEd/boe-grok-4-6-sast-deep-2026-09-27.md","","59","","confirmed","External transfers have no source-balance check","ac04baad05c90129c5ecb27dad4e2b2396bd02a4172385da32a7ff927cb6cfcc"
"export_sast","docs/results/BankOfEd/boe-grok-4-6-sast-deep-2026-09-27.md","","60","","confirmed","IDOR: any user can debit another customer's account via external transfer","518e17e464a3e64a2f24762973e789bf33b045a03665003e804ac8b3e3d9db3f"
"export_sast","docs/results/BankOfEd/boe-grok-4-6-sast-deep-2026-09-27.md","","61","","confirmed","External transfers debit accounts with no available-balance check","b64ac89a01e93e3d82e8e22f3f6e3b51f488faa860d19f72a8d15af50a30d660"
"export_sast","docs/results/BankOfEd/boe-grok-4-6-sast-deep-2026-09-27.md","","62","","confirmed","Self-service credit-card limit and loan amount have no upper bound","01c4931ea9ad714aedab86981a480ddac1d062dedf10495439a7f051576fbcdf"
"export_sast","docs/results/BankOfEd/boe-grok-4-6-sast-deep-2026-09-27.md","","63","","confirmed","Full PAN and CVV stored in plaintext and returned by account APIs","614eaa289e572296f6cd125533ce8a864a754cbb18782a84ed464096ecbc9412"
"export_sast","docs/results/BankOfEd/boe-grok-4-6-sast-deep-2026-09-27.md","","64","","confirmed","Card payment API accepts charges without CVV","6ac568fe52a89353b7f51c9dbcdcdf5d894ce1b35018923ef329b5a4ce40e568"
"export_sast","docs/results/BankOfEd/boe-grok-4-6-sast-deep-2026-09-27.md","","65","","confirmed","Unauthenticated /api/health leaks JWT secret and database credentials - Health route is explicitly registered with auth => false.","7200713ed3849adab329f76a7b40a3dc2bd51b81c1536422a4ab1a021a4ce7bb"
"export_sast","docs/results/BankOfEd/boe-grok-4-6-sast-deep-2026-09-27.md","","66","","confirmed","Customer JWT signatures are never verified - AuthMiddleware treats the unverified payload sub as the authenticated user id.","64aadf2a4e2322a33d0d9f1859b22c2e252e4ebea5264bccc7225e6f305bed99"
"export_sast","docs/results/BankOfEd/boe-grok-4-6-sast-deep-2026-09-27.md","","67","","confirmed","External transfers debit any source account without ownership check - Balance is then updated on that unscope-checked account id.","d3dfbdd0c88e6f5ef39497ad45a084034af81a32d9a02b6153b10a767779e59a"
"export_sast","docs/results/BankOfEd/boe-grok-4-6-sast-deep-2026-09-27.md","","68","","confirmed","TOTP step-up on external transfers can be skipped - Users without TOTP enrolled are allowed to complete high-risk external transfers","387cf7c2d1cf3fb576f5b696e2154f38dbbc83bef646d8445cf7f93d5c2e027e"
"export_sast","docs/results/BankOfEd/boe-grok-4-6-sast-deep-2026-09-27.md","","69","","confirmed","Stored XSS in admin customer Delete handler via HTML-entity decoding - Registration and profile update accept arbitrary first_name/last_name with no sa","cc76e8e3da008326fb36c3f9c3ef26981a31b6a6461e561cb49cc0a0c1fe07cc"
"export_sast","docs/results/BankOfEd/boe-grok-4-6-sast-deep-2026-09-27.md","","70","","confirmed","Stored XSS in admin accounts table via account_name onclick - POST /api/accounts stores account_name with only required|string|max:100 and no","b7424564a60a1436956ce16b54381273f17e5c9ed886bbdfb4e7f11726ccea9e"
"export_sast","docs/results/BankOfEd/boe-grok-4-6-sast-deep-2026-09-27.md","","71","","confirmed","Stored XSS in admin customer detail via name in Delete onclick - POST /api/auth/register stores first_name and last_name with only length checks","aafcec6582bc2f6a8f6da99b5140063d44b7962c41ec5e4a7003cc6907aa7720"
"export_sast","docs/results/BankOfEd/boe-grok-4-6-sast-deep-2026-09-27.md","","72","","confirmed","DOM XSS via unsanitized avatar_data in sidebar innerHTML - Server copies unsanitized remote Content-Type into avatar_data data URI","33bcb77dcd6077622d8c66098fe5243d3c7477af2c5bbfefb1512c53da00fc68"
"export_sast","docs/results/BankOfEd/boe-grok-4-6-sast-deep-2026-09-27.md","","73","","confirmed","Stored XSS via unescaped transaction description on account detail - API/transfer layer persists description/payee_name/reference with no HTML saniti","8e205a98ae2a9629280fc8ae9799bd640e588d4bb8a6a8afc860d529761e6920"
"export_sast","docs/results/BankOfEd/boe-grok-4-6-sast-deep-2026-09-27.md","","74","","confirmed","Stored XSS via unescaped transaction description on dashboard - Transfer and payment APIs persist attacker-supplied description/payee/reference","8da81cec26d78f19b42721480a695142ed223c64711469807783cd1730dc17d0"
"export_sast","docs/results/BankOfEd/boe-grok-4-6-sast-deep-2026-09-27.md","","75","","confirmed","Unauthenticated export dumps all users, accounts, cards, and transactions - exportAll() uses SELECT * and returns password hashes, TOTP secrets, full PAN/CV","55fb31e0fe85566c1456e58d41b5439e56e98d6de538e27baaa0f6260643508d"
"export_sast","docs/results/BankOfEd/boe-grok-4-6-sast-deep-2026-09-27.md","","76","","confirmed","SSRF: avatar proxy fetches attacker-controlled URL and returns the body - Fetched response body is returned to the attacker as base64, turning SSRF into a","3f4fae38859c0324e1e5638e248fa580255a1e8dee6d9b1c5471a410b1ff000e"
"export_sast","docs/results/BankOfEd/boe-grok-4-6-sast-deep-2026-09-27.md","","77","","confirmed","IDOR: external transfer debits any account by ID - No remaining-balance check on the external transfer path","51a1d5151061401955c14a37aa6860054477f30f96efa4327dfc15b301b129aa"
"export_sast","docs/results/BankOfEd/boe-grok-4-6-sast-deep-2026-09-27.md","","78","","dismissed","Payments transfer API does not authenticate the source account holder - Allowlist only applies to two token names and includes hardcoded user_id 16","9f7e7576aff11d1efd28857f9d16956c480837a81d26a1a41ba4582da38901c6"
"export_sast","docs/results/BankOfEd/boe-grok-4-6-sast-deep-2026-09-27.md","","79","","confirmed","External transfers debit accounts with no available-balance check - transferOwn only enforces balance for account_type in [transaction, fx], allowin","55bfe374ef5983df8fcb329cee74edebe2b5e950e4d23a8a07869d7ad667a580"
"export_sast","docs/results/BankOfEd/boe-grok-4-6-sast-deep-2026-09-27.md","","80","","confirmed","External transfers debit accounts with no available-balance check - updateBalance has no floor/constraint, so application-level checks are the only","b05f0eba16c636d6f27233f1bc703bb53315a40f5c263e15ab9d22146a0f7e84"
"export_sast","docs/results/BankOfEd/boe-grok-4-6-sast-deep-2026-09-27.md","","81","","confirmed","Self-service credit-card limit and loan amount have no upper bound - loan borrow_amount is validated only as decimal:2 > 0 with no maximum before upd","8f98269a82ea376ee93609168278448d27e65097fd46e4e7d3842d26fd091002"
"export_sast","docs/results/BankOfEd/boe-grok-4-6-sast-deep-2026-09-27.md","","82","","confirmed","Full PAN and CVV stored in plaintext and returned by account APIs - Account::toPublic returns full card_number, card_expiry, and card_cvv to the cli","da9b9cb173fe98d11ed2930a2b50d22c62cda619431043873c2f0fc4c1f568d7"
"export_sast","docs/results/BankOfEd/boe-grok-4-6-sast-deep-2026-09-27.md","","83","","confirmed","Card payment API accepts charges without CVV - Payment process validator does not require cvv","c94f33ae94fcb66d246614f1f55e165b4e1401f3a3ac3e8e3430bbe0b9a94cb2"
"export_sast","docs/results/BankOfEd/boe-sol-5-6-tac-sast-light-2026-09-27.md","","1","","confirmed","Unauthenticated health endpoint exposes JWT signing secret and database configuration","752283f172a3c40f4814be3041658b4feda20e076524c909a6e03bcde72eba58"
"export_sast","docs/results/BankOfEd/boe-sol-5-6-tac-sast-light-2026-09-27.md","","2","","inconclusive","Public health endpoint exposes the JWT signing secret","0665c912bcf11a3d05888591c44420dab06b1cca0781c792c5f269654aa5afbf"
"export_sast","docs/results/BankOfEd/boe-sol-5-6-tac-sast-light-2026-09-27.md","","3","","confirmed","Customer authentication accepts unsigned forged JWTs","5334b3962e673aaf1900ca68b1de579ca4236de6b8fa044c21e5f1edbca90a5e"
"export_sast","docs/results/BankOfEd/boe-sol-5-6-tac-sast-light-2026-09-27.md","","4","","inconclusive","Hard-coded default admin JWT secret enables admin token forgery","d9d757da0c957978746a124496e295c790f45ec5f507d8e1978adecd8448888e"
"export_sast","docs/results/BankOfEd/boe-sol-5-6-tac-sast-light-2026-09-27.md","","5","","confirmed","Public health endpoint exposes the customer JWT signing secret","4b531a40142d44aae12c3313b47328f13e71e706e67b5fb4723570a0ac6e450a"
"export_sast","docs/results/BankOfEd/boe-sol-5-6-tac-sast-light-2026-09-27.md","","6","","confirmed","Published default machine token authorizes money transfers","91df218d6c15a84fdb10cdeac1717e25d08cc0976ff2366d80dce1a8744ecd50"
"export_sast","docs/results/BankOfEd/boe-sol-5-6-tac-sast-light-2026-09-27.md","","7","","confirmed","Hard-coded SSO signing secret permits forged insurance identities","98def973439579924dd106db2ea1887fe9447b7fa06ac76ef3cb818e2bfab790"
"export_sast","docs/results/BankOfEd/boe-sol-5-6-tac-sast-light-2026-09-27.md","","8","","confirmed","SQL injection in admin customer search","198cab9fad6f7eac5d781037735c29970fdd675003cb4c8e3372ecd2a6b83908"
"export_sast","docs/results/BankOfEd/boe-sol-5-6-tac-sast-light-2026-09-27.md","","9","","confirmed","Stored XSS in admin accounts table through account name","25fa420eda6a6c7db354edbfc7a8b5245b2cb2d13a3d56129c944035d27a927d"
"export_sast","docs/results/BankOfEd/boe-sol-5-6-tac-sast-light-2026-09-27.md","","10","","confirmed","Stored XSS in admin customer detail through customer name","f8be26489544b13785614e6a51c2aaee93a340e58844da98a96badbf36e5562a"
"export_sast","docs/results/BankOfEd/boe-sol-5-6-tac-sast-light-2026-09-27.md","","11","","confirmed","Stored XSS in account transaction history","7e6ea190193b39a4223c045f9252ccfb3e872f0b7141f3ff4cd638b2942d3cb1"
"export_sast","docs/results/BankOfEd/boe-sol-5-6-tac-sast-light-2026-09-27.md","","12","","confirmed","Insurance SSO tab can navigate the banking tab","1e135f391689fdcf5ef247ac91381853c5a71037e69633d8b66011c30fe33101"
"export_sast","docs/results/BankOfEd/boe-sol-5-6-tac-sast-light-2026-09-27.md","","13","","confirmed","Stored XSS in dashboard transaction descriptions","0b9e2d20346ae5afee421c6ff21fb4240fe39226b35d9ef539bdf47ac6606e7b"
"export_sast","docs/results/BankOfEd/boe-sol-5-6-tac-sast-light-2026-09-27.md","","14","","confirmed","SQL injection in admin customer search count query","b3348726715110dd0ff27b8594ffd376b8799400d61e5e681f45e4f3a3c175e8"
"export_sast","docs/results/BankOfEd/boe-sol-5-6-tac-sast-light-2026-09-27.md","","15","","confirmed","SQL injection in admin customer search result query","18bc720c684797bf9266971bf650cb4c6d0d8f62262d110dffd880b54d4e1ed3"
"export_sast","docs/results/BankOfEd/boe-sol-5-6-tac-sast-light-2026-09-27.md","","16","","confirmed","External transfer debits an account without checking ownership","ed4c411de95ee9d0735a52fc090de2bfe7d594098ef417e461f20f447848d2f8"
"export_sast","docs/results/BankOfEd/boe-sol-5-6-tac-sast-light-2026-09-27.md","","17","","confirmed","Credit-card CVVs are stored and returned in plaintext","4de7617925094892705e0e0bd549cc5196b01e185b95e3f87aeb80a04a279e11"
"export_sast","docs/results/BankOfEd/boe-sol-5-6-tac-sast-light-2026-09-27.md","","18","","confirmed","Unauthenticated admin export exposes all banking records","db89726d15a2d2f22a33dc05cdbffd876f0cd72a50479cd084e5598f9a51ff13"
"export_sast","docs/results/BankOfEd/boe-sol-5-6-tac-sast-light-2026-09-27.md","","19","","confirmed","Hardcoded fallback machine token permits unauthorized payment requests","18922601d1e241f71a215af0e123e415f41380820fe57bfa0924820e51daf86f"
"export_sast","docs/results/BankOfEd/boe-sol-5-6-tac-sast-light-2026-09-27.md","","20","","confirmed","Avatar proxy allows SSRF and local file disclosure","6f491628ba892d2f58f31408504a5ca27a5220e715a463c9962a5c3ec7bb105b"
"export_sast","docs/results/BankOfEd/boe-sol-5-6-tac-sast-light-2026-09-27.md","","21","","confirmed","Passwords are stored with unsalted MD5","5d0f353b9b0525ccf558b8b779a37808f8a08304958a6fd2ff1331d88e806413"
"export_sast","docs/results/BankOfEd/boe-sol-5-6-tac-sast-light-2026-09-27.md","","22","","pending","Hardcoded admin JWT secret enables token forgery","20fa3a02c048005db2fe5b1ae505a8255c2e85946490829c38660af001691555"
"export_sast","docs/results/BankOfEd/boe-sol-5-6-tac-sast-light-2026-09-27.md","","23","","confirmed","Login accepts weak MD5 password hashes","b296f968a3af42c88785cb9e6f1da1bcc4dd78cff49eedcc678b4335431f40b7"
"export_sast","docs/results/BankOfEd/boe-sol-5-6-tac-sast-light-2026-09-27.md","","24","","confirmed","External transfer debits arbitrary customer accounts","3e95f864eb17c0dff849a3636c9eae854a690bec02ad4d9d742a428028da1296"
"export_sast","docs/results/BankOfEd/boe-sol-5-6-tac-sast-light-2026-09-27.md","","25","","confirmed","External transfer can debit another user's account","a94156791e59af82de55da7222738b4a26005fec865d60e3a203396e7c30b636"
"export_sast","docs/results/BankOfEd/boe-sol-5-6-tac-sast-light-2026-09-27.md","","26","","confirmed","Hard-coded fallback machine token authorizes payment transfers","5604ce0da9966982399f5dd83be46634bada8cbd1c8bcdb8fd0f1d6ba9d3166c"
"export_sast","docs/results/BankOfEd/boe-sol-5-6-tac-sast-light-2026-09-27.md","","27","","confirmed","SQL injection through transaction sort parameter","3b75df738106e7cb979ced19b4bc2d47540f3ef8721d5d444c9f4f7526e68fe5"
"export_sast","docs/results/BankOfEd/boe-sol-5-6-tac-sast-light-2026-09-27.md","","28","","confirmed","Required TOTP can be omitted from external transfers","ab8f12fd60bb4cacc48f24d503a178dd70e3cbd675bb8bbd2c39403eeff8cef2"
"export_sast","docs/results/BankOfEd/boe-sonnet-5-sast-deep-2026-09-27.md","","1","","confirmed","Unauthenticated /api/health endpoint discloses JWT signing secret and DB credentials","7de6693d36f20424403934e4960a89d7bd6e9d7d15556180cc1082c48750bd74"
"export_sast","docs/results/BankOfEd/boe-sonnet-5-sast-deep-2026-09-27.md","","2","","confirmed","Hardcoded default machine_token allows forging machine-to-machine payment authorization","84ba7d8284b2efd9b2df5012d31aa8b15d878fce30eacd4e3cf488e392f5f480"
"export_sast","docs/results/BankOfEd/boe-sonnet-5-sast-deep-2026-09-27.md","","3","","confirmed","Hardcoded default JWT and SSO signing secrets enable token forgery if env vars unset","4236b2a1c884f35e1b759783128fafb713b1c8ed50a467f1dd151169479a45d2"
"export_sast","docs/results/BankOfEd/boe-sonnet-5-sast-deep-2026-09-27.md","","4","","dismissed","CORS misconfiguration: reflected Origin with credentials allowed; cors_origin config is dead code","b2edf644043bf1fa8188ff6c8e9cf2dc21718f89fd0ec119d6acb16544205a34"
"export_sast","docs/results/BankOfEd/boe-sonnet-5-sast-deep-2026-09-27.md","","5","","confirmed","Unauthenticated /api/health endpoint discloses JWT signing secret and DB credentials","f146ff4ad2bf8db62854ff649cdc03d705d6ea3ae5abed65a5b9c5752de77970"
"export_sast","docs/results/BankOfEd/boe-sonnet-5-sast-deep-2026-09-27.md","","6","","confirmed","Hardcoded default machine-to-machine token allows unauthorized fund transfer","8774857485bc5b4465455d67d1d7b11f92452ac74548a2a259412b6f5be6aaa2"
"export_sast","docs/results/BankOfEd/boe-sonnet-5-sast-deep-2026-09-27.md","","7","","confirmed","Hardcoded default JWT secrets for admin and user auth enable token forgery","7151162c96e1b47828ec78ee58be869444f884d47198d77ff179a88a80051d2f"
"export_sast","docs/results/BankOfEd/boe-sonnet-5-sast-deep-2026-09-27.md","","8","","confirmed","Hardcoded default insurance SSO shared secret enables cross-app token forgery","96ad044995336df39cee1cd00b5eb4b0e8bb9ddcf092bcdbaee27a5114253196"
"export_sast","docs/results/BankOfEd/boe-sonnet-5-sast-deep-2026-09-27.md","","9","","confirmed","CORS middleware reflects arbitrary Origin with credentials enabled, ignoring configured cors_origin","93af7378a564d47654817c74d51de757939b41731d1d2a3dfc00f2285e1b732b"
"export_sast","docs/results/BankOfEd/boe-sonnet-5-sast-deep-2026-09-27.md","","10","","confirmed","SQL Injection via unsanitized 'search' GET parameter in Admin customer listing","2f3deaa55c98582a4d7da5e450db8efaff1feb4f5df891e3f7d4d60cbd7e0be2"
"export_sast","docs/results/BankOfEd/boe-sonnet-5-sast-deep-2026-09-27.md","","11","","confirmed","SQL Injection via unsanitized 'sort' GET parameter in transaction history listing","62e786e7391b349548e5a0b8865a584309a2a49a965cdf41607d124d37e3c7d9"
"export_sast","docs/results/BankOfEd/boe-sonnet-5-sast-deep-2026-09-27.md","","12","","confirmed","JWT signature never verified in AuthService::decodeToken - full authentication bypass on banking API","90b15d118b821bfd299cc0296382f054130103c0677fd693da061e1959074243"
"export_sast","docs/results/BankOfEd/boe-sonnet-5-sast-deep-2026-09-27.md","","13","","confirmed","Unauthenticated /api/health endpoint discloses live JWT signing secret","882cfa84be16523f983ebe447f7634574d0521881caab13638fe9f4ddbbf2ecb"
"export_sast","docs/results/BankOfEd/boe-sonnet-5-sast-deep-2026-09-27.md","","14","","confirmed","Stored XSS via escaping-order bug in onclick attribute construction (FX rates / address book pages)","54987c0113f6f9a4e64ca4fc45a20d941f08f8c5c1bf550f4c34ca1749c1d031"
"export_sast","docs/results/BankOfEd/boe-sonnet-5-sast-deep-2026-09-27.md","","15","","confirmed","Unauthenticated /api/health endpoint discloses JWT signing secret and database credentials","cea24e9613f649ecc2e2b90fe7da21fe7720654301edb93c2e629ae76d623940"
"export_sast","docs/results/BankOfEd/boe-sonnet-5-sast-deep-2026-09-27.md","","16","","confirmed","Unauthenticated bulk data export endpoint exposes full users/accounts/transactions tables","da4b4a1a51cac328574e40ed8780a20aba38f545eeec42dd16526304db1325a8"
"export_sast","docs/results/BankOfEd/boe-sonnet-5-sast-deep-2026-09-27.md","","17","","confirmed","Unauthenticated bulk export of all users/accounts/transactions","1d3e416a1a664a26a44e5614d5d1dec215a9baeb9d5252d88136a0492cbd589f"
"export_sast","docs/results/BankOfEd/boe-sonnet-5-sast-deep-2026-09-27.md","","18","","confirmed","Broken object-level authorization in PUT /api/profile via attacker-controlled user_id","ea051eacf0ddb9802f987c8f4523434eb4876e0dd0490e8accd07377877c4f97"
"export_sast","docs/results/BankOfEd/boe-sonnet-5-sast-deep-2026-09-27.md","","19","","confirmed","IDOR: any authenticated user can view any other user's transaction by ID","bd0f51506d85e8d4371c4214b71dea20a4f259643ebd3b02acd728454ff3f1fe"
"export_sast","docs/results/BankOfEd/boe-sonnet-5-sast-deep-2026-09-27.md","","20","","confirmed","Permissive CORS: arbitrary Origin reflected with Allow-Credentials true, cors_origin config unused","866cda9a665ac43b4a9a1ee58ad4b7cb55eb99ff278879847fad985919ea57c6"
"export_sast","docs/results/BankOfEd/boe-sonnet-5-sast-deep-2026-09-27.md","","21","","confirmed","Hardcoded default machine token grants payments-API access if unrotated","c629fefe2d72571b886b8c4c9b64065fcd995d9c9a30b7f1dc57c95b4cd15231"
"export_sast","docs/results/BankOfEd/boe-sonnet-5-sast-deep-2026-09-27.md","","22","","confirmed","Hardcoded default SSO shared secret enables cross-app identity forgery if unrotated","126fecd7ea16dc8941e1a0e174b537dd416de58e4d7cdba0c3d7c451a8e3d83a"
"export_sast","docs/results/BankOfEd/boe-sonnet-5-sast-deep-2026-09-27.md","","23","","confirmed","Hardcoded default admin JWT secret with no enforced override","0aa987aefd6a0b8f240d892b12fae31e412925fea2ce703bbbc17823316dabbe"
"export_sast","docs/results/BankOfEd/boe-sonnet-5-sast-deep-2026-09-27.md","","24","","confirmed","SQL injection via 'search' parameter in admin customer listing","41e0b64f59be7cee097e3cc0c669564e4dbc4d7a5613f650a97c25fc117c3ba5"
"export_sast","docs/results/BankOfEd/boe-sonnet-5-sast-deep-2026-09-27.md","","25","","confirmed","JWT signature not verified in AuthService::decodeToken - full authentication/authorization bypass","7bd7dec0b55717e95df1c38c5b38368b151678b5884bc963354dcedb0f3ac208"
"export_sast","docs/results/BankOfEd/boe-sonnet-5-sast-deep-2026-09-27.md","","26","","confirmed","ProfileController::update lets any authenticated user modify another user's profile via 'user_id' body param","8bc0a40f1bab90bbe037c22e056e40af149f20956f06c3e04734f2f14f7d9a82"
"export_sast","docs/results/BankOfEd/boe-sonnet-5-sast-deep-2026-09-27.md","","27","","confirmed","SSRF in ProfileController::avatarProxy via user-supplied URL","d47e87382385e6171c6a8acb095cc0d9584a945f7fe67b03c9d6084e33fb8ae5"
"export_sast","docs/results/BankOfEd/boe-sonnet-5-sast-deep-2026-09-27.md","","28","","confirmed","Unauthenticated /api/health leaks JWT signing secret and DB credentials","34e8f98d9e519f5da169c8d19ab40abd7523c0889481ccb5c4dcea5c986945ae"
"export_sast","docs/results/BankOfEd/boe-sonnet-5-sast-deep-2026-09-27.md","","29","","confirmed","User::toPublic exposes password_hash and totp_secret to the authenticated client","f74132ce521ca7f0827b7ca38fd2f8697f1e933e8431d0ee4f5944d950f8ac9a"
"export_sast","docs/results/BankOfEd/boe-sonnet-5-sast-deep-2026-09-27.md","","30","","confirmed","Unauthenticated /api/health leaks JWT secret and DB credentials","cd6cb049eb8eb1c1cc2125219824cf058d5df06593e24b54247be2eeacb3fe53"
"export_sast","docs/results/BankOfEd/boe-sonnet-5-sast-deep-2026-09-27.md","","31","","confirmed","BOLA: GET /api/transactions/{id} returns any user's transaction without ownership check","c457cb2e5effc2bfe35a2aa22b654ea2925dd98c1e628b8372f533c1a5205998"
"export_sast","docs/results/BankOfEd/boe-sonnet-5-sast-deep-2026-09-27.md","","32","","confirmed","IDOR in transferExternal: no ownership check on source account allows draining other users' accounts","c467c428b007c14e66403f891258a31110fbcc59ea1cab86d3d30bc535131c2c"
"export_sast","docs/results/BankOfEd/boe-sonnet-5-sast-deep-2026-09-27.md","","33","","confirmed","Stored DOM XSS: transaction description rendered unescaped in account detail view","c992ec798b0cba434e70b6fbe732b5c122933b82d92006af66fc1bdc0dfafb47"
"export_sast","docs/results/BankOfEd/boe-sonnet-5-sast-deep-2026-09-27.md","","34","","confirmed","Stored XSS in admin panel via customer name rendered inside inline event-handler attributes (HTML-entity encoding decoded before JS execution)","259369dfd82c7a3cd4d5efec8ef38ddb887d48d1330c34c86606c54aa713bcc1"
"export_sast","docs/results/BankOfEd/boe-sonnet-5-sast-deep-2026-09-27.md","","35","","confirmed","IDOR: transferExternal allows draining funds from any account (no ownership check)","751181eba3991a018bb436b47f6b883b2e13833d410b5b1b12d4406e267875f1"
"export_sast","docs/results/BankOfEd/boe-sonnet-5-sast-deep-2026-09-27.md","","36","","confirmed","SSRF/LFI in avatarProxy via unrestricted file_get_contents($data['url'])","b2da2599da980c50cd07c98d676130c46a807405438af3381dd77415a708e327"
"export_sast","docs/results/BankOfEd/boe-sonnet-5-sast-deep-2026-09-27.md","","37","","confirmed","Reflected XSS via avatar source_url rendered with jQuery .html()","cb6558b2b4863b5976fd12bcae909f5365ad6aad834eeb0ed9c1e08559735c5f"
"export_sast","docs/results/BankOfEd/boe-sonnet-5-sast-deep-2026-09-27.md","","38","","confirmed","Stored/Reflected XSS via unescaped transaction description on dashboard","3bb86c6802eb8b5b1f73d5de1a2e5e7f099ffabea67f22a0de51ed36c1038548"
"export_sast","docs/results/BankOfEd/boe-sonnet-5-sast-deep-2026-09-27.md","","39","","confirmed","BOLA: ProfileController::update allows overwriting any user's profile via 'user_id' body parameter","e81851aac42276f2f73834d9625231a105e383f060cec6cd62203670b5545508"
"export_sast","docs/results/BankOfEd/boe-sonnet-5-sast-deep-2026-09-27.md","","40","","confirmed","Sensitive fields (password_hash, totp_secret) leaked in profile/auth API responses","98cdcde43c2002779954eb8d8d0ce2f16cb9bcb121658c848079447f342eab49"
"export_sast","docs/results/BankOfEd/boe-sonnet-5-sast-deep-2026-09-27.md","","41","","confirmed","No rate limiting / lockout on TOTP verification allows brute-forcing 6-digit codes","2299682f99485c67c821b3200dbdf6a077466b9f9a0594ecf1ee758b6bd94e74"
"export_sast","docs/results/BankOfEd/boe-sonnet-5-sast-deep-2026-09-27.md","","42","","confirmed","SQL Injection in admin customer search (AdminUserController::index)","9528f8e9ff765bca8b59f7ab0d2a474e6f7985e55cc97225de852b350ee76854"
"export_sast","docs/results/BankOfEd/boe-sonnet-5-sast-deep-2026-09-27.md","","43","","confirmed","Unauthenticated full customer/account/transaction data export endpoint","5e01c944cadca65d9a32f22f0fb6959678eb01be1359bb758cfc58e6459de882"
"export_sast","docs/results/BankOfEd/boe-sonnet-5-sast-deep-2026-09-27.md","","44","","confirmed","Unauthenticated /api/health endpoint leaks JWT signing secret and DB credentials","e3cf6522e866dd98f076b00a19e3b203a2c2275f9c53e88a8e6ee1409c2cc4f9"
"export_sast","docs/results/BankOfEd/boe-sonnet-5-sast-deep-2026-09-27.md","","45","","confirmed","IDOR: any authenticated user can view any other user's transaction by id","10024b5d2edb175fad0735ede5445d94032ab1f26c1a57a9381c1e2ea5ef4621"
"export_sast","docs/results/BankOfEd/boe-sonnet-5-sast-deep-2026-09-27.md","","46","","confirmed","Stored DOM XSS via account_name breaking out of onclick attribute in admin Accounts page","67dedd84b067ec6a3d8313c2c79a2e34118f7fed9ccbd1ca740e5f009342fdb0"
"export_sast","docs/results/BankOfEd/boe-sonnet-5-sast-deep-2026-09-27.md","","47","","confirmed","Stored DOM XSS via first_name/last_name breaking out of onclick attribute in admin Customer detail page","ae95c4f169ac09b1a45d94dea372e3a2cd01ca18c7fa00e4a090e5e85ea8bd9b"
"export_sast","docs/results/BankOfEd/boe-sonnet-5-sast-deep-2026-09-27.md","","48","","confirmed","SSRF via unrestricted avatar URL fetch (file_get_contents) triggered from client importAvatar","0b280392d380d19a898080d430c38565deff1530c7a12523746fdacbbd9e23f6"
"export_sast","docs/results/BankOfEd/boe-sonnet-5-sast-deep-2026-09-27.md","","49","","confirmed","Stored self-XSS via unescaped Content-Type header reflected into avatar data-URI rendered with innerHTML","af882d34bfb988288ee2ec591324ea688188e0cdc92121cb05cb7091df43d409"
"export_sast","docs/results/BankOfEd/boe-sonnet-5-sast-deep-2026-09-27.md","","50","","confirmed","JWT signature verification bypass in customer AuthMiddleware (token forgery / auth bypass)","5e15de2274626a501c35e563717aefc0e52d8777a8b1936323abdf7bbb920d38"
"export_sast","docs/results/BankOfEd/boe-sonnet-5-sast-deep-2026-09-27.md","","51","","confirmed","JWT signing secret and DB credentials disclosed via public /api/health endpoint","62c90d54bbd21bdf4da4b03fe34b96e7a32b1955bcb06f6a79754e44017f1546"
"export_sast","docs/results/BankOfEd/boe-sonnet-5-sast-deep-2026-09-27.md","","52","","confirmed","Stored XSS via transaction description rendered without escaping in account transaction history","b6da66d6ed03edbac8df0e1b99b22e0be036957136edc727925306092265ea63"
"export_sast","docs/results/BankOfEd/boe-sonnet-5-sast-deep-2026-09-27.md","","53","","confirmed","Stored XSS via unescaped transaction description in account transaction list","55251d65d17451d2029cea9dea5667b9e07bd9cdef70cc5cf1b9c32ab134289b"
"export_sast","docs/results/BankOfEd/boe-sonnet-5-sast-deep-2026-09-27.md","","54","","confirmed","Stored XSS via transaction description rendered without HTML-escaping","770c98dbd03297737c73f6eaf05a32c1b65705fce428639c6fb7c17f2a4e20e9"
"export_sast","docs/results/BankOfEd/boe-sonnet-5-sast-deep-2026-09-27.md","","55","","confirmed","SSRF / local file read via unvalidated avatar import URL","75860aa9f26ca81a7c58e7aaabba49493df5c836fc3af54207e3105f5ae6fe65"
"export_sast","docs/results/BankOfEd/boe-sonnet-5-sast-deep-2026-09-27.md","","56","","confirmed","DOM XSS via unescaped avatar source_url / Content-Type header in renderAvatar","1d0b277694b42fb388f3e9ef7bca94cd09c06ed1327f09b69b8f8e1d7873b6f8"
"export_sast","docs/results/BankOfEd/boe-sonnet-5-sast-deep-2026-09-27.md","","57","","confirmed","Unauthenticated /api/health endpoint leaks JWT signing secret and DB credentials","5f96bae1007316e6bb9fe8002cf99b9a58a4b466ef27e58d6a0a5d95a51037c4"
"export_sast","docs/results/BankOfEd/boe-sonnet-5-sast-deep-2026-09-27.md","","58","","confirmed","Broken Object Level Authorization in profile update via attacker-supplied user_id","d1780b820a7120a011e9fda3601b18af664185df05d11f514f5a6c1de179c21e"
"export_sast","docs/results/BankOfEd/boe-sonnet-5-sast-deep-2026-09-27.md","","59","","confirmed","SSRF via unrestricted server-side fetch of user-supplied URL in avatar proxy","4730f28678e9adf999832d4c588719b9dba6366672e1fb6d6587439bd9a9c266"
"export_sast","docs/results/BankOfEd/boe-sonnet-5-sast-deep-2026-09-27.md","","60","","confirmed","SQL Injection in admin customer search (AdminUserController::index)","9c78d4a0ecef10fcf9ca0c82730cadf2f9e1e1e46fa6f47c84cd560f8cd8dbd6"
"export_sast","docs/results/BankOfEd/boe-sonnet-5-sast-deep-2026-09-27.md","","61","","confirmed","Hardcoded fallback JWT secret for admin panel authentication","c21effadff7ab078a375ff66333f27857298f7e02b7596d227aaecb11912c89f"
"export_sast","docs/results/BankOfEd/boe-sonnet-5-sast-deep-2026-09-27.md","","62","","confirmed","Unauthenticated full database export endpoint discloses all users, accounts, and transactions","5c713e840f6c77cd00466d0c5fcc2719381ed42147a785c8605f42b89e6e7ba8"
"export_sast","docs/results/BankOfEd/boe-sonnet-5-sast-deep-2026-09-27.md","","63","","confirmed","SQL injection via unvalidated 'sort' GET parameter in Transaction::findByUser (ORDER BY clause)","f8d4b32330b48bb1ae722338b8e4e4b792234dec366f5837d4e81abdfbba103b"
"export_sast","docs/results/BankOfEd/boe-sonnet-5-sast-deep-2026-09-27.md","","64","","confirmed","SQL injection via unvalidated 'sort' GET parameter in Transaction::findByUser (no accountId branch)","8eecdad2cac73a7c17be2e187c5e70da5261f243b2e3855b79afd87f17fc64ab"
"export_sast","docs/results/BankOfEd/boe-sonnet-5-sast-deep-2026-09-27.md","","65","","confirmed","SQL injection in admin customer search via unsanitized LIKE interpolation","439bb0b94b765801ec335b930e161349228fbfda098aaf3eff2c9bfa9b56f713"
"export_sast","docs/results/BankOfEd/boe-sonnet-5-sast-deep-2026-09-27.md","","66","","confirmed","SQL injection via unsanitized `sort` parameter in transaction listing ORDER BY clause","e7bb552cf37f693b97fcfdba4611bf25a10014698f7ea57fd741e7e651de8e0d"
"export_sast","docs/results/BankOfEd/boe-sonnet-5-sast-deep-2026-09-27.md","","67","","confirmed","Unauthenticated admin data export exposes all users, accounts, and transactions","d8a5b5d2e3d75f830f97a065e76e1085b8b0d78185fc54b63e7f397973d4693f"
"export_sast","docs/results/BankOfEd/boe-sonnet-5-sast-deep-2026-09-27.md","","68","","confirmed","SSRF via unrestricted user-supplied URL in avatar proxy","305898e55e00de4ced9645da7d0739137ff5a6868a06607e4a9be431e1d84ef3"
"export_sast","docs/results/BankOfEd/boe-sonnet-5-sast-deep-2026-09-27.md","","69","","confirmed","IDOR: any authenticated user can view any transaction by ID","245e3d6fcec5958b6d418dad94376ebbd78b2151c9c841057e1d186eb1a1c6d5"
"export_sast","docs/results/BankOfEd/boe-sonnet-5-sast-deep-2026-09-27.md","","70","","confirmed","JWT signature verification bypassed - full authentication bypass","d06ef685b7a54bdf7aa90520ec859cb874a560d92fd7c8ddf6e97aa585bf12f4"
"export_sast","docs/results/BankOfEd/boe-sonnet-5-sast-deep-2026-09-27.md","","71","","confirmed","BOLA: profile update accepts attacker-controlled user_id to modify any account","e038844aa6cc329d225d22b8706682755f1b819bd7c0fe09f817c7bf5ec8e5cf"
"export_sast","docs/results/BankOfEd/boe-sonnet-5-sast-deep-2026-09-27.md","","72","","confirmed","Sensitive fields (password_hash, totp_secret) exposed in profile API responses","f91b7f621051cd2f134f31f82df5c126db69c78b76841b5359edc632fc2d8245"
"export_sast","docs/results/BankOfEd/boe-sonnet-5-sast-deep-2026-09-27.md","","73","","confirmed","Weak password hashing algorithm (MD5) for legacy accounts","d8d530118e749d7d2fb4f0f671052a2b1a965d6699d3dd6dccd669eadd65a49d"
"export_sast","docs/results/BankOfEd/boe-sonnet-5-sast-deep-2026-09-27.md","","74","","confirmed","Unauthenticated /api/health leaks JWT signing secret and DB credentials","e35c2488e6a25e71c4368aca6a2937e0c2d5be5143caf9e7e9e06d72844f350b"
"export_sast","docs/results/BankOfEd/boe-sonnet-5-sast-deep-2026-09-27.md","","75","","confirmed","Internal exception details (stack trace, file path) leaked to API clients","62269d558a25d426c2ee6a7597dacf69679493bf7591894f888f42293f3b8c8f"
"export_sast","docs/results/BankOfEd/boe-sonnet-5-sast-deep-2026-09-27.md","","76","","confirmed","Passwords hashed with unsalted MD5","03f4f04e592179141f0b98d848c0f7d6ee58cadf0b7e6646a61460431224f128"
"export_sast","docs/results/BankOfEd/boe-sonnet-5-sast-deep-2026-09-27.md","","77","","confirmed","IDOR: transferExternal() debits any account by ID with no ownership check","30e152687313acb71c3cff9aca10b5036880f7da348cabb1ab844a4d37e86baa"
"export_sast","docs/results/BankOfEd/boe-sonnet-5-sast-deep-2026-09-27.md","","78","","confirmed","TOTP/2FA bypass: external transfers proceed without TOTP when user has not enabled 2FA","356f40444fd740725edadfe4e38ad6d67df5a0e783dd6dd6b8b4b3358516a1e6"
"export_sast","docs/results/BankOfEd/boe-sonnet-5-sast-deep-2026-09-27.md","","79","","confirmed","JWT signature never verified - auth tokens can be forged","977a09061afde50fba7255bc4949394a5ffd4eb325dae004d8476e30a82cc4f2"
"export_sast","docs/results/BankOfEd/boe-sonnet-5-sast-deep-2026-09-27.md","","80","","confirmed","Broken access control: any authenticated user can modify another user's profile via user_id parameter","a1f58f60a7bf874fa73758cb85950f8c1eb949239e7db3b56f423a6fffe90a22"
"export_sast","docs/results/BankOfEd/boe-sonnet-5-sast-deep-2026-09-27.md","","81","","confirmed","Health endpoint discloses JWT signing secret and DB credentials","ed4d8bb8501cb24c4964c2da22df356d9265602a53afcd5499ad88bd1749a934"
"export_sast","docs/results/BankOfEd/boe-sonnet-5-sast-deep-2026-09-27.md","","82","","confirmed","SSRF in avatar proxy - server fetches arbitrary attacker-supplied URL","04fc34aaf62820b65bf3c6d7ea31cdc9d7484cabcf1ed6a475f494ac49a0bb02"
"export_sast","docs/results/BankOfEd/boe-sonnet-5-sast-deep-2026-09-27.md","","83","","confirmed","SQL injection via unsanitized ORDER BY column name in transaction history sort parameter","c95fc5883bce19f49eadce7a87e5494aaf28028ddca45cb60df4b411feea4fc9"
"export_sast","docs/results/BankOfEd/boe-sonnet-5-sast-deep-2026-09-27.md","","84","","dismissed","CORS misconfiguration: reflected Origin with credentials allowed; cors_origin config is dead code - Unused/dead cors_origin configuration gives false impression of origin restricti","8470825c98aeafc9c7ecfa07cd1b3cd3c66ea790e1aca4fc9e27a7f85228ba5b"
"export_sast","docs/results/BankOfEd/boe-sonnet-5-sast-deep-2026-09-27.md","","85","","confirmed","Hardcoded default JWT secrets for admin and user auth enable token forgery - Hardcoded default user JWT secret","e832cd1993bb3a34785c0550f24e455f355aaced360b59ff149d9ea882d6726e"
"export_sast","docs/results/BankOfEd/boe-sonnet-5-sast-deep-2026-09-27.md","","86","","confirmed","Unauthenticated /api/health leaks JWT secret and DB credentials - Endpoint is reachable without authentication","c3986789ac80a8a6f66d654f8a1a75a8a4dbad9ddbba47a596ae6dd79b4cb59d"
"export_sast","docs/results/BankOfEd/boe-sonnet-5-sast-deep-2026-09-27.md","","87","","confirmed","Stored XSS in admin panel via customer name rendered inside inline event-handler attributes (HTML-entity encoding decoded before JS execution) - No server-side restriction / output-context-aware encoding of user-supplied firs","9316c7fabc50c29be9721ff3f596497e67318f51393696b0452048cf14732fc3"
"export_sast","docs/results/BankOfEd/boe-sonnet-5-sast-deep-2026-09-27.md","","88","","confirmed","Stored DOM XSS via account_name breaking out of onclick attribute in admin Accounts page - No server-side sanitization or character restriction on account_name allowing qu","b28a4feef2b71c7a6453cb683077fbe10f7b5e2ad90ef6ff9c2b5a46ce197ada"
"export_sast","docs/results/BankOfEd/boe-sonnet-5-sast-deep-2026-09-27.md","","89","","confirmed","Stored DOM XSS via first_name/last_name breaking out of onclick attribute in admin Customer detail page - No character/quote restriction on user-supplied first_name/last_name at registra","247b83ddb71b5d74c46dfd722a6278120cd579dc1a56b78b2c59ad95869a9cd0"
"export_sast","docs/results/BankOfEd/boe-sonnet-5-sast-deep-2026-09-27.md","","90","","confirmed","Stored self-XSS via unescaped Content-Type header reflected into avatar data-URI rendered with innerHTML - Client renders untrusted avatar_data via innerHTML instead of setting the img sr","c54fc8e6f3a70110b082c71804475b587b6ce041096c8a48d4970e2b255e11a1"
"export_sast","docs/results/BankOfEd/boe-sonnet-5-sast-deep-2026-09-27.md","","91","","confirmed","Stored XSS via transaction description rendered without escaping in account transaction history - Missing output encoding of tx.description in dashboard.js recent transactions wi","0ef089d69f094ab0dd533788d73b0081a66ac995760774b9995a1c079daf170e"
"export_sast","docs/results/BankOfEd/boe-sonnet-5-sast-deep-2026-09-27.md","","92","","confirmed","Stored XSS via transaction description rendered without escaping in account transaction history - Missing server-side sanitization of user-supplied description field before persi","e946db8b644e0ebd11a1374ed7d3974d279afe1c486e829914c3f24f2842218b"
"export_sast","docs/results/BankOfEd/boe-sonnet-5-sast-deep-2026-09-27.md","","93","","confirmed","Stored XSS via unescaped transaction description in account transaction list - Missing input sanitization/HTML-stripping of description field server-side in Tr","24994dd61a346c0f59b864baf187b26f94fc4ecb3373279b7f68ae882b0914e7"
"export_sast","docs/results/BankOfEd/boe-sonnet-5-sast-deep-2026-09-27.md","","94","","confirmed","Stored XSS via transaction description rendered without HTML-escaping - Missing/insufficient server-side sanitization of user-supplied transfer descript","0f56c624519e226e753c802e7257ca244967019bc2311240da675782bfb3bc0b"
"export_sast","docs/results/BankOfEd/boe-sonnet-5-sast-deep-2026-09-27.md","","95","","confirmed","Unauthenticated /api/health endpoint leaks JWT signing secret and DB credentials - Endpoint is not gated behind authentication despite exposing sensitive configura","ce941408a17597eebcefc37ecf445c6ad9b5bfb76fe23816c4081d808da39cb5"
"export_sast","docs/results/BankOfEd/boe-sonnet-5-sast-deep-2026-09-27.md","","96","","confirmed","TOTP/2FA bypass: external transfers proceed without TOTP when user has not enabled 2FA - Fail-open TOTP enforcement when totp_code is omitted even though 2FA is enabled","82514a8f3c2217a38860456a5a2c0aa2d13d964b64b7972be682faa99b76a590"
"export_sast","docs/results/BankOfEd/boe-sonnet-5-sast-light-2026-09-27.md","","1","","confirmed","Unauthenticated /api/health endpoint discloses JWT secret and DB credentials","6e5c738fa857b3ccdb53122edce0731f9e89d716cd8f8f4df41b4f4d1e97b8e1"
"export_sast","docs/results/BankOfEd/boe-sonnet-5-sast-light-2026-09-27.md","","2","","confirmed","Hardcoded default admin JWT signing secret","5cf6354500d68935f5a818976d4a832ccea919bba8b0fca7a6adb3bdf9c03acf"
"export_sast","docs/results/BankOfEd/boe-sonnet-5-sast-light-2026-09-27.md","","3","","dismissed","Hardcoded default customer JWT signing secret enables auth forgery","a6b3ea512e2acd2b6e58e307af1054cec942b265cbdd4c2079fa6e234fab07d5"
"export_sast","docs/results/BankOfEd/boe-sonnet-5-sast-light-2026-09-27.md","","4","","confirmed","Hardcoded default SSO shared secret allows forged insurance SSO tokens","81848c920577a547979772a0f0a0571c37541de67ad0681b84b881158594eab2"
"export_sast","docs/results/BankOfEd/boe-sonnet-5-sast-light-2026-09-27.md","","5","","confirmed","Hardcoded default machine token allows unauthenticated payment initiation","e4566c0023f68b8867fe56dab1b533dca8b5818624762e8bfdf33ad59351ee0b"
"export_sast","docs/results/BankOfEd/boe-sonnet-5-sast-light-2026-09-27.md","","6","","dismissed","CORS reflects arbitrary Origin with credentials enabled; cors_origin config unused","accecb2a2b6f21d1777d4090499cd9ff52facf76260942147d15421e1b53a094"
"export_sast","docs/results/BankOfEd/boe-sonnet-5-sast-light-2026-09-27.md","","7","","confirmed","Unauthenticated /api/health endpoint leaks JWT secret and DB credentials","5cab31ab6d3cefc4af6ec66091799d5c3f41e7a120f2b16483c5cb9b4830da6f"
"export_sast","docs/results/BankOfEd/boe-sonnet-5-sast-light-2026-09-27.md","","8","","confirmed","Unauthenticated /api/health endpoint leaks JWT secret and DB credentials","5a5c45a1e9dca98da5a394aaf9fe54ab172d0dc33b64108c753f7f4c69940866"
"export_sast","docs/results/BankOfEd/boe-sonnet-5-sast-light-2026-09-27.md","","9","","confirmed","Hardcoded default JWT secret for admin panel enables admin token forgery","940bea8f066cc8ff58ef20cfe952505a25f959ab16828446c286afd487890a2b"
"export_sast","docs/results/BankOfEd/boe-sonnet-5-sast-light-2026-09-27.md","","10","","confirmed","Unauthenticated /api/health endpoint discloses JWT signing secret and DB credentials","9faccaabb0a6ae225981fe559d426d6b71e4c12b19228f7e4498e998c3591eab"
"export_sast","docs/results/BankOfEd/boe-sonnet-5-sast-light-2026-09-27.md","","11","","confirmed","Hardcoded default insurance SSO shared secret allows forging cross-app SSO tokens","933b8330dde170ba6795b8c6b0a734fcc7ad9807c178f87a914f7b5c3c448951"
"export_sast","docs/results/BankOfEd/boe-sonnet-5-sast-light-2026-09-27.md","","12","","confirmed","Hardcoded default machine token grants unauthenticated access to payment/transfer endpoints","33813845c1402fc08b87f69de1a812d7c9463c15fc1f3fac2c241d478e1432fa"
"export_sast","docs/results/BankOfEd/boe-sonnet-5-sast-light-2026-09-27.md","","13","","confirmed","Stored XSS in admin panel via broken JS-string escaping in dynamically-generated onclick handlers rendered through innerHTML","9ab49408a9151e5e6790fc403f801f16e742ff65f1b7c6170dd0acd8326889bc"
"export_sast","docs/results/BankOfEd/boe-sonnet-5-sast-light-2026-09-27.md","","14","","confirmed","DOM-based XSS via HTML-entity double-decoding in admin onclick attribute (account_name)","fb6306579b4aa16525012466d4ca296b0838dcc232f002d306ed94ef0d0d545b"
"export_sast","docs/results/BankOfEd/boe-sonnet-5-sast-light-2026-09-27.md","","15","","confirmed","DOM-based XSS via HTML-entity double-decoding in admin onclick attribute (customer name)","3ec917a5e4b0287667cdadf40205e747c5cde5974c7bc36507e04323f3e4b985"
"export_sast","docs/results/BankOfEd/boe-sonnet-5-sast-light-2026-09-27.md","","16","","confirmed","Stored XSS via avatar import: attacker-controlled Content-Type header injected into innerHTML-rendered data URI","6c1cc7976dc484365e34dcd469cfa26c6fbe1723e103186773d33f77c9d5855e"
"export_sast","docs/results/BankOfEd/boe-sonnet-5-sast-light-2026-09-27.md","","17","","confirmed","Stored XSS in admin FX Rates table via onclick attribute injection (currency_name)","0a40219c67961404d39cd2a1adf22baec3a0f5649456ceab62ef344daaac2a66"
"export_sast","docs/results/BankOfEd/boe-sonnet-5-sast-light-2026-09-27.md","","18","","confirmed","Stored XSS sink: unsanitized FX rate data written via innerHTML in admin panel","ad7d4059dbef0139636a82d9179c361755d14b9921fc8ce7fcaeeff3e4770cdf"
"export_sast","docs/results/BankOfEd/boe-sonnet-5-sast-light-2026-09-27.md","","19","","confirmed","Stored XSS via unescaped transaction description in account transaction history","da2a78eb05547d81de93086a4557a73312cb6dcb6fa60e9017d664b0e476f7d8"
"export_sast","docs/results/BankOfEd/boe-sonnet-5-sast-light-2026-09-27.md","","20","","confirmed","Stored XSS via unescaped transaction description in account transaction history","75a420b8633803138a9ddbca4e8fd6be531f1ab1115b80f931a46130d60c0eba"
"export_sast","docs/results/BankOfEd/boe-sonnet-5-sast-light-2026-09-27.md","","21","","confirmed","Stored XSS via unescaped transaction description on dashboard","32711a23d75ccc64c6acf76e3f0d6727f8bad6a8f678c37d2034ccb8008c2d84"
"export_sast","docs/results/BankOfEd/boe-sonnet-5-sast-light-2026-09-27.md","","22","","confirmed","Stored XSS sink: innerHTML write of transaction list containing unescaped description","95df4bb0c66d7506b5bffeaa2bcff7d061134535c153bc6850533a410a4a5505"
"export_sast","docs/results/BankOfEd/boe-sonnet-5-sast-light-2026-09-27.md","","23","","confirmed","Self-stored XSS via unescaped avatar source_url/avatar_data rendering","2697ee9eb124d383453acb3c42b28961483400702a5f357fa3bfc8aafa918e4d"
"export_sast","docs/results/BankOfEd/boe-sonnet-5-sast-light-2026-09-27.md","","24","","confirmed","SQL Injection via 'search' parameter in Admin Customer List endpoint","52eb82232bc351ce60ee460130ba029177a23778221d26701562a3a0d0a71877"
"export_sast","docs/results/BankOfEd/boe-sonnet-5-sast-light-2026-09-27.md","","25","","confirmed","SQL Injection via 'search' parameter in Admin Customer List (fetch query)","871f9dfc394df9298f561051fdf57534ea9e79bd2c2f0acd7f3d2a05fec24c1b"
"export_sast","docs/results/BankOfEd/boe-sonnet-5-sast-light-2026-09-27.md","","26","","confirmed","Unauthenticated /api/health endpoint leaks JWT signing secret and DB credentials","c9f688a86a73f86776007e4e3196cb2069a5058ea090f216b4d3cc77693c3946"
"export_sast","docs/results/BankOfEd/boe-sonnet-5-sast-light-2026-09-27.md","","27","","confirmed","JWT signature never verified in AuthService::decodeToken - full authentication bypass affecting TOTP verify and all AuthMiddleware-protected routes","b72feec26dd079db59cc2a2aa49db742ee148f5ab31fe86189f8a0aacaee5645"
"export_sast","docs/results/BankOfEd/boe-sonnet-5-sast-light-2026-09-27.md","","28","","confirmed","SQL Injection via unsanitized 'sort' GET parameter in transaction history query","5ea8d7a0d848c8f8d6b36b148f83246f9b850440d779fdb91c92a675b755cd08"
"export_sast","docs/results/BankOfEd/boe-sonnet-5-sast-light-2026-09-27.md","","29","","confirmed","SQL Injection via unsanitized 'sort' GET parameter (default account_id path)","d13e3bad824c5bca868df6a1210a2cb261823e5d62647e8fb4ef7ed1d2b09ffe"
"export_sast","docs/results/BankOfEd/boe-sonnet-5-sast-light-2026-09-27.md","","30","","confirmed","SQL injection via search parameter in AdminUserController::index","3ba320b7b46aa5e25642b429f18095a521710d33211ba19f1947b0a1f8c4a04f"
"export_sast","docs/results/BankOfEd/boe-sonnet-5-sast-light-2026-09-27.md","","31","","confirmed","Unauthenticated full database export endpoint leaks password hashes and TOTP secrets","55efa7213f6fa058f90155e1adcc742f11c1842beed5f61499ce6983159c802d"
"export_sast","docs/results/BankOfEd/boe-sonnet-5-sast-light-2026-09-27.md","","32","","confirmed","Broken authorization in machine-to-machine funds transfer allows draining arbitrary customer accounts","d95feb80d65597174d1d36d376d810b82088415c30f74a1ff69d2009aa9656b7"
"export_sast","docs/results/BankOfEd/boe-sonnet-5-sast-light-2026-09-27.md","","33","","confirmed","SSRF via unrestricted avatar URL fetch in ProfileController::avatarProxy","60a6d8f3c9b8e957c0abb63412f94f7f55d900e8090d7c69e9e559b874174ca8"
"export_sast","docs/results/BankOfEd/boe-sonnet-5-sast-light-2026-09-27.md","","34","","confirmed","Passwords hashed with unsalted MD5 instead of a secure algorithm","68331f8154c6c04fecd16f8aed4d8c83f889c901fd8ff5bb5addd58a4c963afd"
"export_sast","docs/results/BankOfEd/boe-sonnet-5-sast-light-2026-09-27.md","","35","","confirmed","JWT signature not verified when decoding bearer tokens (auth bypass / forgery)","f5a6b7ad6ad750b208b0ff29a0ce56c3d0bc0bae76533110d3c4079b1a7c099e"
"export_sast","docs/results/BankOfEd/boe-sonnet-5-sast-light-2026-09-27.md","","36","","confirmed","IDOR: external transfer source account not verified to belong to the authenticated user","96220f8d0fbb2a072b0ae01a7b7658e6affbcbd72e3feab921cc1bbb6bb421e1"
"export_sast","docs/results/BankOfEd/boe-sonnet-5-sast-light-2026-09-27.md","","37","","confirmed","TOTP/2FA can be bypassed for external transfers when not configured or code omitted","1cf695540ba254b6327bc00b014588ee834f3bf4a7692144b82b951888635079"
"export_sast","docs/results/BankOfEd/boe-sonnet-5-sast-light-2026-09-27.md","","38","","confirmed","IDOR in ProfileController::update leaks any user's password hash and TOTP secret (full account takeover)","4234d661a47131c372082ffa150cbfaa75e92c0eb37e241e1b534476f14b80ac"
"export_sast","docs/results/BankOfEd/boe-sonnet-5-sast-light-2026-09-27.md","","39","","confirmed","BOLA in TransactionController::show allows viewing any user's transaction by ID","b301d1c9fc61fc47009c32a1424fd7da89e1bcec91f8874c0c977780994d2f27"
